user_id,recommendation
0,1 24 21 2 20 0 17 7 6 13
1,31 33 35 29 32 36 38 39 30 34
2,80 94 92 76 52 79 50 72 59 44
3,127 157 145 132 140 134 116 155 162 151
4,192 202 204 203 205 200 191 196 195 194
5,212 221 222 219 223 218 213 217 216 224
6,229 230 231 232 5638 3862 13950 10867 13988 12981
7,246 240 236 245 250 242 243 247 238 249
8,257 258 256 14887 14417 5920 14986 6094 14483 12568
9,262 264 261 263 4381 1556 11063 7954 275 13709
10,273 269 271 274 268 270 272 13231 13716 11445
11,279 277 280 278 14959 5997 6600 13640 13668 11237
12,286 282 284 287 285 290 133 292 293 288
13,307 327 313 321 303 335 319 300 316 320
14,351 339 346 341 343 344 342 340 348 349
15,354 356 355 14411 6744 12532 12531 13551 13023 15141
16,359 360 361 15258 14333 15094 15259 2742 12098 2820
17,363 365 364 9540 14981 12829 12487 7583 10904 11916
18,367 368 6218 5851 13198 13197 4806 13199 1672 10446
19,377 372 370 371 383 389 385 381 376 388
20,393 401 398 397 402 394 396 399 395 400
21,405 404 403 406 1166 2820 1323 12426 1535 2742
22,409 411 296 410 7522 7767 14174 11591 8218 9442
23,497 446 474 470 498 444 458 432 425 501
24,532 534 530 533 535 536 531 537 538 526
25,544 545 539 543 541 548 540 547 549 542
26,553 557 552 555 558 554 556 14532 5757 10732
27,564 565 566 574 571 570 562 561 568 573
28,577 323 578 583 579 580 14094 581 582 13286
29,592 596 83 593 587 589 590 591 600 599
30,615 610 614 606 619 623 604 611 613 628
31,169 634 14297 149 466 8074 165 686 2262 2309
32,643 639 642 638 636 641 645 644 637 640
33,648 650 649 7688 3288 642 11812 922 1160 11272
34,659 653 466 658 654 657 656 661 288 660
35,665 666 667 10245 3479 2350 9991 7483 3369 1160
36,669 7849 2089 4131 7579 11213 2655 7848 10834 4176
37,670 671 672 10090 10089 10091 10087 10074 5868 4037
38,682 708 681 693 706 692 690 356 701 709
39,718 719 720 721 13216 11236 7179 15225 14268 14495
40,584 726 730 731 728 725 733 723 729 732
41,833 767 793 755 829 751 828 735 776 761
42,884 886 868 882 869 865 874 881 866 885
43,897 898 899 12955 6589 10306 83 9700 12663 12529
44,905 900 903 906 904 902 901 10322 12838 9807
45,958 965 927 962 915 943 963 933 973 953
46,1002 999 1011 1004 1001 1005 1007 1003 1009 1008
47,1032 1063 1015 1053 1058 1078 1042 1065 1082 1076
48,1107 1113 1110 1115 1108 1112 1111 1114 1106 1109
49,1119 1120 1121 1122 1124 1123 1125 8021 9393 12948
50,1130 1131 1128 1132 1129 25 14159 13311 13309 5513
51,1142 1137 1139 1149 1147 1157 1155 1144 1140 1141
52,1160 1161 1162 1159 3398 1501 650 3288 4884 3280
53,1166 1165 1168 1167 2742 2820 3464 405 1535 404
54,1174 1173 1172 1171 10644 7293 3854 11983 11055 3615
55,1178 1170 626 1179 1180 1177 358 11769 10027 13479
56,1184 1183 1185 5468 12093 6773 12546 10111 10542 1677
57,1199 1210 1205 1187 1197 1212 1188 323 1189 873
58,1224 1220 1223 1221 1228 1226 1222 1227 904 1225
59,467 1231 1230 1232 1229 1233 1234 14287 10301 3704
60,687 686 1239 1238 1242 1241 1240 466 15085 6997
61,1244 1245 1246 14378 6274 6291 6283 6272 6292 6277
62,1248 1247 1249 5758 8918 4217 2761 5428 2751 1815
63,1255 1252 1253 1254 44 1256 1251 3921 13100 10255
64,1260 1261 1262 1263 1266 1264 1259 688 1265 11264
65,1277 1279 1278 1270 1281 1273 1280 1271 1081 1274
66,1287 1285 1286 10541 5517 7330 15205 6881 3834 9273
67,1291 1292 1290 1289 12545 2556 5748 4536 993 13363
68,1299 1303 1298 1300 1296 1297 1302 1295 705 1304
69,1310 1312 1307 1309 1311 1308 1313 1306 1305 14845
70,1317 1319 1314 1316 1315 1318 13450 6362 11536 1320
71,1323 1324 405 1325 2614 13854 2820 2742 12426 3465
72,1331 1330 1329 1327 1328 6730 11076 10730 8478 12550
73,611 1333 118 15020 14914 15254 10893 14905 15064 14689
74,1337 1340 1339 1335 1336 1338 254 5675 4516 1341
75,426 1343 1283 14319 8508 7753 12313 11048 6022 3190
76,1345 1346 11821 2277 2276 11857 13955 7333 7334 4357
77,1350 1351 1348 1349 14089 12286 740 10715 13606 14720
78,1354 1355 1356 1357 1353 4141 2378 2369 1829 4144
79,1364 1363 1359 1361 1362 1360 1365 980 57 14625
80,1367 1371 1369 1164 1368 1370 3237 3234 4899 15276
81,1375 1379 1376 1374 1380 1381 1378 1373 1377 55
82,1408 1415 1438 1429 1413 838 1395 1402 1431 1388
83,1462 1395 1465 1464 1463 1461 11946 15000 1466 5225
84,1470 1469 1468 1473 1471 1472 15105 15164 13108 7292
85,1489 1485 1483 1475 1477 1476 1487 1486 885 1481
86,1498 1500 1499 1503 1501 1502 15287 9989 713 13909
87,1507 1508 1509 13130 9621 10809 5685 9601 9441 3314
88,1512 1513 1514 9443 3957 9227 9497 4781 10716 3525
89,149 782 773 419 1516 1517 747 14443 14548 764
90,1522 1523 1521 11401 11744 9810 1939 6775 2586 3428
91,1526 1531 1532 1530 1529 1527 1528 1533 1534 1525
92,1541 1538 1539 1540 1536 1537 1542 15043 15042 14608
93,1547 1545 1546 3127 6048 11589 4712 207 203 7463
94,1551 1552 1550 1982 2790 2196 12840 3748 10762 1799
95,1556 1558 1555 1557 1554 1559 12858 14167 9324 9323
96,1563 1562 10287 15117 15138 10286 15137 6743 15143 6744
97,596 1577 1581 1576 1564 1565 1575 1578 1567 1574
98,1590 169 685 686 1593 163 1594 1592 241 1591
99,1597 1599 1598 1601 1609 1617 1508 1605 1616 1600
100,1627 1628 14711 8411 11405 11216 3064 15246 14986 8736
101,1631 1632 1630 1629 9190 12838 8007 9189 8027 14315
102,1635 1634 1636 2662 2663 13451 11714 14451 8629 13802
103,43 1647 1642 1650 1643 15282 879 1645 7875 1652
104,1655 1656 1654 8298 11309 2438 5384 5701 5698 5704
105,1660 1659 1658 13552 3945 15096 12494 2428 2824 4419
106,1662 1663 1664 2438 6623 9810 6253 1939 1665 11227
107,1668 1667 6803 7705 14136 3754 811 11405 3753 1435
108,1675 1678 1673 1677 1672 1676 1671 1674 10185 10189
109,873 794 1684 1686 1688 1687 1503 1689 942 738
110,1695 1694 1699 1697 1698 1693 1696 1087 14974 8189
111,1717 1708 1706 1703 1718 1710 1150 1709 1722 1704
112,476 478 1732 1734 1733 14548 794 466 10517 4177
113,1737 1280 1063 1736 3530 3527 1081 3539 6195 8733
114,1742 1740 1741 5229 11253 15038 7685 7684 7687 13629
115,1746 342 1747 1748 1744 1745 13888 5675 1938 6118
116,1750 196 573 26 8984 9847 9845 6433 566 564
117,1515 1764 1757 1754 1758 1761 1760 1762 1753 1759
118,1770 1773 1136 1774 1771 1724 1772 1776 1769 1775
119,1784 1785 1782 1781 1783 1786 6097 13840 3798 14012
120,1790 1791 1789 1792 1794 1788 1793 1787 12529 12530
121,1801 1799 1796 1798 1199 1800 1197 1797 1802 14052
122,1818 1807 1817 1811 1813 1815 1816 1806 1812 1809
123,1821 1822 1826 1823 1825 1827 1824 4414 3843 4416
124,873 1833 1831 1835 1834 1832 1830 13935 11082 7768
125,1841 1849 1842 1853 1843 1839 1857 1850 1851 1845
126,1858 1859 1863 1862 1860 1861 1864 15195 1011 13992
127,1869 1868 1867 9545 83 3504 12788 7551 12787 9546
128,1263 1872 1873 13407 4023 12550 13773 13774 13772 13775
129,1877 1875 1876 8519 12135 4809 13987 8859 7518 2755
130,1880 23 1879 6868 14953 14144 11192 14717 2509 8189
131,1883 1882 1885 1884 9026 13246 13247 8323 3481 12997
132,1611 1888 1887 13662 8822 673 6734 9629 9754 9664
133,1891 1894 1893 1896 1113 1895 1892 13630 13738 3088
134,871 868 1901 1239 1390 1900 857 1899 1570 115
135,1904 1907 1909 1908 1905 444 1903 1906 14974 14531
136,1003 1915 1916 1914 7358 1913 9665 11578 9662 7065
137,1918 1919 1640 9904 2556 2559 5187 6890 7726 10016
138,1923 1922 1924 1930 1929 1921 1926 1933 1935 1925
139,1942 1940 1943 1941 1944 15232 15231 5605 506 8206
140,902 1946 1945 4947 7892 901 1896 905 11686 7180
141,1955 1956 1953 1884 1951 1954 1949 1950 1952 13246
142,596 1973 600 1568 1970 1962 1972 1963 1968 1974
143,795 1985 1986 13906 13630 794 1219 736 3470 7516
144,1989 1990 1991 10912 3764 7143 644 250 7144 1766
145,1997 1996 1993 1995 1994 1044 15281 2668 12949 12092
146,2005 1263 2003 2000 2001 2004 2006 2002 260 4023
147,1354 1303 2011 2010 1357 2014 2009 2013 14681 2015
148,2023 1093 2020 101 2030 1686 2031 2028 2021 2022
149,2039 2040 2037 2035 2036 2034 2041 998 501 2038
150,2047 2050 2045 2054 2046 2055 2053 2048 2052 2056
151,2058 2059 2061 2060 11019 8396 3671 3279 3280 6331
152,2064 2063 419 1079 875 2062 1101 10063 14130 5499
153,2073 2072 2074 2067 2075 2071 217 2068 631 2077
154,1367 2085 2084 2083 722 12711 3056 3058 3053 3052
155,2092 2091 2090 2093 2086 2089 2087 2088 2094 1578
156,2100 2096 2099 2097 788 2101 2102 484 2103 2104
157,2116 2113 2112 2111 2114 2109 2115 2110 10964 8189
158,2131 2143 2142 2124 2121 110 2134 81 2125 1744
159,2167 2166 2161 466 873 2160 2168 2162 2164 2165
160,2178 2176 2171 2173 2177 2179 2172 2183 2174 2181
161,2197 2196 1191 2187 2186 2188 2190 2185 1551 374
162,2243 2227 2207 2220 2238 2208 2245 2212 2223 306
163,2256 2257 453 2993 9621 14275 10183 7515 9613 239
164,2259 1987 2260 7080 5206 12297 8004 3413 9204 9294
165,169 2261 1902 466 149 686 2309 870 165 873
166,718 719 720 721 13216 11236 7179 15225 14268 14495
167,2264 2265 2266 2267 6749 14235 12941 1804 3887 3908
168,2272 2259 2273 2276 2283 2280 2275 2268 2281 2284
169,2297 2298 2035 2300 2299 3927 8264 2039 8263 7273
170,2315 2320 2305 2307 2310 2303 2304 2311 2308 2317
171,873 2327 2328 149 323 686 466 775 794 1204
172,2352 2348 2353 2340 2333 2355 2335 2350 2332 2330
173,2362 1088 2363 4810 4811 9993 14520 7118 2249 8993
174,464 788 2005 1481 2366 1489 794 476 10499 463
175,2371 2375 1354 2374 2369 2370 2372 2373 1357 11777
176,2386 2398 2388 2387 2381 2382 2390 2395 2384 2385
177,2403 2401 2404 2402 526 14641 12899 13342 538 529
178,2406 2048 14190 4394 3352 14184 5458 11097 8948 367
179,476 2407 738 2408 480 466 794 10824 478 6815
180,2433 2419 2434 2429 2410 2430 2415 2423 2424 2431
181,2441 2442 2443 977 12761 4590 12762 12944 2988 9880
182,2448 2446 268 2447 2445 7697 13636 11949 182 176
183,2449 2450 2451 1262 5670 6943 9292 9128 6096 8993
184,2457 2453 2462 2459 2156 775 2460 2458 2452 2456
185,871 1047 2465 2145 2030 2466 1841 1901 8403 857
186,2475 2469 2470 2472 1164 2474 2471 2473 2476 1295
187,2524 2534 2544 2153 2526 2537 2508 2552 2511 2486
188,2577 2578 12305 281 8797 8668 8666 6097 3923 3713
189,1621 2582 2581 2579 2580 2583 1622 1617 14185 1620
190,2586 2457 2589 2588 1521 1238 2587 15085 7054 5721
191,2598 2591 2596 2594 2595 2593 2597 2592 15182 15202
192,2602 2603 2601 10345 1801 10344 10346 7955 717 12814
193,2605 2604 12485 14402 2837 6799 10836 5349 4659 14401
194,2609 2607 2608 15280 7960 7961 2653 6106 1392 2929
195,2611 2612 2610 2613 9814 8212 9813 4059 1129 9426
196,2620 1730 2618 1729 2619 2623 2622 2616 2621 369
197,2625 2626 15140 15139 13594 10481 10287 10144 8708 2192
198,2628 2630 2629 13646 14067 7339 4315 997 3147 1146
199,2635 2221 2634 2632 10560 1173 2633 10561 5850 15192
200,2646 2642 2640 2639 2643 2647 2644 2648 2645 2649
201,2296 2651 2655 2650 2657 2293 2653 2654 1204 2652
202,2666 2662 2663 1635 2664 2665 4056 8215 4059 8214
203,2671 2673 2672 2669 2670 9287 3849 1549 13100 9991
204,2681 2678 2713 2685 2710 2677 2714 1761 2693 2703
205,2724 2725 2723 2729 1840 2728 2726 2727 6598 14501
206,1687 2735 2734 2733 7955 4049 10507 148 4874 4774
207,2742 2741 2738 2743 1529 2614 6996 1165 2820 5998
208,1247 2750 2748 2751 1815 138 2753 807 2754 1248
209,2760 2768 2776 2770 2758 2777 2757 323 1962 2771
210,2788 2787 2794 2803 2786 2801 2797 2793 2792 2795
211,2812 2813 2811 8430 10189 14808 10346 10190 1857 13485
212,2820 1166 405 1535 2817 2819 2815 2742 2814 2818
213,2826 2827 2825 1626 10762 1675 7644 148 3748 3290
214,2829 2835 2833 2830 2834 2828 2831 2832 2836 12849
215,2839 2840 2841 13176 14352 7650 11611 12684 12520 9137
216,2844 2854 2847 2853 2850 2861 2855 2862 2845 2857
217,2869 2871 2875 2870 2876 2874 2873 2872 7817 4689
218,611 15020 10893 9781 14680 618 3213 10421 1621 11092
219,2893 2882 2886 2883 2892 2888 2887 2880 2875 2881
220,2895 2899 2898 2903 2902 2730 2910 2906 2909 2900
221,2917 2925 2918 2927 2921 2926 1747 2922 2607 2919
222,2933 2938 2932 2935 2939 2936 2934 2937 2759 11804
223,2943 2944 8965 2116 13221 11323 9089 5265 4524 1947
224,1328 2950 2948 0 2945 2946 2951 2947 1660 1374
225,2959 2960 2957 2958 2961 2956 482 2955 13850 11902
226,2973 2968 2974 2970 2972 2966 2967 2975 2965 2964
227,74 2986 2985 8561 5415 541 8562 13012 13017 13016
228,2987 2719 7453 4017 3684 10494 9561 1317 9886 4687
229,2988 2989 31 2442 8813 4590 8814 10229 30 4589
230,625 2993 2257 2992 1056 2991 13517 14727 14728 13934
231,3002 2996 1321 3000 3001 2998 2997 2995 6356 2999
232,3007 3008 58 3005 3009 3011 3010 3006 3012 3004
233,2024 1569 3015 3016 3014 1452 176 3711 879 2448
234,3018 3019 2131 114 2029 105 11586 13424 11405 11059
235,2225 3023 3024 6378 14878 298 8198 9050 1093 13825
236,3032 3034 3027 3038 3029 3031 3037 3028 3039 3025
237,3043 1752 3044 2560 13585 5070 4863 5132 1751 3403
238,1529 3046 3045 2614 13578 2197 12426 5998 2741 2820
239,3048 960 3047 10691 8820 6312 2117 10487 2785 3479
240,3058 3053 3056 3052 3057 3055 3054 3059 8370 3051
241,3064 3068 3065 3066 3067 11401 12900 8735 13166 7849
242,3072 3069 3071 3070 14072 5690 11578 8746 12218 12219
243,3078 3075 3076 1314 3082 3079 3080 3081 3077 1001
244,1893 3088 3086 3089 3087 11709 1891 2906 6546 10869
245,3093 3092 106 14843 14351 10282 1332 740 6306 7898
246,3094 9439 5778 13572 2869 10098 4597 9757 8164 8269
247,3098 500 2926 1684 879 3099 3095 3097 3102 788
248,3107 3106 11103 11100 11106 11104 11101 3003 11107 11105
249,3114 3111 3108 3112 3113 2293 3115 3109 3110 2692
250,3118 11475 8234 3998 336 8846 7377 7373 11152 2497
251,3123 3127 2945 3125 203 1547 205 3128 2649 3104
252,3166 3150 3152 3172 3141 3138 2603 3158 3137 3133
253,3204 3205 3198 2208 3202 3193 3196 3187 3191 3207
254,3215 3216 3219 466 3213 873 3220 3218 3222 761
255,3229 3227 3232 1298 3230 3228 3231 3233 3234 2445
256,3240 3243 3019 3242 3244 3241 243 705 13424 3018
257,3141 15031 12783 14408 12150 11868 12503 11046 10160 4712
258,3252 3253 3254 3248 2709 3251 3250 3249 784 3247
259,1311 3261 3263 3259 3262 3260 14932 14845 11627 11809
260,3267 3266 3268 13824 1499 5079 6698 8403 1901 1047
261,3270 3271 2794 3272 3269 9320 5748 5740 6872 5004
262,3333 3281 3324 3330 3334 3321 1162 3363 2048 3339
263,3387 3388 14173 8884 3411 6305 11145 9867 10125 13987
264,3390 3389 4143 11713 5458 1584 4002 1568 7617 3120
265,3392 3394 3399 555 3400 3393 1537 3401 3391 3395
266,3407 3408 2187 51 3406 10796 8254 8838 12406 64
267,3411 3412 3410 3387 11474 12028 13210 13211 14623 9713
268,3415 673 3413 3414 1887 12806 14345 8822 1888 7080
269,3419 3418 3417 8301 7701 1993 7761 3910 9427 10248
270,3421 2908 3425 3424 3426 3423 3422 7745 10118 710
271,3429 3428 3427 4350 1119 9393 8016 13403 13405 12155
272,3435 3432 3430 3433 3431 3434 14739 943 13472 13476
273,3436 9291 4352 14686 2151 9232 4040 11581 11504 6781
274,4 2221 3441 1390 3438 1389 3439 3440 5003 5850
275,3445 3447 3448 3450 3451 3446 3449 14305 4532 5231
276,3452 13472 13476 12673 13478 13473 3264 12719 8695 5796
277,3460 1099 343 3457 2457 57 1445 2156 1686 3456
278,2614 3465 3464 1166 3463 2820 2742 13578 1532 13731
279,3467 3466 2537 4558 12714 5789 11065 11084 9130 1555
280,3471 3470 3469 6925 14552 6926 14560 14550 14557 618
281,2750 3472 2790 3210 1550 1982 3473 2428 3110 3017
282,3479 1201 128 3049 3477 3478 2468 12476 2994 12431
283,3481 3480 8646 8244 1882 14155 13002 3482 11096 14369
284,3483 3484 3084 1720 13374 13376 1721 13375 1718 13685
285,1978 3321 3487 12976 3283 4941 1268 10471 4488 2253
286,3491 3489 3490 7985 9451 7469 11775 13249 13250 11611
287,3496 2469 3502 243 3493 3498 3494 3499 2164 2129
288,3510 3513 67 3511 3512 10547 2195 12764 10293 3968
289,2750 2781 3518 3517 3186 3515 3516 3519 3514 760
290,3541 3537 3542 3540 2357 194 3523 2358 3535 3528
291,3551 3552 3550 3556 518 3242 3553 3557 1514 3554
292,3564 3568 3565 3562 2086 2636 3563 3561 3566 3569
293,3577 770 1875 3575 3576 3574 7823 7633 796 12620
294,3579 994 876 3578 9254 1673 12324 12329 15092 11872
295,3585 3584 3582 3581 3587 3588 3586 3583 2233 13337
296,3590 3592 3593 3591 3198 6398 7524 3654 6494 13796
297,2738 3599 3596 3595 3594 3598 42 3597 11960 10058
298,1765 3605 3609 3608 3602 3603 543 3607 1019 3604
299,3616 3615 1171 3617 1174 14955 15108 14393 1172 1173
300,3628 3625 3630 3636 3626 3638 3622 3627 2035 3618
301,3654 3656 3647 3659 3648 2422 3661 3650 3646 3655
302,3667 3666 1007 11626 3074 7065 9536 7078 11778 1003
303,3671 3670 3672 3669 4070 2060 7625 4067 4065 7951
304,3677 3680 3684 3683 3674 3687 3679 3685 3673 420
305,3700 3696 231 1616 3707 3702 1615 3701 3708 3699
306,3717 3716 3714 3715 968 3138 15099 13608 10860 13609
307,3721 3722 14900 13609 9078 11363 12266 1536 9077 9079
308,3737 3736 3115 3741 3725 3734 3740 3732 1983 3724
309,3748 3749 3745 3750 3747 2826 1943 1112 3534 190
310,3753 500 1667 3754 1435 7501 14028 8562 12362 1668
311,3758 3757 3763 3764 3759 1098 1278 3761 1050 1080
312,3771 3770 3772 3769 3767 3768 5454 4552 5459 5357
313,3776 3780 3783 3778 3777 3784 3781 3779 3775 3786
314,3790 3792 3791 15147 463 739 4180 1797 9093 363
315,476 3794 3795 736 3796 477 13806 5333 466 794
316,3798 3799 2430 2434 9116 2436 11124 14437 1784 5671
317,3804 3801 3808 3805 3800 3802 3806 3803 3807 3809
318,3811 884 3810 14893 10347 879 2309 466 6812 1101
319,3815 3263 3813 3814 3816 3818 3817 14137 14845 14737
320,3828 3824 3830 3829 657 1285 3833 3834 3832 3823
321,3844 3843 2767 3845 3842 3516 2876 1826 14105 4416
322,3849 2673 3847 3852 3851 1878 3848 3396 11740 3850
323,3407 399 246 3855 3856 14793 12578 6997 6294 6477
324,230 3861 3862 3863 2830 3859 3860 2831 629 12606
325,3868 3871 3869 30 3870 3866 3867 31 8498 4989
326,3880 3877 3887 3888 3884 3883 3879 3882 3874 3665
327,3907 3906 3898 3895 3900 2043 3896 3903 3899 3904
328,383 3909 851 3252 2153 996 14680 611 12166 4519
329,3927 3912 3914 2298 253 3923 3929 3920 852 3928
330,873 714 3942 3881 3943 3945 732 3944 3946 3941
331,3952 3950 3951 5285 9014 4468 6187 1897 13358 5287
332,3954 3953 15073 14894 8102 8093 8507 8301 14398 5213
333,1292 654 3961 3228 3956 213 3970 3967 3957 3968
334,3978 3979 14216 10562 14217 8734 5494 6827 12777 471
335,626 3982 3980 3981 8397 4966 13479 5709 14452 5898
336,3986 3984 3720 3985 14957 8187 14958 11363 7983 7981
337,3990 3989 3991 13143 11670 10330 11904 5397 10142 11935
338,3993 1095 3994 7430 9443 11985 1519 5183 14534 2763
339,3998 3996 3995 3997 10408 7893 11546 2848 1896 5891
340,4005 4003 4007 4000 1811 1817 2332 2068 4008 4006
341,4012 7814 11468 3112 2295 4013 7808 7813 7812 2269
342,625 3945 4016 4015 4014 13517 1257 9144 11260 5555
343,4018 4022 4026 3055 179 4027 4025 4023 476 4020
344,4034 4037 4035 4036 3442 14745 10073 1317 10071 14409
345,4043 4047 4042 4041 4046 4044 4040 4045 1372 1051
346,3111 3108 4051 4050 4049 3109 4974 4976 4972 3114
347,4054 10711 12809 2128 13143 12145 1836 13240 602 7203
348,4055 4159 8621 8970 450 10273 14171 3199 7138 9474
349,4056 4058 4057 2663 13451 11631 13944 13818 8392 13461
350,1778 4060 4061 6362 1320 2375 6363 1319 6361 1779
351,3670 4067 4065 4066 4070 4072 4064 3669 4069 4071
352,4078 4094 3664 1908 4091 4076 4088 4083 1100 4080
353,4110 4112 4098 4097 4100 652 4109 4108 4106 4102
354,4117 4118 3040 4116 15050 203 3498 4119 4120 1118
355,4123 14292 6745 12491 6659 7397 15118 6985 7052 14926
356,4129 4125 4124 4128 3811 1684 4127 4126 4130 807
357,4144 4143 1354 1356 4141 1829 4142 1357 2378 2371
358,4153 4149 4150 4148 3648 4151 4152 14598 4346 7693
359,988 4155 4156 4165 4160 4162 4161 4164 4166 410
360,4173 4168 2108 2982 4171 4170 4169 1123 4172 15125
361,4177 476 794 478 1213 437 4176 4175 494 1192
362,4245 4248 4243 2107 4240 4251 4252 4191 4192 4237
363,4273 4275 4272 4274 1176 6395 9823 6396 4809 1467
364,4294 4296 4287 4279 4289 4281 412 4284 4278 4280
365,4314 4304 4306 4309 4305 4312 4313 4307 4310 4311
366,4321 2910 4324 593 4322 4320 4319 4325 998 3730
367,2820 1866 4329 4330 3846 12426 2742 1166 405 3465
368,4332 2243 4331 9533 11858 5933 6129 11647 7059 8315
369,4333 4335 4334 5341 13918 12459 9991 1176 11603 5183
370,240 4337 4338 7966 12941 7965 2731 9129 6401 10746
371,4346 3289 3831 4343 4344 4341 3826 3339 2540 4340
372,4350 687 2305 4352 4351 11050 13618 1805 6997 2468
373,4353 4355 4354 873 6939 8971 6391 5511 5956 1803
374,2614 618 287 2742 366 3465 2820 1532 14429 5998
375,1222 4358 282 710 1938 7936 10323 2908 13905 10003
376,4362 4361 13654 13669 1336 10195 12879 7530 13142 6392
377,4363 7120 1453 3510 8494 447 12877 10547 1381 8722
378,1568 4251 209 4365 4364 7955 2768 3185 7420 143
379,4367 2916 412 2919 15144 15145 14847 10499 10048 4066
380,4376 4371 1764 4373 4374 4375 3920 4369 1798 4370
381,4381 1452 4383 4382 4380 12863 14872 14871 11063 5972
382,4412 4394 4390 4393 4389 4400 4392 4391 4410 637
383,4414 4415 1306 1826 4134 7427 6362 1319 6361 6363
384,4417 4418 8145 11760 5954 3294 12379 12563 14529 10483
385,4432 4435 4433 4421 4424 4428 4434 4420 4423 4431
386,707 4438 4439 4440 13058 1169 12028 5569 10064 323
387,4444 4445 4443 9435 11907 9700 8432 11047 13481 9705
388,4448 4447 4450 4449 4446 936 8316 14353 15188 11852
389,2686 4453 9249 6858 2133 773 6857 6787 6317 9521
390,4459 1823 4454 1827 4458 2866 4463 4460 623 4457
391,542 4498 4489 540 4495 4469 4479 4502 3922 4486
392,2741 1529 4515 4514 2814 1340 6416 2742 2614 12426
393,2569 4517 827 4519 746 851 7373 9588 742 13129
394,4525 4522 4528 4526 4520 4530 4527 4529 4524 4523
395,4533 1731 4532 4535 4531 4534 981 955 12792 6293
396,4540 4542 4538 4539 4543 4536 4541 4549 2003 4548
397,4552 1257 4554 4553 3092 4558 3769 4555 4557 541
398,4564 4563 4565 4561 4560 569 4562 11744 11742 11743
399,4582 4587 4584 4583 4576 3260 4573 4586 4574 1336
400,4597 4600 1322 1829 4138 1721 4607 2875 4603 4605
401,698 4610 10271 3498 4470 10272 476 2935 4277 6833
402,4621 4623 4620 4615 4622 4619 4618 4617 4612 4625
403,4633 4629 4631 354 4628 4630 116 4632 2462 3639
404,4635 3380 4636 4637 2539 2483 1163 1275 7138 3237
405,4646 4650 4648 4645 4656 4655 4652 13022 4647 4659
406,4666 4667 12330 13406 13770 7722 11147 10867 231 11446
407,2556 4668 4669 6202 12087 2506 12406 5709 1290 7438
408,4671 4672 14720 7384 13793 10488 11248 14719 8575 14229
409,4675 8188 7633 11707 4243 5646 3005 5737 7871 7051
410,4684 4678 4676 4677 4681 4680 4683 4685 4686 4679
411,4689 4690 4687 4132 4688 3443 1136 2873 4691 4692
412,807 4376 4492 4129 4125 1684 4370 1764 4124 4128
413,4698 4701 1699 4702 4697 4700 4705 4696 4706 4699
414,4711 4712 3121 15097 14129 7386 11084 7090 13855 13320
415,4714 4713 4715 4719 4718 4717 4716 1541 14377 2095
416,4724 4722 2480 4305 4723 137 4721 4720 11420 14409
417,4727 4728 7713 14547 7714 7712 7715 7849 7842 10503
418,4730 8176 1317 9520 7459 10072 2880 1644 4035 4037
419,4737 4734 4733 4735 4738 4731 4361 4739 4045 1798
420,4741 4575 4742 3916 8200 14486 13057 3771 15172 8238
421,1296 4743 4077 10627 5846 10996 5624 10797 1299 5845
422,4749 4745 2982 4747 4748 1269 4746 2894 15125 11886
423,4751 4753 4754 4752 2947 15171 4964 4962 4073 13351
424,4759 4756 3811 697 4762 2271 4262 879 4761 4757
425,2294 1732 3097 4766 2366 894 4765 6179 4767 4768
426,4772 4775 4774 3386 4776 4773 4777 4779 1960 4778
427,1513 4781 3525 4782 9443 6181 7661 7666 7665 7667
428,4785 4784 4783 4800 4795 4794 4791 4787 4802 1702
429,4811 4810 2362 14520 1088 2363 5740 6872 11682 11674
430,4813 4814 2607 184 1392 3398 3219 798 3397 4812
431,4061 3110 4818 4820 4817 4819 6317 2750 12585 8302
432,3771 4821 4823 4825 4822 4824 1452 4813 7332 7330
433,1083 4828 2751 4830 4829 890 4827 1060 3363 4831
434,4839 4837 4838 538 4834 529 4840 526 4836 4841
435,4852 1751 4850 4854 4853 4851 3262 2579 2121 4861
436,4877 3034 251 4873 794 4874 4879 870 1687 4875
437,393 401 398 397 402 394 396 400 395 399
438,3238 4895 4899 4903 4890 4883 1371 4892 4905 1160
439,3496 4914 4918 4915 4913 4920 4901 2567 4912 4638
440,46 4925 4924 12709 4245 7516 12205 14400 12318 13884
441,46 4928 234 235 4929 3513 3396 2323 1688 420
442,4935 4371 8357 4376 11912 11773 1910 5695 8613 6525
443,4941 4939 2008 4808 4944 4945 4927 4943 4937 4938
444,2770 4950 4949 9972 11932 14129 1476 6629 543 2356
445,4955 4956 4963 4958 4752 4954 4966 4952 4953 4961
446,4974 3108 3111 3544 4972 3819 4975 3109 4050 3546
447,4982 3860 1369 4716 4873 4990 4984 4983 4986 4635
448,4994 4995 4996 12166 589 3458 2130 2493 1686 819
449,4997 3553 89 4999 5001 4998 3366 4158 5002 5000
450,5005 5006 5007 5008 5009 5010 11146 7660 10746 6540
451,5055 5057 4354 2253 5046 5048 5027 5021 4308 5011
452,5086 5085 4825 5088 1653 5090 5078 5089 2066 5084
453,5098 4729 5096 5097 5099 4384 5100 7501 4122 4327
454,5108 5101 5103 5102 5107 5105 5113 5112 5106 5110
455,5115 6291 12111 9021 12672 12825 14457 2813 10049 12123
456,5121 5122 5116 3245 2703 5119 3151 3167 4235 3910
457,5127 5125 5128 5129 5126 5124 10807 9967 9968 1772
458,5154 3129 5160 5130 5071 5150 5142 5151 5133 5162
459,4085 3557 5181 2714 5182 216 3556 14861 7455 1993
460,5185 753 4369 4090 4021 5184 3547 6388 11593 4020
461,4038 5189 5193 5190 5192 5187 1461 5191 1620 5188
462,5197 2699 5196 14423 4465 14422 7527 2705 1385 6097
463,5198 5199 5201 5202 5200 15125 10157 13942 10229 12309
464,5205 5204 4033 6079 8426 11115 14926 576 7711 1451
465,4979 5214 5213 5207 1477 5215 5210 2826 3831 5219
466,26 5224 5225 5223 7054 7992 7966 12966 2340 15000
467,5230 5231 5232 5227 5229 1740 5228 3449 1741 8760
468,3526 5237 5236 5233 5234 5235 11882 5758 5757 10902
469,5240 5239 5242 5241 5238 7821 11907 4444 7430 2413
470,1119 5243 5244 5248 5246 5245 5247 9393 1121 8021
471,5250 5251 5377 626 9365 13726 13564 5341 13918 10148
472,5252 5255 5254 1886 5253 5256 678 13954 8259 8256
473,1799 5260 15161 15162 4306 568 274 7952 723 3074
474,5265 2944 2657 4274 5264 5174 5262 5263 3993 1601
475,1492 299 5276 5277 1483 5278 5270 1489 5275 5273
476,4273 2268 5282 10455 10457 11712 12479 12017 12432 12557
477,5285 1897 1177 5287 3950 5286 5284 2984 3952 10868
478,5289 5292 2830 5291 5296 4871 5290 5293 5294 5295
479,3019 1367 5311 5299 1994 5298 5304 5301 5303 2492
480,5320 5318 5319 5317 6431 8255 2624 7808 9971 9962
481,5324 467 5322 1391 5323 5321 4224 14287 15092 6002
482,5327 1882 5328 5326 3482 5330 5329 3481 13002 14026
483,5333 3794 2901 1979 5334 11079 6632 10323 5261 12440
484,5338 2673 5339 5336 5335 5337 14542 2671 11445 11446
485,5342 3385 3384 1281 5343 9648 1237 1206 5429 5432
486,1533 5344 2824 13926 1532 8526 15096 13329 10741 4514
487,5346 5347 5349 5348 7695 13195 6333 8993 4282 1088
488,5356 5357 5358 5352 576 5355 5353 5354 12590 14008
489,3428 2139 5361 3550 5359 5360 436 3429 1101 3427
490,5373 5369 5371 5377 5370 5375 5372 626 2169 5374
491,5389 3289 5391 5390 3359 8217 5387 5388 5386 5212
492,253 5397 1568 5396 2101 3911 4091 4188 10572 10142
493,5399 12300 1933 12520 12892 1817 517 14695 9455 4109
494,209 5400 4937 4422 4946 6248 12281 1568 219 1761
495,685 5401 5402 9867 3387 10781 6391 8884 169 686
496,5406 5408 5405 5407 5403 147 5404 8058 8374 13729
497,5411 466 5410 2470 1686 4992 4823 4891 4878 4908
498,5417 5418 5419 1752 3043 5415 5416 5420 711 4228
499,5427 5425 5426 874 1484 5424 1611 3529 3453 5423
500,2422 5428 2421 3661 12036 2414 567 10224 12196 9807
501,5432 5429 5431 5430 5433 5435 5434 3384 3117 2000
502,5439 5442 5443 5441 5446 1721 5440 5445 5444 4407
503,1826 5448 4139 2996 5447 5449 5450 15017 10199 4414
504,5454 5459 3770 1104 5453 5458 5452 5460 5455 5457
505,5463 991 5467 5466 5464 5465 4867 8326 6144 8707
506,5469 5476 5470 5484 5479 5481 5472 5482 5471 3472
507,5490 5488 5489 5487 5082 3042 4183 6689 12420 8074
508,5494 5493 5492 8297 12791 12790 12789 13549 14216 6699
509,5496 5495 1489 8621 2453 12344 14359 4341 7914 9140
510,5499 3909 5498 5497 5505 5502 5504 5501 5503 5500
511,5511 5508 253 1684 5509 3396 5507 5510 2702 1749
512,5514 5513 5515 5516 15163 13670 13431 14159 13355 13895
513,5518 5519 5520 14581 14424 14379 14380 14222 14204 10163
514,5524 5523 478 5527 5525 4816 5526 5329 5528 465
515,5532 5530 5529 5448 5536 5535 1140 4624 5449 5531
516,5545 2758 4364 2768 5544 4340 5538 5541 2774 5539
517,5555 638 5556 344 5554 1254 2795 5557 5558 416
518,2309 5561 3811 466 169 476 686 149 7814 774
519,5566 5565 4644 4642 5563 5564 4643 4594 4646 9560
520,5571 5569 1553 5570 5572 879 2669 5573 2445 5568
521,149 5577 5576 5433 5475 481 14548 169 873 466
522,5579 466 4925 5578 5580 1690 860 4245 13820 7516
523,5582 5583 7669 7672 7488 7670 6271 7675 7201 7677
524,5589 5587 5586 5591 5585 587 5588 3913 4478 5590
525,5592 1836 5594 5593 14356 15228 4191 7050 3942 14839
526,5605 4747 4750 5600 5597 5604 1940 5598 5601 5603
527,5607 2081 5608 5606 937 5609 932 2304 13338 13340
528,5612 5615 5620 2930 5621 5617 5613 2266 5614 4350
529,5626 5628 5627 12172 12310 12068 12646 12648 2614 12649
530,5636 664 5634 5637 134 648 1273 1419 5631 4983
531,5299 3714 8747 6325 7730 10359 3857 5305 14054 2519
532,5646 5649 5647 5648 5644 5645 5643 5659 5651 5650
533,5665 5666 13894 12592 1098 4928 10237 10235 9492 11574
534,5669 5671 5667 1773 5670 5668 10214 9665 10988 1917
535,5675 5674 1337 1360 5676 1748 4386 5678 12387 14606
536,5682 5683 177 782 5680 5434 5679 3515 3101 5681
537,642 648 5685 922 5684 7688 4744 2010 643 639
538,1011 5687 4132 4688 2887 4134 5688 1861 4687 5447
539,5696 5692 5693 5691 5697 5694 5695 13218 12088 11611
540,5702 5701 5705 5698 5704 5699 5703 5700 1654 4245
541,4668 5709 626 990 5710 5711 5708 5713 569 3886
542,2589 5721 5717 5722 873 5720 686 2309 5718 2763
543,5734 5732 5682 5729 5727 3803 4312 323 5737 5731
544,2064 5499 3532 13057 190 15172 2063 875 1079 14502
545,5747 5744 5746 1752 49 5365 3403 15264 3043 5751
546,5757 5758 5759 5235 14733 8324 12603 553 1247 11124
547,5762 5767 3719 5763 5761 5766 4438 5764 3441 3937
548,212 5772 5773 5770 5774 5771 11137 10232 8993 12431
549,5780 5777 5775 5781 3038 5779 3028 644 5782 5778
550,5788 5786 5787 7000 14404 13784 10403 6884 3177 14904
551,3467 5789 4558 11301 11065 12714 4552 1257 3466 2537
552,5792 5791 15025 9433 4284 11690 3501 67 131 10547
553,5797 4339 271 4099 4111 2857 5795 5796 5798 5799
554,5806 5816 5803 5805 4915 2112 5807 5827 5824 5823
555,5841 5844 1145 5847 1136 5843 5839 1826 1146 5840
556,5850 2221 5851 11157 11747 7393 368 6218 2913 6304
557,5856 5861 5870 5855 5872 5866 5868 5873 1832 5875
558,5878 5879 2405 5882 3411 5881 5883 5880 5885 3814
559,5891 586 5620 2723 1329 5177 10035 6598 11546 2724
560,2993 5894 226 2736 5862 1760 5893 3342 3286 1075
561,4964 3982 5896 5897 5895 2131 4595 5898 4710 9228
562,1466 5908 1464 1465 5910 5901 5906 5914 5917 5902
563,5936 5924 5930 5933 5949 5935 5939 5948 5926 5940
564,3811 2309 5957 5958 5959 885 745 420 764 5960
565,5965 5966 5963 1596 5964 5967 5968 2903 5969 3125
566,5580 1340 1341 249 3499 9712 7624 606 7929 9713
567,5975 280 5978 5974 5979 5972 5976 5973 5980 1568
568,5983 1366 5984 4518 4709 12590 11412 11411 11414 11413
569,5992 5991 5987 5990 5988 5791 1296 4399 5994 5993
570,5344 2742 2614 2820 5999 6000 5998 6001 1529 1534
571,6002 1957 5324 46 618 578 3213 7182 4452 12205
572,6007 6010 6006 6009 6011 6008 5677 11835 11761 6680
573,6015 6020 1994 4762 6021 6019 3385 2366 6013 5342
574,5073 5072 5065 5067 6050 6047 6049 5034 4366 6051
575,1684 6054 1416 5416 6055 5417 5418 1688 83 7657
576,6060 6057 6059 4748 6058 684 6061 10220 14048 14047
577,2133 6063 6064 9276 5517 323 2082 3182 6348 1206
578,4687 4132 4138 4688 3083 1317 1719 7057 1354 1011
579,6068 6069 13631 11414 11411 11412 11413 10024 7640 4709
580,5638 231 6070 13950 230 229 13406 9190 7107 232
581,6072 6077 6071 4350 6076 202 578 6073 6074 6075
582,6081 6082 6080 7873 7870 7874 7871 7872 3125 7369
583,1732 6083 848 611 10517 2781 5078 12872 476 9594
584,6092 6090 5598 6084 6091 6093 5434 6088 6085 6089
585,6097 5729 1898 6096 14594 11244 5197 6498 15232 15231
586,6099 6101 6100 13996 6102 2095 9025 8757 13433 1883
587,5997 1471 3863 6104 412 6103 2186 5837 4367 1473
588,3556 1239 1238 15085 4 686 3557 323 687 794
589,6112 6113 6109 6106 6105 3883 733 5727 3750 6108
590,6120 6124 6121 6123 6122 6119 7620 11239 12198 10589
591,6003 31 6126 665 6128 6129 3222 5 2959 10245
592,1282 1765 6132 6130 6131 6133 2210 2342 15018 12847
593,3938 3029 2680 3027 2696 2714 4695 382 5768 8371
594,6136 1374 6139 6137 4890 6138 4903 13003 7563 3572
595,3727 3312 4912 1501 3359 1295 164 12922 3280 8481
596,3602 4830 679 3692 6142 3584 8239 14729 2078 12153
597,4458 6144 6145 13725 14533 5463 13770 14006 6524 11908
598,6156 6151 6153 6148 6152 6155 6147 6149 6154 3636
599,6158 11660 11661 614 6512 7884 7885 604 11030 9392
600,6160 6169 5445 1253 6168 6163 6167 6164 6161 6165
601,6178 6176 5396 4000 6177 6175 2772 11082 12294 4128
602,6180 6096 6186 6184 4781 6185 6182 1700 6181 4948
603,6196 6195 2470 140 6197 6191 466 6192 3396 5542
604,6206 6207 4877 6203 6204 6205 13190 11244 11479 12974
605,6218 6219 6220 1650 6217 3499 2105 15282 6211 6214
606,4749 6226 6227 6225 6224 11964 2982 10970 6479 13070
607,6230 6229 6233 6232 6236 6231 213 3814 684 705
608,6256 6239 6259 6258 6252 6238 6241 5525 6188 6249
609,5452 2151 3876 5801 2296 11402 15078 14127 13567 7499
610,6268 6269 12417 13018 15089 4352 10695 2664 12291 13160
611,994 1673 1712 6271 876 11872 12324 15092 12829 10943
612,6292 6291 6272 6283 6277 6275 6287 1246 6273 6282
613,6293 6294 4532 6296 774 624 6295 8490 3445 686
614,6297 6299 2723 6173 4068 1844 5600 5894 6298 6598
615,4951 5401 2469 4636 3289 3378 6300 5825 5828 4344
616,2221 6304 2482 5850 11747 4918 6905 3298 5218 2913
617,6310 3806 6311 3802 3049 3507 2407 2583 6312 6305
618,1577 1565 1564 6374 1576 7420 4821 9273 1581 10732
619,6324 6320 6323 5689 1136 1861 4597 5686 6322 6321
620,6331 6328 636 6327 4581 4583 6330 6329 2831 6332
621,6339 5362 644 6337 6338 6347 6341 6336 1766 6340
622,6352 6351 6350 3465 2614 1532 2820 2742 11122 2741
623,2594 6354 917 10225 2596 2598 2591 7407 2016 7405
624,2628 1011 1145 4596 1146 1136 2630 11091 7215 5844
625,318 6358 6357 12640 344 8455 10264 3811 618 14116
626,6362 1320 6361 1778 6363 6364 1319 9192 1321 6360
627,6371 5739 2151 6365 2467 6369 5090 3110 6373 6370
628,1250 1019 2356 10094 13886 543 8224 7347 2657 1675
629,6384 6378 6385 6377 466 6380 6382 6381 4774 6383
630,6391 6392 6389 6388 6390 13123 13142 13980 5967 14420
631,6395 4272 1176 6399 6396 6398 6397 4273 10109 7536
632,6406 6403 3908 6407 6404 1300 6402 1304 1302 1426
633,6416 2614 1529 6415 4514 13578 6414 3465 2742 2820
634,4508 6359 6418 6424 6422 6420 6425 6429 6430 6419
635,6364 6431 6432 14283 1826 9192 2375 4598 13223 1320
636,1618 1617 1622 3108 234 235 1619 611 1621 1620
637,4507 6438 6436 6049 6441 4991 2045 6437 6442 6439
638,5449 6446 6447 2869 5448 2880 9194 12332 1011 7427
639,6457 6459 6449 6461 6455 6456 6450 6448 6458 6452
640,6464 6467 6465 5654 5652 6466 6463 348 5653 2458
641,6471 6054 4639 5487 6470 2509 458 5135 6469 5490
642,2808 5195 4161 3233 6114 2607 50 6473 328 1608
643,6492 6480 6509 6506 6491 6485 6504 6487 6503 6481
644,6530 6527 6524 3609 6526 6520 2258 6518 6525 6528
645,6534 9370 13547 13151 9925 11621 6625 1363 4150 11382
646,6536 1341 6538 6541 6540 6542 2969 6539 6545 6543
647,6549 6548 4357 7584 10029 8590 3261 7967 8786 1327
648,6550 1357 6555 6360 2369 2014 3081 6553 6551 2399
649,6566 6558 3446 6563 5793 3049 6560 1297 6562 4568
650,1303 6568 7 6410 2614 1299 8694 13367 12067 5329
651,6570 6572 6571 6569 12501 12505 10041 13082 5344 13635
652,6579 6577 6575 6574 6576 2445 6578 15113 14303 11429
653,6582 6583 6581 2013 6584 5147 14567 14964 14688 14575
654,6588 6586 6589 6585 1479 6587 420 2645 6445 3195
655,873 794 775 3943 764 3527 1203 323 3376 476
656,2768 1568 6592 6595 3185 3206 6593 772 4366 6594
657,6598 1237 2723 6597 431 2526 8534 4696 2724 9648
658,6602 6600 2167 6601 2857 6599 5997 279 13668 3672
659,6611 6609 6606 6610 6608 6616 6604 6605 6619 6612
660,6627 6632 6630 6631 6628 4465 6629 6626 1110 11546
661,6633 3985 734 6639 6642 1453 6643 2106 5422 2936
662,6657 6654 6660 6663 6656 6658 6659 6664 6665 6667
663,4368 6669 14207 14001 13537 1560 1561 12486 14182 7660
664,211 5894 6357 6677 6672 6674 4555 6678 3553 6675
665,2221 341 6686 1600 973 5850 11747 7083 351 9532
666,5490 5488 6471 5489 6157 1686 3039 6689 2139 3635
667,6693 6697 4017 6694 1512 6546 6692 6498 249 3996
668,6156 6147 6700 6702 6701 3354 6148 6153 6151 6155
669,6703 3078 3076 3079 3077 2870 4134 2883 3075 2890
670,6720 6712 6709 6724 6717 6722 554 6725 6711 6716
671,6729 6728 4595 8677 14543 9563 3982 11655 7343 11982
672,6732 6731 1855 4013 950 4962 12296 7649 5341 13918
673,6735 6733 6739 3415 6734 6738 4136 6737 1015 6740
674,6743 6744 14411 15141 13023 13551 7662 354 5288 15117
675,6745 6747 6746 10778 4123 14292 12491 7398 6659 7397
676,6749 104 6673 3908 1804 2266 4080 13903 7362 5625
677,5917 5904 632 2005 6750 10125 6751 11050 12086 10126
678,6754 4771 6753 13256 10346 13620 13485 7347 2811 10338
679,6757 6758 6756 6759 6761 2971 6760 9239 11358 11359
680,6766 2960 6764 6763 2287 6762 6580 3931 6765 4876
681,6772 4309 6770 6773 6774 6771 6501 943 952 934
682,6776 6775 6778 6780 6779 6777 6184 6783 6781 2982
683,1128 6786 2221 6788 6789 6790 6787 7824 5332 5850
684,4646 4648 6794 4645 4644 6797 6795 4594 4655 6796
685,3909 1429 6800 2235 6801 6802 4477 14680 5777 10321
686,2996 6807 4604 6809 2997 6808 6811 6806 6805 6804
687,6812 6813 6697 748 884 7438 11149 5823 3691 7954
688,3548 6814 6816 6815 949 3163 13664 8666 9428 14856
689,1890 6818 6819 1871 1869 4985 4897 1911 11425 12265
690,4844 538 6820 531 14808 536 4839 532 525 9656
691,6824 6821 6822 133 167 4182 6823 697 6825 5053
692,6828 6827 6826 6830 4419 2448 6831 2225 1206 444
693,6837 6836 2918 6839 6835 4787 6838 1263 563 2931
694,6843 6845 6840 6846 6844 6842 6841 12090 12089 353
695,6364 6847 1826 7077 1320 9192 2375 12210 2371 13223
696,6849 6850 5884 3151 6848 5584 823 6851 13636 8648
697,6853 420 2211 3225 3195 1641 3678 4191 3682 466
698,5398 5779 592 6861 1834 6177 2065 4131 4453 1811
699,404 6867 6866 1166 9791 2820 405 13422 12426 9784
700,6878 6871 2661 6872 6869 1295 6088 6877 6874 3871
701,4251 4031 5858 5540 3453 6676 3185 4153 3648 15222
702,6885 6884 6883 12318 8032 5788 12155 10450 11979 10519
703,6909 6903 6892 6904 90 6905 5001 6911 6898 6907
704,1071 2770 694 6919 1899 6918 4208 832 5508 4110
705,6921 6922 10778 10491 658 3833 13480 14615 11946 12440
706,6925 6926 3469 119 6927 4894 6928 5637 4922 6302
707,6933 6938 6932 5403 6936 6934 3950 6931 6937 6935
708,6947 6951 6950 6949 6948 6944 5600 5603 6943 6547
709,6962 6966 5778 6643 2053 5718 6954 6957 6439 6964
710,6974 4121 6979 6986 6978 6987 127 226 6984 6971
711,1529 2815 6989 2742 2614 2820 1166 3465 3464 13578
712,4515 6992 6993 6991 1532 2742 13234 2820 8810 2741
713,6995 6990 5194 12070 12786 11111 4791 11108 4514 9784
714,7003 7002 2151 6997 2792 4643 7000 5434 4642 7004
715,7010 7008 7007 7009 3497 4875 2483 7011 4990 14010
716,7014 7015 7013 14445 14571 9412 9307 7016 12632 3486
717,6769 1028 7019 7018 7017 6114 4952 7020 683 6345
718,7024 7026 7029 7035 7032 7033 7034 7030 7023 7027
719,7036 7041 7037 7039 4950 1796 1273 4761 7042 6970
720,465 6445 7043 7044 10092 454 5032 466 2139 2767
721,7047 4834 7046 6263 4992 3348 7048 821 2488 185
722,7050 7051 7052 7053 4850 4191 5351 14356 5592 15000
723,7060 7061 7063 7070 7071 556 7074 4142 7067 7056
724,4956 7082 225 14635 14986 8561 8737 4952 5183 8388
725,7084 8188 9287 14383 7871 14397 4675 15248 15173 5702
726,964 7085 14726 9436 14640 13459 8055 13666 10680 3683
727,4553 7087 6399 3588 6395 730 14161 3585 12387 7691
728,4776 145 7089 4772 4774 167 15241 12280 3518 423
729,7092 7091 7100 2375 3774 2869 7093 6551 2616 2372
730,1169 4964 6163 5978 7103 7106 7104 6159 7105 5896
731,6196 7109 7110 14921 14482 14496 13025 12803 8583 8579
732,111 7114 7111 7120 3055 7126 7125 7112 7121 108
733,7138 3377 88 4637 3899 6973 7137 2863 12493 6304
734,4979 5452 3543 7139 2297 3546 39 1602 3544 3216
735,3811 385 3470 742 3598 10347 618 466 14893 686
736,4056 2663 1635 2662 7142 8214 8215 2666 2664 13944
737,3764 644 1989 1684 1990 7143 250 7144 1766 1688
738,466 685 7149 3937 6445 787 433 1652 476 7875
739,3931 243 592 3240 3243 10797 5624 10972 3244 2781
740,2799 2697 7151 2720 1056 3358 3303 476 1251 6834
741,7159 4426 7123 7127 2125 3021 2538 7156 7155 2206
742,7161 7163 7170 7166 7171 7165 3997 6612 7167 7162
743,323 138 865 85 873 10143 10144 466 879 1206
744,3969 3455 7176 5612 14320 14826 5950 10930 6890 5753
745,7179 1367 7178 7177 7180 4307 11767 14887 15276 10115
746,7182 1957 3149 2321 7181 4452 6002 6077 6468 11144
747,6348 7186 6814 3943 7183 2215 3881 5586 732 7184
748,985 7195 665 1093 7194 668 7191 7196 7188 7190
749,7199 7200 10186 10187 8873 14997 5037 9829 13699 4129
750,6939 5511 3852 2858 7201 4802 4354 546 953 5952
751,7203 7204 7208 7209 6319 7205 6585 7207 4126 7206
752,7214 1677 1660 5882 7213 5483 328 1873 13615 11601
753,7215 5845 4599 2014 4596 7216 13111 2375 11091 11347
754,7219 9808 11848 11849 10113 4450 1700 1845 1846 8114
755,3075 7221 6704 3077 3079 6703 3076 2870 2616 3078
756,7228 7226 7224 7223 7227 7225 15113 13520 14503 6414
757,6303 7230 14620 9768 12338 10893 12339 13842 14621 2273
758,7232 873 7233 7231 5740 4027 3168 14540 14636 8075
759,7236 7238 7237 6755 4889 2791 15153 529 12329 10520
760,7240 7242 7244 7243 4382 7239 2067 7241 5755 6296
761,2739 4454 4920 7247 6868 11090 12361 13632 14355 11393
762,7249 4836 7250 6465 1988 1873 7202 14800 13766 13854
763,3793 7253 7252 7251 7401 2082 7255 6319 5975 3647
764,7136 7258 7257 7256 5710 5337 1522 7262 5979 7260
765,2300 7268 1739 7276 7272 5491 7267 7265 7273 7269
766,2078 6934 2234 679 7283 7282 4377 1334 4721 3301
767,7290 7286 7289 1419 3556 796 4 2767 7291 3203
768,1471 1473 7292 1469 1468 1470 1472 10408 15105 14444
769,7300 7294 3680 7296 1487 7299 3403 363 7295 8
770,7311 7307 7312 7308 187 7313 7322 4558 7181 7309
771,7333 1345 7334 3892 8761 8664 8489 5571 11270 6940
772,611 7338 370 7337 7336 7335 3676 228 446 848
773,7345 6729 7344 7347 7343 7342 4071 6365 7346 2466
774,7352 7351 7350 7349 11968 12564 10609 13999 6622 4065
775,7356 7355 6265 6058 7357 5885 5599 7353 7354 4489
776,7358 1916 1277 9554 9192 11777 12896 7065 10072 2372
777,728 2760 775 7361 6445 7363 484 4858 7364 698
778,7367 7368 1540 7369 3741 2282 4088 4845 7370 7371
779,7375 7376 7381 1180 7242 7382 4840 7379 2661 7377
780,7384 2810 7385 7391 7386 205 4712 7388 964 7387
781,7395 2742 7396 7394 7393 4346 7397 4495 2820 2614
782,7401 7402 7253 14353 11647 12981 8142 11940 11872 13679
783,6362 1778 1319 1320 1779 4060 6363 6361 1321 9192
784,7407 7405 2594 7406 4563 1844 6528 684 2427 5657
785,3116 7416 2989 5315 7415 1236 6373 1217 4269 7417
786,2869 7426 1826 6364 7425 6707 1777 4134 4414 3843
787,611 634 618 6471 14297 7428 15207 15206 15020 612
788,7433 6186 7432 618 7434 6763 149 7431 6708 5947
789,7438 4864 2556 5613 6813 90 7437 3738 1410 9030
790,7443 7440 7442 2068 333 7441 7225 15085 8429 7228
791,7446 7445 7447 3189 2460 466 788 2024 455 801
792,7450 2887 7449 7448 5599 7451 13878 7423 14464 8477
793,7452 3903 3899 3901 10500 1058 7910 44 692 4766
794,3055 7455 6909 7453 5869 7454 1517 9238 14729 9960
795,7458 7457 6177 7456 7459 7462 7463 1212 1061 3142
796,2013 7467 7466 1892 13630 1891 4803 6909 6582 1896
797,7469 1480 1549 9287 14997 3489 1133 3040 9288 9623
798,7475 1117 4932 6669 7474 7476 7471 7477 7478 5799
799,6151 4346 6153 6154 7491 7490 7492 487 6156 3648
800,4789 2706 6463 6671 10592 10766 8959 3857 12901 715
801,5096 7355 3368 7283 7493 4122 11748 7752 3593 5097
802,7494 611 7497 1618 3213 235 7314 5501 7496 3497
803,5452 7499 3824 13040 2296 14215 14127 13567 14314 5413
804,3042 7512 7513 7509 7506 7501 7511 842 7504 1656
805,7520 7521 7517 7518 3851 7519 7998 11601 11600 13182
806,715 33 7377 1573 2313 13434 14680 4947 618 3998
807,7525 7524 7526 4465 5179 7529 7528 3591 6058 7527
808,7534 7537 7535 7541 7533 7536 7542 7539 411 7532
809,7545 72 7546 7547 13040 13847 8239 12057 14215 8999
810,7548 7550 7549 10140 2523 7465 5281 56 742 7200
811,3479 7551 1867 666 12476 7483 9241 12127 1869 9149
812,1354 1827 1136 2875 2376 2377 1355 7553 14571 1357
813,7555 7560 7559 2667 7556 7562 4895 6101 7558 7564
814,2981 7568 7567 3789 9514 9515 9513 9516 9238 6262
815,3811 2081 6768 195 1474 4978 2225 5609 7570 971
816,7573 7574 7572 7571 6779 6228 5375 6484 7576 7575
817,7580 7578 7577 7579 1332 5488 794 11914 15074 10171
818,7582 7014 12122 15268 13675 6313 9409 7545 12641 15156
819,7584 7249 6549 7586 1700 7585 14800 4357 13854 6415
820,7597 7600 7599 7595 7596 7608 7598 7594 7591 7590
821,7611 761 810 9402 8073 7210 5074 163 478 2987
822,7615 7612 3550 3622 268 6830 6453 7614 7616 4167
823,6153 7622 7621 6154 6156 6148 6151 6152 6149 6700
824,7627 7628 7623 7625 7342 7624 7629 7626 13906 8148
825,7632 7633 7631 12876 13596 13599 13598 14165 11398 13637
826,7638 7635 7636 7634 7637 1595 7639 7640 7642 7641
827,1675 2750 1250 7644 2827 226 1626 7645 148 3290
828,7646 1035 3529 3751 4220 2021 6019 1972 7647 1495
829,7650 7643 7649 7648 4073 6165 7651 1855 10719 4964
830,7654 4087 4590 2442 10636 6472 1486 12944 4086 1652
831,7658 7657 4530 7656 1416 14266 14257 9190 12083 4529
832,6036 219 4189 6963 209 5079 6961 3441 2985 6439
833,7666 7665 7667 7661 5715 7663 7662 4781 7664 1940
834,1375 7668 1376 1379 7811 1378 1380 1374 1381 1373
835,7670 5582 6271 7675 7677 7681 7201 7674 7676 7481
836,1741 7249 1740 7686 7685 7687 7684 2304 2834 5607
837,7688 648 4395 13899 11019 4405 10121 642 1170 4404
838,4687 4132 4688 4138 3083 1317 7427 7057 1011 4689
839,1011 1002 1862 14751 11598 7498 9540 1863 12332 7469
840,7690 11344 4837 3353 8107 14943 7269 4176 8491 8363
841,7692 7693 4152 5468 8528 2402 8529 7791 8527 6723
842,6333 7694 7695 5346 4282 11534 3157 13567 10499 5347
843,6821 6822 323 873 7696 2448 1796 879 1452 7697
844,7700 7699 287 281 2700 8421 13520 618 10347 12841
845,748 6799 1645 4659 2615 4658 4661 8701 11023 8700
846,7702 7701 6 5332 11614 11612 11613 13369 12147 13556
847,7705 7706 5763 7707 7704 7709 6500 7708 7710 9832
848,7713 7714 4728 7712 7715 14723 4727 10229 13121 12596
849,873 466 7719 686 7718 7717 7716 15260 2703 624
850,586 1191 2415 9072 2201 6402 14504 9510 4974 1878
851,7724 7722 7723 5538 3209 1229 1398 7721 1259 7419
852,2544 2511 7156 2527 2234 2535 7734 7733 7732 7726
853,2804 4660 4653 7736 4663 11370 2779 11368 780 7735
854,6299 7746 7740 6615 7742 6624 5713 7744 7743 7745
855,7751 7750 7749 7752 3677 2170 10973 10674 4984 7565
856,7755 7756 7754 7753 11947 11948 3838 8649 11372 8508
857,7759 611 6574 3904 701 7763 7765 714 6998 7764
858,7772 7777 7771 7776 4997 7773 6585 7775 7459 7774
859,7782 7781 7780 12090 12089 14319 12088 6844 11172 8760
860,1003 7784 3085 3083 1011 1318 2875 2881 2891 4138
861,7787 7792 7797 7786 7793 7794 7790 7788 7789 7795
862,1329 7243 7798 1573 2535 819 13434 12166 1331 6134
863,7802 7803 7801 2728 2898 6146 12081 14161 2724 11845
864,6749 1804 2266 3908 4080 2264 13630 2265 12941 6673
865,7165 7806 7807 12792 7166 11594 11792 8788 12401 12402
866,7814 3112 2295 4012 7808 7809 7518 7813 7812 2269
867,4693 7817 4138 4687 5689 2875 2874 1861 4599 4403
868,7821 545 142 2985 4189 7820 544 11446 12569 107
869,7824 1955 6790 6789 14043 11279 11280 11281 11278 1956
870,7828 7827 7826 11073 2842 13837 12611 3427 5046 9668
871,6406 6407 7829 9130 6403 3908 13169 6404 6402 1300
872,6149 6157 5740 6153 6152 7830 7833 6154 7668 4496
873,7849 7842 4727 7843 7848 6584 7846 7847 7844 7845
874,7850 13530 7660 3719 11542 1359 7678 11540 5008 10711
875,7859 7854 7853 3863 7857 7851 7858 7855 7860 7862
876,7874 7873 7870 6080 7872 7871 7369 3125 6081 6082
877,7875 7876 4861 14893 14859 1647 1652 14222 8374 14860
878,7894 7882 7879 7885 7884 7891 7893 2984 7880 7883
879,6861 3115 1836 1079 1219 4182 3529 7042 6985 4146
880,7907 2608 7139 7903 6050 6 7905 4395 3254 7908
881,5592 1836 7913 7246 4175 12848 1401 5594 14356 7050
882,7916 7917 3908 6749 13907 2662 8214 13315 1804 10249
883,6399 7918 7920 6052 4031 2036 7335 5053 7921 2139
884,1001 2996 4604 7094 6807 5690 1002 7427 9194 1321
885,7926 6588 7927 1048 4347 823 1818 13919 6586 998
886,5580 7928 7929 836 7538 7930 5167 11092 12319 11029
887,3088 6085 6074 1893 353 6072 11709 6075 2865 11872
888,7942 7937 3422 7938 7941 7944 7292 7945 1108 7948
889,7953 576 5105 7952 2407 6312 2447 14894 12196 15162
890,7954 3811 778 5290 463 6813 5606 805 323 4
891,3182 7689 7956 4422 6064 4902 4841 3916 6254 760
892,5206 5902 1607 7963 11732 12865 1713 2259 8004 10130
893,240 7966 7965 5224 4337 12941 6468 4338 12966 9044
894,780 2363 2249 7968 1088 8196 2460 89 7339 10929
895,7039 7969 5202 7970 4869 7291 3110 7971 4031 778
896,7978 7936 7976 5325 6187 3821 7977 12590 710 11712
897,7982 7983 7981 7984 5485 3984 3401 14517 8244 12901
898,7985 3489 11773 9327 11774 7721 12529 10534 14185 8414
899,5171 230 6774 4309 7987 7018 7986 684 7543 12033
900,4553 7139 7993 7992 2652 7137 7989 7990 2069 3194
901,2023 656 297 3548 8666 7100 11477 6500 10463 2028
902,5972 4383 5502 7996 3468 7997 15191 1101 14509 4382
903,5920 8001 8003 7998 7518 2172 8004 8000 6838 7999
904,8010 8011 8008 8022 8017 8015 8013 8034 8023 7202
905,6471 1071 811 3928 8046 8045 2326 2195 11301 634
906,112 8052 8050 6263 2806 8053 8051 8049 5311 4726
907,8054 8021 8055 1119 9393 12948 1122 10444 10443 1120
908,8057 5408 8058 3862 8056 2560 5021 5405 5406 13729
909,8060 13162 7313 8618 5298 341 12469 4346 9332 14267
910,8064 8062 8063 7457 2260 8067 8070 7386 8069 2674
911,8072 6277 6283 6292 6272 6291 6287 6273 6275 1246
912,7611 810 8073 761 9402 5074 7210 2987 6588 420
913,1568 2748 143 64 7420 2756 8653 10919 3258 182
914,8075 5634 7231 14540 7232 14663 13432 1128 12617 2805
915,8076 8077 8084 8080 8079 8081 3745 2746 8082 4352
916,8094 8092 5560 8098 8090 8087 8095 8102 3953 8091
917,3552 1869 4399 8106 5218 4858 8107 1243 14429 13282
918,8110 8108 8109 14590 3551 2614 13908 1909 14196 11881
919,8132 8121 8130 8129 8117 8135 3951 8133 5259 8112
920,3500 8146 6322 13052 2957 5751 6324 243 2595 9367
921,8148 8147 7628 5679 3401 12885 11270 5568 15036 13197
922,8155 8154 8149 8157 8163 8160 8151 3666 8156 1861
923,4384 4729 5412 5098 12822 4863 11485 9613 5099 138
924,8175 8171 8173 8174 8169 8178 8172 270 5291 1339
925,2005 6677 2036 8179 8181 8180 306 4122 2039 2228
926,8187 3986 8186 8184 8185 687 14820 2460 5092 788
927,8189 1500 1697 8190 23 2111 15287 9989 14953 12966
928,1206 8191 323 3844 2133 11084 1569 7798 2876 9130
929,8198 8200 8194 1270 4914 587 205 3631 2330 8193
930,8204 8206 1942 8205 274 8207 8208 5729 7172 8209
931,8210 13728 11019 14666 14667 8649 9199 11372 995 12029
932,2662 8212 6099 8215 8211 8214 7916 8213 4655 7444
933,8217 5389 5391 5390 5387 5212 5392 3332 5393 5394
934,476 6217 3805 7915 6107 8219 6580 3643 6596 6214
935,8220 8224 8221 3937 3931 1643 6211 8223 3675 2769
936,8226 3109 4775 7042 12286 3108 4972 3115 1281 3111
937,8236 8230 8228 8234 8231 8232 8237 8235 7642 8233
938,8239 8240 2447 4217 5753 3692 11949 5758 2407 9879
939,8241 4346 3526 6971 3541 5343 8242 14274 15077 9531
940,1083 1687 1501 1161 3727 3280 1503 4874 12280 1498
941,2556 49 3251 1290 2718 12545 11063 3599 1292 5748
942,8248 4902 5637 2514 5388 2495 8246 3379 2186 5996
943,692 8250 12340 11366 14572 13558 5802 14964 14573 14569
944,1112 8251 7570 3751 3352 10412 8259 1107 323 5458
945,8254 8255 3407 8253 5568 4778 11703 12561 6431 5317
946,8259 8256 8251 5256 678 888 8258 8257 13705 3789
947,8262 15290 5106 5104 5103 5102 5101 5100 5099 5098
948,8264 8263 2298 3927 10609 1540 13194 7352 14178 3838
949,8279 8284 8282 3722 8285 8274 8276 8289 8288 8295
950,8301 1993 3418 8311 8312 4085 3417 7146 8315 11931
951,8307 2363 8306 611 4319 4632 8304 8303 2297 7761
952,8311 8312 8301 8315 8314 8313 7555 10732 1532 7393
953,8316 4447 5570 13314 14353 4448 8713 10680 10731 936
954,8318 8317 7878 4707 2861 8319 12925 12718 14134 12923
955,5985 8321 7436 8322 6290 12891 13258 10506 12708 11657
956,8324 8323 7249 5759 1387 7961 14800 5758 5757 14733
957,8329 8328 8338 8330 8331 8332 8342 8327 8333 8341
958,337 8346 3380 8349 8348 8350 3316 3301 8347 2510
959,466 8352 1796 1419 6577 6381 126 11243 15113 14140
960,8355 8353 8354 7205 8356 441 14708 9288 10488 1362
961,8360 8358 8357 8359 13229 9450 9455 9452 9453 9454
962,611 8362 49 14880 8361 140 2149 15020 14805 13315
963,209 3609 219 8364 2055 694 3634 4485 8365 2100
964,3055 8369 8368 8370 1490 8367 15061 15062 3056 3058
965,3938 6854 4695 382 5768 8371 3029 3441 450 12157
966,8374 8373 12303 14638 5407 11315 7876 8141 11701 11306
967,8375 7525 6080 2903 14904 12330 5970 7873 6812 7871
968,8376 1935 4848 4428 14680 14819 5351 2204 14510 7208
969,8384 8380 8379 8381 8387 8388 8378 8385 7747 8382
970,4058 4057 8392 4056 13451 4059 11631 8215 8216 13818
971,8394 6769 8395 7019 7020 7018 4952 7017 6114 683
972,7533 5114 7526 14289 6667 3260 4585 5500 4442 3984
973,4884 7646 5185 4369 4813 4823 14858 11713 5215 7332
974,611 15020 10893 9781 14680 618 3213 10421 1621 11092
975,578 8397 5468 3112 2685 1097 5138 3114 4350 6488
976,8400 14028 1558 9324 13278 9323 9830 13654 9379 4367
977,2329 8401 1701 8402 7021 8403 871 5275 466 239
978,8414 8425 8406 6567 8420 8417 8424 8421 8410 8426
979,8430 6586 1856 1857 2813 14104 10189 11274 11648 10190
980,8434 8431 7822 8433 8432 6054 83 10306 10297 7429
981,8435 8436 8438 8437 8746 12218 3512 12219 12221 12220
982,3794 6632 5261 8439 6413 5333 14894 6627 12028 7953
983,5044 5808 8441 11882 8075 14663 6523 2829 6522 5418
984,1347 4071 6441 8442 11855 9447 5292 9448 3670 2165
985,4413 5845 8443 2371 7215 13209 2375 6364 1001 7057
986,8449 4864 3528 5424 3928 6440 189 8447 5100 4237
987,8456 5561 5988 6357 2152 8455 8457 5290 5402 3811
988,8466 8470 8459 8475 8468 8473 8471 8460 8472 5364
989,8478 7016 4605 8477 8476 8164 4133 14464 12550 5689
990,3811 2309 1875 2755 466 10347 5561 169 686 149
991,1447 8479 2808 8480 7324 14348 14605 14604 5513 14669
992,5777 5207 8484 8483 3834 8482 5392 3913 5828 5386
993,8489 8486 5554 8487 2833 8488 3897 10866 7333 14155
994,5386 2473 3339 3831 3316 5829 2540 3359 5214 3289
995,8497 3005 8498 3795 3009 8494 8496 8082 209 7760
996,8504 8500 8501 2579 6522 2124 8502 3971 71 1290
997,8301 8507 3953 4836 5213 1742 528 5360 4295 3954
998,8510 8511 1032 2100 10417 1501 3116 8682 11868 12392
999,1308 5968 5145 7415 7416 4748 8512 1112 5736 3549
1000,8513 5163 8514 14083 5170 10093 7627 11857 13955 6806
1001,8516 1894 8515 4223 1519 5945 1441 13738 1891 2899
1002,4809 8518 8519 8517 1877 7809 12591 9448 4274 6944
1003,169 586 8521 7717 6050 5719 8520 5962 4930 4859
1004,690 3298 8523 2334 8484 14322 294 4341 5394 4901
1005,5998 8526 2742 2614 2741 15152 2820 1529 14007 405
1006,7693 5468 4152 8528 2402 8529 7781 8527 7791 6723
1007,4000 5090 7462 6785 1748 4130 1903 1867 4919 704
1008,2067 2294 3931 3642 8533 12359 2290 8418 2291 98
1009,8534 1237 6986 14880 6598 5935 9648 5929 6337 8361
1010,8538 8537 8539 8536 1011 8541 1725 4401 8540 11799
1011,8545 8543 5559 8544 12 13 2636 14659 14043 13307
1012,8547 8553 1461 8552 3386 8550 3949 7974 4828 8554
1013,3498 698 4470 1118 14295 11229 4610 12611 476 4117
1014,8561 8562 74 3031 2986 7082 8388 9770 3803 6823
1015,1092 8564 5258 6466 8570 8572 8567 5202 3957 8573
1016,8579 8583 7110 8586 8587 8581 8582 8585 8580 46
1017,7518 8278 5913 7808 7809 13611 3851 7998 13613 6838
1018,7344 8452 5834 1796 12840 10305 11956 5514 3811 2539
1019,8600 3183 3417 8558 2034 4365 8598 7391 8594 8593
1020,8609 8615 8611 8610 6754 1335 6117 8613 8612 2869
1021,8621 8622 8620 8521 8619 8618 4871 5142 7514 6210
1022,8632 8633 8625 8626 8630 8628 8634 8624 8637 8627
1023,8639 4441 2242 686 2239 11960 2945 11038 6814 4498
1024,8642 5430 4702 8641 4854 8643 3465 8729 4516 712
1025,1354 3079 1355 1357 2371 11777 4138 2369 2378 3076
1026,3480 8244 8646 8645 2182 1703 10071 3481 11420 10073
1027,8648 8649 6172 8650 6949 3038 6478 10714 12937 11649
1028,8655 8657 3696 4209 1568 8652 5538 8651 7420 1970
1029,7340 163 8661 8662 6033 8659 3139 8660 5247 9049
1030,2560 2722 5027 3043 3044 1752 4863 11962 11961 1679
1031,8664 8663 8185 24 689 12993 8699 7334 8187 3986
1032,8666 8668 2578 3923 2003 3618 3970 2118 2577 3517
1033,1419 241 4188 8673 8672 8747 6325 8748 5299 2121
1034,8674 7872 8675 5969 2346 7207 7873 7870 7874 3125
1035,8677 6728 6729 4595 5338 11142 900 102 10021 4497
1036,5163 4928 2234 1600 7270 6340 7363 8678 8546 5078
1037,8685 8682 8679 8681 7652 8683 8684 3858 8686 8687
1038,228 4179 8689 4178 6087 11090 5613 10561 10560 5364
1039,687 8693 8691 1061 8692 2044 4316 476 6997 2460
1040,8694 8695 3582 8697 363 8698 7470 8696 7896 6192
1041,8701 6799 4661 4658 4659 2615 8700 8702 4647 4645
1042,1452 1796 3015 3713 769 176 8704 4235 1569 3697
1043,8705 2587 3710 2448 2765 5401 1586 15014 2586 2457
1044,8708 8707 8706 15245 5464 15116 10287 15136 15137 15140
1045,8709 8710 8711 6417 12114 10 9074 9073 2207 13314
1046,5066 5833 6579 8717 662 6580 8714 6577 1095 512
1047,46 7926 2026 1621 7153 56 8724 6522 7762 8721
1048,8725 13195 10187 10784 5591 7116 3980 7601 14843 4454
1049,8729 8726 3465 405 8727 2820 2742 1166 2614 1323
1050,4 2040 6794 5066 466 2039 778 11459 687 618
1051,8733 8736 8739 8735 8734 5929 8737 8738 15129 1737
1052,8741 1642 4825 5585 8742 1643 3707 6954 8744 1982
1053,5299 1419 6325 8747 8748 1404 8673 2121 14054 8464
1054,3232 3231 4873 4874 3382 2649 8754 4875 4290 8554
1055,4736 8757 5277 12274 12182 6302 2566 7564 13996 6099
1056,2667 8758 418 7562 12616 11203 11202 7558 2457 12676
1057,8760 5229 1740 14319 5230 5232 5231 5227 1741 5228
1058,1642 6040 842 8766 6366 6439 1967 1968 2937 8768
1059,8774 8771 8772 8773 8770 11887 12142 14437 4151 12523
1060,8775 6020 184 5488 2168 1686 585 3104 2024 7004
1061,7962 8640 8779 14255 11701 14710 4564 11232 8944 1926
1062,8780 1670 14036 14997 14986 645 14718 13513 13037 13612
1063,149 7238 8781 778 8782 2897 304 1396 7835 7211
1064,8786 8785 8784 6773 6626 7944 6849 6750 6501 6500
1065,8788 1896 7165 7166 7878 8318 12925 7161 11594 11710
1066,7657 2072 757 8790 6983 7929 7137 2163 8791 13886
1067,2032 8796 8797 8793 7123 2142 3969 5187 81 3021
1068,8807 8805 8803 8808 8810 8806 8760 7249 2816 3882
1069,8813 8814 2989 8812 1661 4965 8815 10517 2988 2442
1070,769 8816 7257 3916 7822 7136 7258 9706 5418 8434
1071,2959 7294 8817 13850 3403 2958 7249 555 14144 10730
1072,7683 8146 8818 3553 488 3097 590 2225 6856 5804
1073,5863 3777 5883 5480 1603 910 3776 3783 3780 1011
1074,3602 6135 8823 3584 14954 3585 9876 8665 9877 11866
1075,3012 3011 8825 2015 8627 3010 3007 3008 3009 12740
1076,8833 8826 8732 8834 1532 8831 8828 8835 8832 8829
1077,732 8836 5851 6266 2253 6383 8800 5850 12976 9230
1078,8841 8843 5265 8842 7519 8839 8840 12234 11779 11303
1079,611 3998 8846 7377 7373 3118 2675 10408 2497 15020
1080,1709 1863 8848 8849 8847 8850 13713 1011 14269 1711
1081,8851 6574 248 10063 14303 9482 9486 7684 8888 9485
1082,8664 7334 7333 11270 24 8185 13591 9936 10092 1345
1083,8859 8860 3244 4026 4318 8855 8852 2949 4869 6305
1084,5074 6694 1201 1766 7207 8659 6215 8865 8864 4232
1085,8869 8341 192 13855 13320 15097 13321 2614 13351 13482
1086,611 8873 8871 14997 8874 8872 2185 14827 5037 14825
1087,6044 503 3713 2897 8621 8878 1759 2780 870 8877
1088,8882 4852 10481 4352 2206 4455 8326 2657 12429 10135
1089,8887 8886 8884 8885 11693 11692 14090 8913 9128 10184
1090,8893 8889 8888 2599 6004 5372 8896 6105 8894 8483
1091,1894 7218 7742 6615 6165 6624 8901 7562 8899 8900
1092,1532 8905 4515 6351 8904 8907 8906 13539 11749 2742
1093,8909 8912 8911 8908 8910 8913 11693 8886 5942 12904
1094,8924 8916 8881 8929 8915 8927 8920 8919 8930 8928
1095,5436 7280 8939 7403 8944 5760 8002 8948 8954 8790
1096,4383 8200 4382 8962 585 1516 5140 1734 2278 1242
1097,2267 8965 1936 8496 6597 6685 6117 8967 5353 8966
1098,8971 8742 8973 8970 8972 2780 6521 4370 1256 4378
1099,8977 3888 2600 8976 7234 10640 9373 9374 12226 9366
1100,4238 4194 4227 4235 4349 3712 6209 253 5045 2779
1101,8981 1317 7554 8982 6809 8980 4407 10214 8979 12262
1102,5858 8984 3453 196 3528 5424 189 2318 26 1351
1103,8987 8989 8985 2160 3502 8988 8986 5293 7486 2740
1104,8994 7696 2809 7417 14692 7697 1484 6596 1568 2448
1105,8995 6013 180 5016 2448 6028 466 589 11745 8704
1106,8506 8997 1274 14 9012 11 9004 6997 22 7225
1107,9038 9043 3230 9042 4431 4548 1367 668 1559 9041
1108,9044 8655 4162 5558 1739 13784 14951 10639 7966 5224
1109,2139 7506 2767 6439 7971 7044 6958 9045 3203 776
1110,6444 9049 9048 7392 3386 2227 9050 5084 5323 9047
1111,9055 3611 9052 9054 9053 8999 518 2949 9051 714
1112,9059 9060 1949 13886 8926 4003 2072 11836 1250 4408
1113,4771 596 6648 9069 3518 8766 8447 3020 2784 9067
1114,1320 4060 2375 6362 1780 9192 1319 6363 1779 1778
1115,9072 9071 1191 688 11361 4974 637 5292 5498 6402
1116,8761 9074 9075 9073 8710 12842 8709 7333 10722 15038
1117,4875 1296 5425 4874 4873 8349 7133 6998 4877 1687
1118,9078 9077 9079 8215 1536 9076 3721 5228 11128 13915
1119,2304 5411 9082 9080 6870 9081 11652 13338 2081 13340
1120,9083 9084 912 5565 10246 12376 11022 4643 12757 13682
1121,2158 9090 8618 3837 9089 3191 8963 9085 8183 895
1122,7556 9100 9101 14010 14255 10429 10036 10428 10431 9798
1123,576 1222 6781 1662 9103 5204 7108 6162 6783 9803
1124,9105 9114 9106 4662 9116 8248 9113 4663 9107 9119
1125,2291 3111 559 9122 3108 9051 7341 1243 14417 714
1126,995 9124 9123 8210 7868 5938 2953 6713 3242 8386
1127,9127 1947 9128 8885 9126 7259 14394 9659 8041 8035
1128,9130 9131 9134 2585 5234 9132 2048 5859 9133 7220
1129,9136 7653 9137 9138 3491 11611 12684 7650 2840 12685
1130,3749 9140 6195 1063 2713 9141 10459 1081 5180 11256
1131,9144 9143 625 4756 2067 7697 15260 14921 5552 13517
1132,9146 9145 551 10 7633 11213 11900 15006 3245 5938
1133,3933 3743 5774 109 5282 7709 2252 391 4382 6764
1134,8961 8441 2002 6767 7501 9156 5658 9162 9165 596
1135,9174 9172 9173 13488 14283 14673 3083 3170 14671 14672
1136,9175 9178 9176 9179 5617 7960 5676 6217 434 9177
1137,9182 9181 9183 9187 3860 3989 3822 9186 4992 5789
1138,618 612 2476 611 287 14717 15065 12633 11092 2475
1139,9190 1631 9189 7658 231 8007 8027 5638 9716 9717
1140,1321 6362 1319 6363 2375 1778 9192 1320 1322 2371
1141,9204 2197 9209 9210 7053 9200 9208 9220 4667 9217
1142,9230 5339 9229 8966 9232 9231 6266 10803 10805 10802
1143,6361 9235 2378 9237 9236 10365 1354 2371 1320 10366
1144,2981 9238 6877 3789 9515 9514 9516 9513 13428 7568
1145,4126 4205 2856 15171 14542 10746 4125 7771 4129 5170
1146,9245 9243 9242 9244 9241 4383 2418 9246 8457 9249
1147,3428 9256 3429 3427 4350 1119 9393 5249 3857 8021
1148,9257 450 5796 777 13225 12804 11685 6751 10737 2327
1149,5663 1819 8643 3643 1378 7721 9263 7708 9267 2001
1150,9277 9278 5140 202 1516 1193 14130 14897 11424 6072
1151,9280 8210 6335 2922 9282 9015 2350 9284 5814 9279
1152,9287 1549 1133 3040 9288 4550 2670 10866 2671 7469
1153,4446 9291 9290 8055 4048 4836 4428 9289 7615 6412
1154,3387 3269 9295 476 7206 9294 5542 9293 1968 762
1155,9298 1587 9301 9302 9304 9300 9303 4311 9308 9306
1156,9320 6514 2794 64 9321 4853 8280 5004 13780 9230
1157,9326 9325 9323 9324 9327 633 1558 1557 3753 3855
1158,9329 9333 9332 9328 2327 7213 5761 9331 1838 9336
1159,9357 7142 7626 9353 9352 8897 2961 9342 9354 9347
1160,3500 2595 9367 14910 15009 14669 13052 2596 14388 14926
1161,9369 9368 13495 3656 11985 7779 7662 10406 12457 7713
1162,9371 3858 9370 4404 4799 13705 3789 7430 13845 9443
1163,7234 9373 8977 9374 10640 9372 335 2017 2015 9375
1164,9387 9385 9379 9384 9383 9376 9382 2841 9381 9377
1165,3055 7716 11126 2703 9957 13626 14875 8369 1367 8999
1166,507 7338 5545 6020 6021 9390 6019 5539 3518 1981
1167,8647 9393 1119 3086 9392 5248 7796 9395 8612 9394
1168,9397 9396 2338 7327 2721 4725 7189 5069 2938 10305
1169,9400 9398 9399 9320 7432 114 502 9401 3214 3996
1170,7611 7210 9402 10796 761 5074 13849 4785 2174 8073
1171,5198 9404 2632 4800 9403 5939 15125 11445 11446 13027
1172,9411 9416 9415 9413 9408 9417 9419 9414 9420 9412
1173,9423 7748 5441 4552 9790 10897 641 5443 5442 5439
1174,9424 1204 6919 14985 873 14222 5508 796 1213 466
1175,3518 423 145 15241 2460 167 8046 6596 7089 466
1176,9428 9427 7290 9426 5630 3163 2584 3548 7701 12569
1177,9430 6128 8404 6336 1271 14381 6003 14970 160 15109
1178,9434 9432 9431 7086 9433 12902 15025 5792 4284 9379
1179,466 251 6682 662 8719 7816 8623 686 476 873
1180,8509 5784 9438 9440 9439 1758 9441 9437 3683 7410
1181,6394 8784 1686 7542 9446 3814 5877 2867 9445 9444
1182,5292 9447 4071 9448 1281 4809 4974 5289 9648 1237
1183,9452 9450 8358 9455 9453 8359 9454 9449 3490 9451
1184,2750 409 6020 6826 4789 8705 6343 8219 4940 7522
1185,149 169 165 873 14548 466 686 4385 2262 2121
1186,2770 4950 1476 2748 2356 543 9458 760 1735 9457
1187,9460 15207 7181 0 8755 1512 7367 4780 10800 5662
1188,9462 9461 4722 9465 5110 9464 8069 3589 9463 8071
1189,9473 9470 9477 9472 9476 9469 9334 2356 2768 5737
1190,9482 8851 9486 7684 6574 9485 9484 9483 8319 333
1191,3744 9494 4717 6768 7917 9493 8714 8616 6678 9492
1192,4899 9499 3237 4905 4901 4900 4992 3380 2696 7496
1193,2463 2727 1912 9508 9506 5584 4786 9502 9505 8839
1194,9510 2415 1878 14850 12861 13230 11353 14740 14851 3849
1195,6699 5493 4378 1810 8137 6521 5492 5494 5506 7936
1196,9512 8848 2727 8850 5758 13712 1725 1709 4676 8008
1197,9515 9513 9514 9516 2981 3789 9238 7568 1700 6877
1198,1467 9517 5283 12906 10557 7583 10150 12903 5343 2402
1199,9523 9522 9520 9521 9519 4456 9526 3921 2828 179
1200,2468 1643 9390 6954 9529 9530 5079 5321 2062 3370
1201,5663 9531 9532 8604 323 5660 1491 1606 7336 3945
1202,6129 9533 2243 15036 10059 12823 7630 8986 11098 14154
1203,9534 6742 9535 402 9539 1136 1145 9536 1721 1007
1204,796 775 3191 5508 860 873 794 3333 14391 323
1205,6952 2281 5604 8675 6235 50 8674 15172 6233 4327
1206,3261 5287 4551 431 9543 9542 7910 14932 6598 5285
1207,871 9545 3213 1869 8417 9546 3119 4502 857 6002
1208,9549 9553 1475 9547 9550 9551 9548 9666 3774 3415
1209,3894 9555 4700 1115 14730 14659 14043 14731 14593 1107
1210,4594 4642 4644 9560 9558 9559 6795 5566 5565 14770
1211,8485 9562 3811 4166 4970 7289 8364 9561 6343 9563
1212,8252 6137 9573 9574 2018 9571 6138 7563 4718 9572
1213,4605 5689 4693 1153 8164 4133 1721 8477 14464 15238
1214,2309 2764 139 3811 169 12654 466 871 323 14636
1215,1384 9583 27 851 9579 9581 5133 9582 5415 9587
1216,863 2560 3043 9592 7348 2460 2234 3971 4769 1504
1217,9594 7515 9593 5286 5285 11424 9621 9106 1897 6083
1218,4341 150 4910 2963 5809 125 9595 3298 2566 4342
1219,9597 9596 9598 9599 9601 9600 6384 9441 6337 9483
1220,9605 9604 6684 3811 5682 2722 2276 5727 4890 2736
1221,8259 9510 8497 5461 9607 14850 12861 13230 14740 1419
1222,230 3862 3762 6019 1235 1236 229 231 3859 8516
1223,9610 5664 7046 9611 9509 1130 353 11591 10553 7047
1224,9612 1422 540 5949 2708 11244 10576 543 4474 6203
1225,9616 9139 9363 1917 7439 3947 9618 9614 4742 611
1226,9621 9620 9623 1508 277 9150 6639 7515 453 7619
1227,4139 9626 396 5848 6555 7091 395 9625 9624 2733
1228,9633 9641 9637 9630 9634 9635 9632 9636 9631 9642
1229,9648 1237 4972 3109 1943 1281 5342 5423 3351 6598
1230,9649 3825 13529 1953 12265 6818 6285 13367 10452 20
1231,9650 7567 6262 8059 7745 13763 12148 1937 14378 9655
1232,6699 8884 3811 8992 9652 9651 5402 7931 3875 3135
1233,7689 6687 3672 586 9656 5664 9655 4169 1852 1707
1234,1071 8396 5934 466 2061 794 10256 2935 6919 1986
1235,9658 585 9470 5174 4523 9657 9473 353 10046 10047
1236,9661 7945 7260 8372 7543 6854 7943 5156 14709 12025
1237,1915 9665 2375 4693 5671 5669 9664 9663 1723 7064
1238,9667 9668 12962 12961 529 10180 38 11790 14170 5177
1239,9676 9671 9670 9677 9673 2114 5526 9674 3872 8304
1240,9682 2864 1460 5246 8550 6646 7171 9805 12566 11986
1241,5784 3028 8199 10912 13520 9439 7699 3038 3801 10592
1242,9686 7337 4322 2254 2111 9683 9688 8069 2121 9285
1243,9694 3507 9693 9691 5764 9690 340 9692 2144 14586
1244,9695 8063 5219 3538 9696 5950 3963 315 1267 11077
1245,1896 6949 6616 4019 8648 6620 710 5486 1891 6499
1246,2899 9698 8474 17 9202 2397 8128 13738 1894 52
1247,9700 6691 9701 4443 9704 8106 9705 8816 3999 1349
1248,9712 1340 1341 606 7624 620 9714 9713 621 4455
1249,139 6997 195 2762 8304 7995 12654 775 11866 323
1250,9717 9716 9718 9189 2910 9550 9190 4321 1631 7925
1251,9719 6791 8668 4635 5822 122 2480 4815 4988 120
1252,9738 9726 9733 9735 9724 9736 9734 9727 9737 9732
1253,9756 9747 8847 6734 9748 6741 4141 9757 9753 9754
1254,9763 9759 9762 9761 9760 1909 9482 13 14305 13307
1255,9767 9768 9764 3833 9770 9772 2614 3832 7230 9775
1256,3811 9777 9778 9779 3153 924 14660 259 14893 10347
1257,9781 3598 2516 9587 7732 13902 9780 12273 12272 611
1258,9787 9785 9788 9784 9783 9782 9786 245 9552 1532
1259,3318 2484 9109 3359 3302 10738 4913 186 8903 8349
1260,8375 7525 7524 4465 5179 7526 7529 7528 6058 3591
1261,7748 641 9790 9423 5441 10353 637 10351 610 614
1262,404 9793 9791 9794 9792 1166 6867 13354 13422 12426
1263,9797 9798 9796 10428 10429 15133 9100 13620 9759 13307
1264,7926 9800 60 8512 823 2012 4347 4503 9258 3657
1265,9803 6783 9805 6162 9103 6781 7940 9807 9477 7934
1266,760 7239 5755 9811 854 7240 14357 2465 5728 14358
1267,2613 9814 2612 8212 9813 1129 6099 9426 1543 9812
1268,46 6304 7989 4984 12205 14400 7752 5218 6825 6002
1269,9821 9820 9818 539 3772 8690 9819 9817 4164 3457
1270,1467 4275 4274 9826 230 9824 9823 9825 3859 2420
1271,9829 9830 4124 9828 8613 13631 1558 9324 9323 4129
1272,9839 9833 9840 9837 7575 5895 5800 7260 613 6061
1273,9847 9845 9072 9843 8657 6566 7851 573 9846 9844
1274,611 3909 9849 3602 14680 7310 15020 12865 9954 6698
1275,6446 9852 1011 5876 6447 4134 2869 9850 1357 4036
1276,9855 9856 7206 13640 6161 2983 6499 5469 14686 11488
1277,9871 9870 9867 9872 9865 9868 9860 9864 9873 9858
1278,3584 9876 9877 3027 3031 4166 3602 3024 7336 7454
1279,1136 1145 5667 1146 4596 1721 7215 10988 10751 5686
1280,9878 5948 9561 1736 3303 2416 8753 7279 2336 3353
1281,9880 9879 8239 966 961 938 4589 12761 4590 12946
1282,3868 1399 3287 4989 3871 135 3860 3870 3869 4988
1283,9122 971 3581 319 7282 6802 9881 3585 3584 3551
1284,9885 9883 2324 8520 9529 8963 5060 9884 6964 2939
1285,685 790 4233 466 686 169 775 163 4220 331
1286,6912 9887 1160 8465 3811 162 7327 7193 7514 8065
1287,1540 1415 46 9888 9343 2075 6870 8766 2323 6381
1288,9891 9890 9414 6134 12295 8044 2535 12317 2185 9422
1289,9892 9893 9895 4576 9894 9220 15107 13879 12945 13716
1290,5070 383 3043 3044 5275 4865 2270 5132 3959 1752
1291,9915 7919 3272 174 2526 3271 9902 8502 3270 9906
1292,659 3749 2597 9933 9934 314 8599 5940 8305 6128
1293,323 31 27 30 1239 128 2988 6003 873 6126
1294,9938 1183 5404 2063 9942 6529 2828 9941 5994 9939
1295,9952 9949 9951 9950 9948 8382 14267 13835 12793 1344
1296,5078 5255 3160 5079 9911 9953 6899 7371 13824 9901
1297,9497 9955 9954 1512 874 5972 8482 1516 8932 463
1298,6144 5463 6524 5607 6525 9956 2254 3533 9155 6530
1299,1320 6362 1319 1778 9192 1779 6363 6361 1321 4060
1300,3055 9957 11126 13626 14875 8369 1367 8999 15247 11227
1301,9814 9959 9960 9958 5329 12695 5330 9813 9373 10901
1302,6431 5317 8255 2624 2014 9962 9961 4574 1726 9945
1303,9963 9964 9965 1554 8145 14858 14959 14205 12685 1556
1304,9967 9968 1709 5667 5129 1151 9969 10988 1711 5125
1305,9970 14905 5608 7643 10502 10501 10500 257 6848 10503
1306,5319 1387 9971 7808 2923 8002 5318 5320 7518 10154
1307,2268 4800 6093 4273 5198 9404 5282 6091 12432 2632
1308,9972 2770 1164 6629 12980 6627 11932 4950 14129 11780
1309,9979 9987 8678 4819 9976 5794 9458 9335 5288 5735
1310,1088 9993 5607 7118 3627 5824 9992 8993 14049 5346
1311,611 9924 15020 10893 9781 618 14680 10483 10482 10421
1312,9999 9996 2902 4631 8781 7205 4966 9998 5969 4375
1313,5237 10000 3644 1795 12930 11594 1792 12931 2984 13261
1314,10003 10001 6772 10002 5898 1861 13230 11769 282 11793
1315,10004 3756 5214 5386 4981 4986 6200 10005 9094 10006
1316,10009 10007 2391 10008 5505 1713 1607 10010 10720 5775
1317,244 10012 4122 14771 7831 248 14045 12549 11427 3172
1318,10014 5187 8999 54 10015 1640 10017 2146 8792 9922
1319,7633 253 10024 3098 10022 10021 1811 888 778 5294
1320,10026 541 10025 12188 2986 552 74 5415 4552 1257
1321,10028 7963 10029 10031 6839 10030 10032 9401 10033 6838
1322,10035 8025 5620 5380 1889 8431 11565 9706 1190 10805
1323,10037 10038 10036 10039 12617 6217 11461 11128 11462 2936
1324,8808 5193 2816 13351 1166 2820 12535 10041 1532 404
1325,3853 2655 10042 10044 4023 10043 11525 1263 1243 9234
1326,2457 8622 7496 2763 3732 3963 10045 9088 7054 7494
1327,10046 10047 10052 10051 10048 10049 5174 2288 563 10050
1328,10057 10056 4834 7687 10058 9896 3651 6412 11747 14805
1329,4772 10060 10061 14382 14129 9276 10391 7266 13552 7299
1330,10063 10062 7209 4837 419 248 14864 11041 11769 2064
1331,3023 6684 7385 10065 1491 3627 6686 298 2319 3256
1332,9562 1192 4818 2758 1202 2754 10066 7423 1101 6358
1333,10071 10070 8645 10073 10068 4035 10069 10074 4600 11420
1334,3551 10076 7282 10077 14590 13353 8110 11955 8108 7966
1335,10084 10080 2662 10083 8812 10082 10081 7227 10079 8276
1336,671 672 10090 10089 10091 10074 670 7427 4037 1136
1337,10092 3210 7043 13593 11270 3017 13591 14743 9936 580
1338,264 1556 1263 4023 262 13903 261 9764 4787 12858
1339,9427 5163 1850 881 5089 9428 8513 5170 14055 7701
1340,10093 7627 8514 342 923 13395 13906 8513 14888 8374
1341,10094 2657 7347 8224 1250 14082 14512 11082 13886 10346
1342,10095 6280 14582 14458 6410 13737 15166 11968 13682 14616
1343,8808 4056 2663 12535 4058 5193 13635 14328 13711 10041
1344,6706 10096 10098 6364 10097 7099 7098 7059 10099 10995
1345,5192 10101 15224 15223 12534 4038 5189 14408 8805 4329
1346,7402 4365 199 345 7955 11647 12981 8142 351 7401
1347,4803 10110 10103 10111 10105 10108 10104 6396 5126 10109
1348,7083 3811 8220 10114 341 10113 10112 6516 5960 7482
1349,873 101 3244 14690 3243 3240 14264 15233 15270 149
1350,10118 10120 10121 10119 10116 3425 4072 10117 2908 6262
1351,7302 4966 10123 12037 13285 626 14452 13310 14699 3405
1352,10125 10126 5904 632 2324 5917 14378 11050 12086 2005
1353,10130 8713 10131 5206 5570 7685 10128 10127 10129 5681
1354,10135 9681 10133 6969 2292 9330 3835 10137 10134 3834
1355,10144 10143 10142 8047 2293 865 8662 3911 1451 3195
1356,10147 10154 10149 10145 10151 8842 10148 10150 4561 10152
1357,1489 10158 10159 1481 1488 14107 10499 1487 2739 12336
1358,10165 5520 2161 510 2987 10162 1559 10166 10163 662
1359,1617 1622 1618 1621 4355 4902 6177 235 2358 234
1360,6362 1320 1319 6363 4060 4415 6361 1778 1779 7427
1361,10177 10172 8574 10173 10171 8840 3401 7373 10170 648
1362,10181 5161 8024 14715 9557 10003 10001 13690 8029 2409
1363,10182 1832 5054 1972 8447 6960 11082 1833 6959 10223
1364,10183 7946 2256 4574 765 14953 14542 13479 2014 7711
1365,10184 10185 10034 575 5354 13384 12234 5356 10189 1678
1366,7200 10186 10187 7199 8725 13195 13767 273 14027 9972
1367,8430 2813 10189 10190 10188 1857 2812 13391 1938 1856
1368,1915 9665 10192 2622 10191 5897 1721 6542 1001 7222
1369,10195 10197 10194 1365 10196 12492 4361 12214 12217 14625
1370,7427 10199 2883 1708 7785 6707 10198 10899 12370 7554
1371,10200 3605 10203 10201 9476 6340 10202 9978 14487 13511
1372,10205 11849 6510 262 10345 4381 10693 729 7606 7605
1373,4330 10206 10207 2820 4515 8904 2742 12426 1535 14806
1374,9510 10210 6827 7162 3823 104 10209 4280 3420 3557
1375,1028 10216 5195 10219 14354 10217 10218 13735 13852 12679
1376,10221 8217 710 13197 11204 8218 14821 5455 4284 979
1377,10182 10223 1537 10222 1004 9217 14532 1130 10978 14368
1378,10225 6354 2594 6932 917 1388 4030 10391 10060 2040
1379,10227 3303 9363 10228 6211 3016 7696 1738 10559 8753
1380,10229 2989 2988 13942 14723 5199 8813 13125 13839 31
1381,10233 10231 7049 10230 6400 10237 3725 6563 2607 10235
1382,8518 7939 10240 4809 12033 13109 7809 8519 3952 10328
1383,4925 323 466 7516 437 1071 3033 4769 3419 4245
1384,230 3862 10242 5634 10169 10243 15192 229 13907 8516
1385,8959 5047 10459 11718 3749 1368 9040 4808 3366 8345
1386,10184 7527 10244 2420 5819 12910 2413 14442 10450 10034
1387,10245 665 3369 666 1160 667 10247 5280 3523 6003
1388,1721 1136 2882 1729 4407 1146 10246 1145 11091 14751
1389,665 10247 5280 3523 10245 7465 3369 9143 15046 666
1390,7701 1535 9427 10248 3417 5926 7761 3910 1166 445
1391,10250 10251 10252 14118 14606 12626 11315 12235 14237 11306
1392,9826 230 10255 1253 2982 1269 6225 4749 15125 5783
1393,7767 10259 10260 411 4094 10258 2274 2247 14878 11261
1394,6358 10264 9367 1483 1487 9472 8455 9028 10174 3604
1395,2990 5491 10237 1611 4970 3527 190 4146 4147 5184
1396,107 7821 10266 1809 6585 8045 9935 11729 14610 8074
1397,2719 3544 7453 7021 7398 3216 10267 253 5766 9546
1398,10271 10272 10269 10270 7506 563 4610 2000 1404 10273
1399,3377 4635 9861 9719 2961 10275 5825 122 10274 4993
1400,5140 6086 3974 13480 13481 12584 9277 1516 2201 3587
1401,9366 10279 8977 10278 715 10280 10277 7783 7234 10640
1402,10282 4074 5613 10281 5731 10284 3408 3792 3724 2581
1403,10285 13495 12457 11522 7430 14841 11513 11517 5489 14352
1404,10142 209 1836 3989 3478 7799 439 5592 12011 11904
1405,10286 8934 9823 10287 15137 15136 8708 15138 15143 15117
1406,3811 1673 755 2114 14893 10347 11872 2309 1678 1675
1407,7336 10289 2074 8415 10669 7339 9560 10168 10667 3772
1408,6576 2105 8601 11429 14617 12418 6789 11824 14664 11817
1409,7346 9283 2417 5143 9442 1374 2490 10042 10763 3404
1410,1880 5096 3214 8480 10292 2963 5750 10290 10291 15078
1411,6617 10294 1347 3510 8719 6142 10521 10520 12083 466
1412,769 9702 10295 4468 8933 4194 3309 3120 5418 6038
1413,9169 8434 8431 7428 5487 9370 7429 635 10304 5489
1414,9466 9039 1073 14692 13843 11474 1096 7696 7140 5491
1415,8959 4808 4789 42 3190 434 787 3366 5618 7488
1416,714 1201 865 559 85 4868 2468 14984 2994 8054
1417,10318 10319 10313 10315 10317 4529 10314 10320 9543 10316
1418,10323 2437 5605 4750 11710 4747 5598 8605 5600 2865
1419,10325 10324 10326 13567 4673 13568 10941 8237 8233 7642
1420,10328 1833 10327 10329 1568 10240 2024 820 3117 1685
1421,1447 764 3105 2035 2684 323 2039 13636 3811 611
1422,10332 10330 102 7671 1108 6515 10331 8844 1107 8677
1423,10338 10334 10335 10337 2170 285 10333 1746 3994 6073
1424,2139 2307 1993 793 4128 10607 6178 7429 6176 4085
1425,7263 10341 9915 10546 6889 10547 1018 10342 3459 8749
1426,3387 3411 3388 3412 14173 8884 9867 3410 10125 13987
1427,10345 10344 10346 717 10343 2603 2042 13032 14641 10732
1428,10347 5561 7814 3811 466 476 149 14548 2309 686
1429,10353 10351 10354 10350 10349 10352 6537 641 12228 12229
1430,6364 7427 9192 1320 1779 6363 2375 2371 1778 4060
1431,5176 10360 10358 509 10356 10359 5361 8747 8711 6322
1432,873 4385 1377 149 686 323 13371 466 169 1375
1433,6932 10364 1762 4069 10363 122 13206 4635 144 1388
1434,6320 10365 10366 5671 10368 9236 4141 1011 1357 2378
1435,10374 10375 10372 10380 10373 155 10378 10371 10369 10377
1436,10385 10386 7918 10387 8704 5507 6052 9612 5011 457
1437,2023 2301 10388 7737 3468 6675 9069 588 6671 6439
1438,10391 10060 2040 4911 4772 10289 10225 10390 466 2834
1439,10393 10399 10395 10394 10398 7368 3654 10392 10401 10404
1440,10407 8215 2663 3565 4057 8393 8216 8275 4056 2662
1441,10408 3998 10409 3995 7292 9502 3997 3996 8846 7377
1442,2823 10410 10411 1535 2820 2742 13260 14331 13926 13187
1443,796 1732 5545 5202 8948 7972 5508 14391 7503 12423
1444,10413 10412 13258 14112 12865 14132 1225 8251 13428 11737
1445,10423 10276 10414 10420 9167 8619 2065 854 8672 5062
1446,10426 10427 7076 8900 7895 10425 1714 6504 13191 4962
1447,9797 10428 9798 10429 15133 9100 13620 9796 315 14579
1448,3857 4789 2308 14400 5299 3428 8959 6343 10181 11690
1449,10430 8346 9249 769 488 1058 7769 6013 1055 1037
1450,7556 10431 11208 12226 9100 9101 13114 6101 12648 13066
1451,794 1071 1986 476 466 323 873 3333 462 478
1452,9896 2294 6130 10438 691 729 7931 8467 8836 10239
1453,3916 7429 8433 10306 7822 10297 8431 83 8434 10302
1454,10441 8335 8112 12576 5385 14645 2439 5383 13392 5381
1455,5299 2519 7730 8747 13851 14052 14054 14053 6325 9792
1456,10444 10443 10442 7888 6094 2850 13368 5199 1127 7643
1457,10447 10446 10448 12869 12867 2263 1677 12479 10779 12480
1458,17 2130 10452 20 1574 437 9314 10451 9068 3825
1459,7401 7253 8141 4276 11940 14353 11637 11421 8374 11875
1460,127 2457 1836 133 4127 6676 292 13285 9264 3648
1461,10457 10455 10456 3009 3482 5282 2438 5327 5332 3481
1462,7149 1347 5910 1601 5911 4740 1466 5908 5901 1464
1463,2699 1385 249 14423 14422 5197 5196 7527 466 3602
1464,1112 4906 3497 2474 1207 3932 15217 1371 3237 7494
1465,469 339 2689 7691 351 11181 11182 644 687 7398
1466,10458 6760 8755 6759 6756 6757 6758 11916 5753 10888
1467,10460 476 466 8670 640 8524 2291 1588 9944 2124
1468,2221 2913 4348 3298 5850 11747 164 4900 2482 2635
1469,6364 9194 6363 6553 10461 5876 6705 1320 9192 1321
1470,1101 3811 2063 5502 5359 1192 3300 2064 12280 14893
1471,10462 7238 5482 3866 4929 735 450 811 9570 464
1472,10465 10466 10464 10467 10463 9290 6670 7410 9972 13530
1473,3014 10470 864 10472 10300 10471 1271 1567 1981 5551
1474,1317 6360 9851 1357 1011 3083 2014 4687 7057 2371
1475,10475 2569 10477 1508 8501 10476 132 1089 8502 9568
1476,5151 10481 3069 8882 2582 15140 15139 3072 2626 10287
1477,3055 10482 10398 3407 2575 2519 8245 5792 11126 9957
1478,10485 10484 2099 4923 651 10137 10439 4485 8289 3342
1479,3007 3008 3664 961 3005 3009 3006 3011 3010 3004
1480,7821 5488 6691 5489 10181 9706 7247 4789 5726 10487
1481,10488 8354 9288 10489 1362 9782 10490 9287 13841 8355
1482,10491 13312 14284 14507 3833 11946 9405 13596 11552 13480
1483,10495 10492 10496 10498 1102 8191 1306 8407 10497 10494
1484,10501 10502 10500 9970 257 6848 10156 10503 2285 5251
1485,10507 10508 4774 8837 2734 6166 11711 14637 2197 11623
1486,5427 4181 3819 4975 5425 1611 5155 690 4482 10236
1487,10512 10511 2810 10510 1990 10514 1796 2118 6049 10513
1488,10520 10521 10519 7238 10294 10518 7708 1016 2943 10462
1489,1660 2428 8798 10522 14894 713 6220 3945 15096 2790
1490,1532 10523 10525 10524 2614 6417 11112 2742 12745 3465
1491,4975 3819 10236 7369 1517 222 3820 4974 1611 1041
1492,10527 247 2155 3269 1187 6040 7191 8717 6548 3104
1493,6816 10529 10530 3548 14856 6815 6814 11493 13933 14855
1494,10531 4223 1219 4769 6651 8447 1235 8854 7500 5951
1495,2938 2307 2221 9396 3556 3253 2764 1206 142 2211
1496,10534 10533 10394 14185 4108 8414 14749 1835 12700 9384
1497,10536 7994 4426 6106 10537 10535 7431 7006 4427 9134
1498,10542 3237 4901 1869 88 1162 4815 4913 4887 9499
1499,10327 10430 5362 3624 8303 2799 10238 1017 7189 8197
1500,8982 10355 7554 6805 10627 8981 12656 7449 5846 4407
1501,1493 5185 10546 8368 10342 8724 10547 1018 10341 10548
1502,10552 9221 10237 2332 10235 6834 5938 11746 11366 692
1503,7178 10553 2021 5011 5815 7179 13797 2658 7180 7177
1504,4596 1828 10554 10555 5686 7215 1145 11091 1011 9540
1505,1320 6361 6362 1319 6363 1778 1779 4060 2375 9192
1506,1467 10150 10557 5343 9517 5283 14221 13986 13221 13541
1507,1738 9439 10227 10559 3028 6036 3946 5778 5784 11930
1508,10560 2635 10561 228 5364 2634 14147 7264 14752 15192
1509,4329 10562 1443 4398 10563 8768 11108 12534 14217 6990
1510,1701 618 10565 685 10564 586 1100 48 6434 2029
1511,9249 9075 8704 10567 9074 14226 12362 9073 7310 3222
1512,10569 7077 10568 10570 5871 14746 14747 14749 12807 14748
1513,4005 10572 1480 10571 3911 6032 3601 10142 2101 12327
1514,10575 10577 5687 10367 13565 4608 4139 5848 6737 5849
1515,9296 1520 10579 5142 9177 2197 12784 625 9178 9175
1516,10580 8005 8006 10581 4518 6771 10583 5264 6770 2657
1517,466 6682 1737 8719 413 208 476 686 662 7816
1518,4513 9392 10469 9393 6761 11359 11358 4971 10881 9394
1519,9425 5585 5756 1693 3205 4739 10585 873 476 794
1520,7070 10589 8598 7066 10590 7100 3413 10996 7099 4743
1521,1585 3248 6649 2781 5887 6296 6394 7834 5986 2709
1522,10591 745 9943 3742 13056 14519 1252 14913 3841 5957
1523,4381 10593 2284 4795 10335 5916 12863 11538 11539 11540
1524,149 1192 5549 4930 4479 10594 14548 169 873 1101
1525,618 7716 10595 612 287 611 15065 2703 3403 11480
1526,10600 10348 5095 10597 10598 298 4835 5420 5957 5958
1527,2294 2290 9051 846 12359 2291 8418 2067 98 7341
1528,4194 5568 7491 3139 9389 10602 3276 3648 4153 4346
1529,10604 10603 6793 12277 6140 5222 10356 11190 14110 14111
1530,10606 336 4978 8558 425 3124 15057 275 334 3811
1531,2993 10492 10498 7088 4320 2257 2992 1056 2991 625
1532,2988 3358 7416 7415 3549 2989 5145 2697 31 4235
1533,4532 3445 3448 3447 3450 6293 14492 3451 4533 7719
1534,3472 1302 10607 4286 2219 13905 705 1299 5623 3943
1535,1689 6591 7274 8925 8546 933 7930 8923 8931 8922
1536,10609 7352 3838 8264 10610 7350 11947 11948 7755 14178
1537,10611 8480 4902 1619 10613 10612 3202 2224 336 5134
1538,3467 10615 1623 3028 1317 4037 5994 5631 230 10616
1539,1171 10624 1892 7962 10621 5500 10473 6590 7470 3988
1540,10626 7215 3079 10627 2996 10628 6804 5873 10629 13209
1541,4744 10633 46 4923 10632 578 1511 2675 6625 10631
1542,10634 3602 10635 5597 6694 7429 6546 4462 83 5864
1543,9234 7801 10637 4941 715 10113 7382 10387 10638 11525
1544,1317 10072 7818 4687 3442 3083 1011 4037 7427 2881
1545,8297 5494 10639 8051 13784 8655 6311 12791 12790 12789
1546,10640 8977 7234 335 9373 9375 9374 9372 14857 2017
1547,2375 2869 1320 6364 1321 2372 2371 6363 1778 9192
1548,738 7456 5591 4485 7314 7494 7821 5586 5604 13266
1549,9088 10642 11466 7863 15159 4075 10336 1999 15105 2927
1550,10643 5962 2088 3253 7914 15069 14951 4994 4324 4341
1551,10644 2287 5969 9521 10514 1174 8674 10513 12309 7714
1552,10646 3701 11666 3335 12673 14609 15043 9171 15073 15246
1553,10647 5576 6227 1329 3837 1800 2411 8618 4870 1198
1554,9878 5433 6814 10650 2340 5435 3967 4841 13664 2245
1555,10658 3944 10653 6880 591 10655 10663 10665 10664 8461
1556,10669 9560 10667 10289 2074 3772 5116 10668 10670 157
1557,4954 502 10674 8504 4902 7716 2129 7527 612 10673
1558,10680 2304 10679 964 203 10678 13344 4447 13340 13338
1559,10689 10683 10681 10682 10688 10686 10687 10685 10684 10690
1560,1826 4414 6735 4416 4134 3843 3844 6364 2876 14105
1561,10693 10692 262 10345 4381 2724 7606 7605 729 10205
1562,10085 10695 10694 14770 15089 13923 13924 13114 12814 14398
1563,10704 10706 10228 9801 1658 10711 10703 7710 6690 10701
1564,1011 9968 2893 1776 11768 9967 9969 11578 3693 1770
1565,1345 11821 1346 7333 7334 3892 4357 3261 7967 8786
1566,6135 10717 4660 4879 6477 10718 3526 9267 3613 3041
1567,760 191 450 6854 1377 5893 9569 4493 3916 3938
1568,2221 9715 6905 3104 1076 5850 11747 10125 2024 1796
1569,10720 10010 5776 10007 10009 5780 10008 9049 3098 5505
1570,10722 10721 9073 10725 10726 4051 7868 10723 10724 2134
1571,1826 4414 4134 10199 7218 10627 7427 5876 3843 5447
1572,10727 10728 10729 794 685 2251 10579 3099 2798 3097
1573,1331 10730 10731 13850 529 14154 5998 13425 5570 1328
1574,10734 8809 10733 12884 13082 8808 8806 15210 10041 14877
1575,10737 7196 10736 6064 4716 4886 2338 7327 6929 1501
1576,7815 5500 7353 1069 10621 1188 1412 15088 5438 10624
1577,5344 10741 8811 14577 14576 13074 12534 2824 8805 8808
1578,10601 8352 10171 1210 9888 2777 8816 7974 6411 10743
1579,10745 10215 6146 10744 10120 9104 8051 6490 14320 8297
1580,10747 10749 3415 9538 2878 2891 10751 7076 7059 6905
1581,10755 10032 8082 12591 8519 12873 4022 8076 8398 4798
1582,10756 9796 5334 10757 2647 2981 2644 2648 1227 8967
1583,4832 10138 1281 4999 4779 4874 9463 3385 2335 2691
1584,2024 10762 7831 3748 466 1568 3015 1686 3104 2826
1585,10765 10766 10763 10764 2925 11303 9442 12083 10042 8052
1586,10771 10770 10768 10776 10773 10767 10769 10778 10314 9657
1587,7489 9789 5180 3864 10779 14829 14032 12363 14148 6335
1588,3328 5779 388 3288 13129 9165 5780 4885 3826 5386
1589,10780 7501 3472 3943 2675 543 7490 4998 13973 6957
1590,4020 1257 5361 4015 432 13354 4552 10356 6437 13923
1591,10783 8787 10782 10781 2276 7705 6773 10784 1346 4359
1592,10789 5370 344 10787 1660 8598 8616 3637 10788 5475
1593,8294 4827 3761 1050 12267 3758 3757 1280 11830 3763
1594,10791 10794 10795 10793 10792 10796 4785 2174 3408 9402
1595,5624 10797 5625 243 6708 4077 3190 9990 9490 8937
1596,10800 10801 10799 12867 103 6589 13074 2178 11482 8556
1597,10804 10805 10803 10802 9229 9230 10450 12499 5339 9232
1598,2881 10807 1723 5129 1721 12936 2875 5125 5128 5127
1599,1665 6780 7651 6165 10810 10719 9810 9809 6781 13366
1600,3085 4603 5875 2877 14350 14349 2881 1318 4139 1724
1601,10816 10811 10812 10813 10817 10814 7092 1354 1710 2888
1602,3055 7124 10820 3921 13912 9054 8999 53 11473 11126
1603,6919 5508 796 8948 10822 6018 4862 3016 4 5079
1604,10830 10827 10828 10826 10825 10829 7476 6243 7475 11335
1605,7144 4310 4267 1866 5260 13078 13125 12577 12231 12232
1606,6202 10833 10834 9511 149 10835 10836 8221 7849 686
1607,1978 10840 611 46 7299 10061 8616 8083 8782 7760
1608,9594 10841 5504 4949 6587 2583 7820 7185 8083 3811
1609,10842 2432 2433 2434 2435 7704 8229 2426 10151 2427
1610,26 3910 2117 7992 4467 2340 5224 11082 5225 11270
1611,6361 1778 4605 9192 8164 10843 3667 4413 2375 6362
1612,10845 10844 12677 12676 13703 13666 14679 12184 8085 12999
1613,10848 10846 10847 14935 4493 10742 427 9081 10923 2517
1614,10852 10853 10849 10851 10850 260 13061 5391 10832 2003
1615,10854 10856 2374 10843 4039 10857 2370 10859 10858 1318
1616,10862 10861 2868 7987 10863 10608 578 9702 7614 1301
1617,10868 5597 10869 1177 7172 5914 10867 4462 1864 2045
1618,611 10871 1474 9491 3172 8303 488 1447 1572 6576
1619,10874 10872 10873 14516 7759 12616 14234 14515 14412 2099
1620,10876 10878 10879 10875 8362 715 10078 10790 228 10877
1621,10881 3811 9179 10029 9392 8966 6545 4513 12654 8590
1622,7243 10883 10884 323 3920 3557 3724 3556 6343 4159
1623,5589 2360 1345 2328 9429 10567 3619 6569 10885 3210
1624,7263 10503 10546 6889 6888 9921 7730 10887 6896 10886
1625,1112 1079 1014 8552 5046 3352 1614 2064 5458 5454
1626,2281 10891 6233 4327 6235 13849 1367 6230 6229 6952
1627,1329 1300 3881 12205 1331 5576 11294 8756 586 1299
1628,4604 4398 2996 6808 1322 6807 4329 10562 13954 7467
1629,2928 7847 10310 12321 5938 6038 13906 14704 13181 7627
1630,9140 8083 3395 701 1081 5513 14159 2713 1131 6195
1631,2262 495 4579 169 5958 6155 488 14619 6079 10835
1632,10897 4837 6104 7244 10896 10894 1622 10895 1621 10788
1633,10898 7685 2 5043 8278 7904 6519 3648 4153 13611
1634,287 10347 6005 4303 618 11393 3811 7700 1728 1649
1635,4605 5367 7071 8164 4133 15242 1721 15238 7057 14347
1636,9814 10901 10900 8104 8212 11850 3394 2010 14358 9959
1637,10902 3556 10473 3099 9981 8879 3098 3557 1239 4
1638,8148 7628 5679 8147 7625 12354 5446 904 13238 7627
1639,363 10904 10905 14981 11192 12829 14299 10042 571 13977
1640,4787 10907 7855 569 8987 4570 10438 11756 990 2921
1641,625 3222 6836 287 13517 14452 7700 15245 618 10347
1642,7920 167 10909 6382 8836 8415 8449 126 5053 4769
1643,10885 3386 8065 10139 6444 2117 1017 601 3291 8061
1644,2457 5576 7681 2582 575 8855 3881 4335 3130 12234
1645,10912 10911 5784 1989 9407 2659 931 14586 13682 13520
1646,2602 10914 618 4949 10915 1606 5660 6214 9131 8458
1647,10917 10916 10918 9374 13527 12964 9373 12288 13432 5517
1648,10227 1568 7696 4209 4757 10919 182 7420 6211 6216
1649,10926 10928 10923 10927 10925 10924 10929 10922 10921 10930
1650,8832 1738 10934 2215 2459 13336 12838 7467 1132 2837
1651,10937 10935 10949 10946 10940 10947 10950 10939 10945 10942
1652,2142 9901 5234 2500 7374 10549 6179 9911 5574 9131
1653,3973 1518 8056 10632 2328 10960 8361 6650 6463 8584
1654,10964 10963 2113 13058 2116 11267 13625 10731 13423 529
1655,5453 10966 10270 7969 10967 145 2755 237 9619 4303
1656,10969 10970 13034 13776 14117 1524 13686 13689 13688 13687
1657,10972 4031 661 3984 419 1387 782 1995 9875 10063
1658,8685 8679 8681 8683 8684 7652 8682 8686 3858 8687
1659,5172 8644 5802 5170 9593 6589 1479 4861 8621 873
1660,10977 1884 10976 3834 10975 9342 13246 12101 14785 14516
1661,6812 9049 10982 10983 10981 3507 8652 5119 197 5804
1662,10986 5199 5676 6640 5678 10157 5675 14606 10229 9830
1663,8152 1153 1721 3693 13573 4407 1776 8160 11578 4687
1664,10995 10754 10999 10628 10998 10988 11000 8900 10991 9191
1665,11003 2086 11004 14744 11039 8585 2093 10086 14144 14784
1666,3635 3636 9978 11022 6066 3628 3625 3630 3626 3638
1667,11005 11006 11007 4753 6623 6483 6621 12033 4751 11407
1668,3387 478 10266 3620 811 7515 7798 747 3690 8943
1669,2715 11010 11009 10409 11011 11012 11016 6707 505 3819
1670,5569 7123 13058 13729 7159 7127 13728 113 2125 13952
1671,11020 13117 6936 10306 2724 7430 10448 9700 5489 83
1672,11022 3635 6066 3636 642 11819 2010 9084 13682 9978
1673,11023 1451 8962 1645 3850 3849 6799 10143 5205 12824
1674,4336 11027 11026 11025 1904 8760 8477 1576 1769 7881
1675,11028 4627 3241 7859 10232 3242 3240 3243 4569 2446
1676,7643 994 9781 2599 4669 11030 12273 12272 12324 15092
1677,11031 11032 11033 1785 11034 5872 5157 4174 7943 11264
1678,9954 7804 8779 5864 7815 4462 10050 5246 2129 4303
1679,11036 6083 6303 9778 8690 9088 10564 3470 7248 11030
1680,10440 4015 2314 2216 6437 3685 460 1407 12096 14888
1681,46 3111 2360 4307 6341 6383 2223 472 3108 12205
1682,7054 2457 5225 5224 26 476 15000 661 5207 133
1683,2676 1273 8266 3296 1275 1276 648 11447 154 1277
1684,6549 11038 11039 11004 9071 9202 2912 11003 5409 7584
1685,11047 5802 5604 9614 9107 11044 11046 9579 11045 5457
1686,7173 355 7807 3890 2020 10204 11048 7588 7462 5493
1687,11050 5917 632 2305 5477 5904 10125 4385 12086 13618
1688,2614 2820 1532 6326 11052 11051 6386 2465 2742 3465
1689,11055 7221 11056 1721 10863 3077 6245 6537 10956 3782
1690,3055 3743 12044 11126 9957 13626 14875 8369 1367 8999
1691,287 1796 1690 860 618 10347 7700 1452 5579 3811
1692,11059 2154 11058 15255 13891 8413 7115 3019 12575 11184
1693,11063 4381 275 263 2718 262 12863 261 264 7954
1694,11065 11067 11068 10139 10965 3695 11071 6727 3092 5456
1695,6828 323 9590 3741 6053 6052 8309 7511 4031 11072
1696,11073 3526 7828 5046 3311 11474 2449 14215 4911 1262
1697,7803 3090 5899 3086 1327 2732 7529 11076 2728 11075
1698,11079 736 1638 476 5524 8699 795 879 14175 2933
1699,488 10884 495 794 476 3266 611 6155 13603 11924
1700,10716 5352 14008 5353 12590 13694 14495 5356 1721 13606
1701,8775 5577 3373 5549 9491 5422 3557 8863 6954 7799
1702,11082 8434 6178 8224 4000 4645 1832 7992 9209 10094
1703,11084 9130 1826 9520 3467 8191 2348 8069 11083 7798
1704,3421 1226 7474 11085 10785 6240 6159 1707 747 1036
1705,4867 991 3348 5828 5836 9946 1295 13363 13362 993
1706,3257 11089 8779 8818 11087 5798 7017 7456 7207 7492
1707,11091 4596 4407 5435 1721 1011 5686 1136 1145 7215
1708,11092 611 10375 612 9 941 7538 6535 15020 618
1709,2375 1778 2371 6361 9192 1321 6363 4060 1320 6362
1710,3543 3544 4773 3546 1737 3539 39 3216 1014 2719
1711,2457 3271 3270 3272 5740 3955 6872 7118 2362 9305
1712,8490 6296 926 6293 9125 4048 13833 370 13673 1953
1713,1997 11096 10149 11094 11095 3350 11093 2668 13917 1996
1714,10746 6773 10031 13592 12907 13591 13957 5468 6501 4359
1715,3107 3106 11100 11104 11103 11106 11101 3003 11107 11102
1716,10179 11108 11110 1532 2820 11109 11112 6352 11111 2614
1717,8434 9370 10304 8046 3992 8432 7822 10307 2097 10302
1718,11081 1684 735 736 4471 9561 1981 3708 142 7505
1719,1717 1150 5139 1146 1145 1708 1136 1706 1703 1718
1720,11116 11113 10929 11114 5466 11115 2457 3866 2215 2277
1721,3997 2848 7893 2977 7899 13460 7887 7892 1260 5111
1722,11118 11119 3693 6542 11120 2869 8160 8151 1721 6738
1723,11121 3465 1532 11122 1166 2820 6352 2742 1529 9791
1724,8999 11126 11125 58 9116 1367 11124 3798 15285 14984
1725,9078 11128 1536 9077 9079 9076 8215 3721 13703 9101
1726,9470 4018 11129 9017 9018 9473 9658 13268 431 11940
1727,11038 6814 2945 9563 5294 2239 2242 4498 8639 13664
1728,3048 8820 960 3047 4199 3479 1397 9527 7344 7616
1729,8191 10470 2333 191 4313 4011 2336 3640 3629 2785
1730,11133 11135 6879 11131 11137 10786 11132 1243 11134 1313
1731,11144 2933 11143 11141 11142 2174 2644 2648 4101 11145
1732,11146 5010 6540 7980 5009 5008 5006 5007 5005 2914
1733,6304 5218 4918 2482 46 3350 7989 3831 4913 3316
1734,9712 1429 2045 5777 9714 620 2047 621 12924 4455
1735,11148 9426 5580 5466 3205 7361 2575 42 7364 8623
1736,5876 1826 4134 3843 4063 1777 9194 6705 2890 6364
1737,796 1646 3678 1446 5853 5315 1439 5508 504 4220
1738,2063 4978 11150 3124 10606 1101 2064 3811 11713 12280
1739,11114 3265 13679 13980 9807 12611 11152 13978 3506 11765
1740,4673 10781 5010 903 5498 3246 11156 3242 8460 705
1741,11157 5746 5747 8700 2 15090 5850 5408 8098 5744
1742,9953 5683 3219 2462 7820 7830 3202 10055 8856 6696
1743,6794 4661 8638 4648 4645 4058 4057 11166 11163 4647
1744,1458 358 8066 7867 2044 10311 8936 10588 7565 11171
1745,2043 8851 10841 4772 10510 715 2825 3321 3458 9284
1746,6521 4378 11176 7284 14088 2917 8137 6699 2055 4370
1747,5098 8229 2285 4729 2432 10145 5096 2436 13769 5099
1748,11178 11180 11179 12030 4384 14421 2727 8236 2178 5263
1749,11182 11181 10114 3492 4635 2399 11183 9719 2689 9121
1750,10607 5623 3635 6702 8818 10641 5573 5080 14121 3636
1751,8999 3055 7134 1367 15276 7113 7116 7128 11184 15112
1752,11185 8999 7121 7974 15148 15069 15248 14690 91 14166
1753,7423 7448 9562 2980 6258 7450 7449 4553 5630 8716
1754,4053 11188 11187 8100 2593 14145 11365 13781 8099 8759
1755,11189 11190 7869 5622 4350 1734 10273 6904 4770 8461
1756,11191 1687 2953 4343 4874 1760 4571 8197 4873 4875
1757,3811 10976 9604 13806 14775 9605 10977 10085 14893 10347
1758,2718 11063 3251 4210 4381 275 263 7453 3542 3248
1759,2248 7877 5072 5073 5065 5067 11194 3374 11196 2758
1760,11199 8903 11206 11197 11208 8758 11200 11207 8812 11205
1761,11212 42 6434 8589 8590 14511 10892 611 618 2738
1762,10459 4587 1017 6237 1232 6688 5018 6014 1034 3749
1763,3581 1767 11215 11216 9476 4243 1643 6980 879 7361
1764,6537 11219 11218 11217 6245 12748 3665 11041 7264 13053
1765,1446 209 4235 2520 8391 2547 4866 4024 11161 11222
1766,2371 2375 11225 11224 1354 11347 1778 6361 4060 4606
1767,6623 11227 1126 1662 1663 2438 6253 1664 9957 9805
1768,10901 611 7698 11230 1752 2739 11229 3043 3471 8104
1769,11231 11232 14469 13219 560 14805 11701 1937 10056 8562
1770,5882 2168 9887 11083 4767 15128 7214 2348 11084 1047
1771,2352 11045 10736 3383 4886 3022 3316 7192 4778 11233
1772,11236 7547 6267 11237 11238 11235 390 866 5270 5483
1773,2100 2779 3605 3609 8940 6264 1765 2774 4349 668
1774,7620 11239 6122 6227 250 705 238 1676 4286 8343
1775,1684 463 1436 1520 2408 1442 7778 3285 10824 323
1776,8788 6613 11241 1699 7804 10868 1695 8676 14501 1177
1777,3160 188 11242 7371 5233 9911 618 11379 3173 363
1778,11244 6097 6203 1422 5197 6498 6206 13840 1786 6499
1779,11245 11247 11246 7722 6795 9558 11210 1524 13586 7739
1780,2586 1796 11081 3015 176 9318 336 6198 8799 1452
1781,11252 11251 2011 14681 2010 13684 11571 11370 11368 15219
1782,11253 1742 14268 12315 1741 3116 2801 1740 8075 12311
1783,3476 2475 1371 7326 11216 4891 3109 11255 185 3237
1784,7824 11256 9079 8213 1058 8275 11171 8215 2095 14043
1785,7527 1596 6982 5969 14442 14511 14443 5966 5963 2699
1786,11146 3367 11258 10359 3602 1419 7770 11257 2767 189
1787,11260 11259 2930 705 3242 10210 9885 6563 5425 4568
1788,11262 4334 278 2942 9394 4075 4521 10548 5235 891
1789,11264 11265 11263 1266 11034 12537 11636 11031 4068 9088
1790,11269 11268 7736 7440 11267 276 9491 5607 4438 1600
1791,2371 7215 2374 2375 7064 1354 2370 5845 11347 2869
1792,538 4844 4839 6820 14808 536 531 12654 529 4840
1793,8808 1752 11271 12535 5193 15088 3043 13635 13585 3044
1794,11272 6071 4360 11273 7545 8697 6182 10204 2878 4350
1795,1731 11274 3781 1728 8153 13223 4533 11700 12334 11232
1796,11277 11276 11275 7599 7597 7600 9379 4367 9829 7608
1797,11281 11280 11279 11278 9620 4040 6790 14819 1955 7824
1798,11287 11288 11286 11282 7408 11283 11289 7409 11284 5898
1799,2826 3358 4777 3528 5501 2697 2692 1030 2988 189
1800,11294 8756 1781 11293 11295 11292 8620 11296 10530 596
1801,6826 11043 10960 10218 2747 12610 9528 9221 12467 2750
1802,7087 3095 7900 7290 6399 12360 3588 4553 4320 1104
1803,11299 9402 6203 8623 357 7959 349 2022 11298 6166
1804,11301 11302 9693 6560 593 4780 589 7184 3335 3723
1805,11303 10764 576 11304 2288 13384 8843 10765 5358 8605
1806,11305 1795 10000 1792 2627 1852 12930 1794 1789 9395
1807,2920 10412 13428 10875 12901 5640 6710 2435 476 466
1808,11314 11309 11311 4379 11307 10038 11312 11308 11313 2803
1809,8971 11317 5864 7496 6338 5045 8937 10797 5624 7494
1810,11319 11318 12756 14286 5876 14952 2341 4693 7092 2884
1811,6410 6568 1213 6280 1426 11320 6681 1841 794 1303
1812,7175 11322 11321 14714 10414 13226 6464 2921 8785 12282
1813,10281 9112 6369 3627 10691 9407 11323 8836 10664 732
1814,467 4468 10454 14287 1423 6216 3952 6641 176 769
1815,11326 5583 11173 11334 11337 11329 11341 11331 11335 727
1816,4415 11346 11349 3001 6361 9237 1321 1319 6363 2375
1817,11353 11355 11354 5717 10565 1878 4871 1415 12391 12390
1818,11356 11359 11358 4971 908 9392 11357 6170 6240 6761
1819,4260 658 11361 4027 9249 686 687 6035 11360 462
1820,11363 1128 4051 5556 245 3985 11362 3721 8891 9570
1821,385 806 8578 14903 3811 611 14971 386 3470 8579
1822,11366 11368 11367 4663 11370 4660 4650 8663 12993 11369
1823,2614 2741 1475 2742 2820 5998 3465 1532 1529 6416
1824,11372 6020 3700 8652 1568 4782 9529 760 3186 5080
1825,11373 11378 6788 8793 11375 6603 3271 3270 3272 7113
1826,10627 11382 11000 4743 10952 11381 10999 10628 8982 10997
1827,149 4385 6365 6191 5477 773 1186 10700 11050 14548
1828,1452 3550 8619 3604 694 4817 8941 7972 2688 3122
1829,6360 5536 7218 2881 1315 1157 6321 2889 9645 11536
1830,11384 4869 510 7718 7676 3945 2251 2798 778 6408
1831,11386 5537 4615 4619 4618 4622 11385 11387 4621 4620
1832,10510 4324 4374 10424 5766 5764 9592 10474 6834 5539
1833,11389 11388 9825 14450 9150 13849 2420 5410 7709 8668
1834,11390 11391 4302 7295 14471 14714 11915 2270 3503 14483
1835,11393 2739 11392 6897 6005 6868 10732 10347 1880 2614
1836,712 11395 11396 577 3600 62 7846 10118 5984 12468
1837,11402 11401 11403 11398 11399 11400 11397 11405 11404 692
1838,11407 11408 11361 11409 637 7748 8605 688 6483 2397
1839,4765 4939 11089 6237 14511 7339 476 11134 780 894
1840,11413 11412 11411 11414 6069 10024 7640 4709 11417 11416
1841,6620 1596 5602 15026 639 1896 6622 5963 5966 5965
1842,4968 8423 12009 14202 8117 12011 12010 14069 3840 14064
1843,1866 3846 4328 4329 1003 10843 2875 4330 14105 2820
1844,578 11076 3943 6826 1387 1409 6730 445 974 9567
1845,1535 11112 11418 405 2820 2742 1532 1166 6996 12426
1846,7527 4982 8687 10181 5864 1083 10656 7910 7387 8347
1847,11420 4724 4722 10071 8645 10073 4035 4305 4723 10072
1848,4745 11421 3887 7528 6182 11076 1840 6544 9838 6298
1849,7005 9956 7826 3030 7769 1815 2897 4797 3620 9156
1850,11423 11422 4881 1078 13919 4926 9170 9287 2672 11424
1851,9711 9171 1279 10377 10376 9295 7764 836 4303 9563
1852,11427 11426 11268 11425 6 11428 844 5332 14069 11947
1853,5401 2587 1022 10781 6391 2586 9867 5402 2589 8705
1854,11433 11430 11431 11432 5599 935 7450 14450 7449 2857
1855,11435 11439 5440 1721 11437 11436 11438 1136 4407 1156
1856,11440 4437 11441 7006 2490 6254 1089 11443 2503 1373
1857,11446 11445 9404 269 5339 9165 5712 13415 5198 9230
1858,1953 11447 6296 1387 8490 9649 6293 8324 10721 1955
1859,11450 11455 11451 11456 11452 11448 11457 11449 11454 2634
1860,11459 1782 11461 1500 11458 11462 10039 618 2936 287
1861,8542 4461 10998 10994 4145 10990 10627 5846 9854 13785
1862,7052 10509 611 11241 10372 10371 8572 10370 153 10373
1863,7339 780 5460 8415 11465 6039 6237 13058 518 11089
1864,11467 3638 11466 3575 3155 6911 1621 732 2992 3984
1865,11468 4013 4012 282 6597 7707 11469 3970 4808 4696
1866,2741 11470 7296 2314 2742 14262 13613 12096 2614 12425
1867,9805 6167 1015 11471 12566 9682 4664 4143 6623 1077
1868,715 8748 8201 14939 4437 7047 2201 9366 8673 6325
1869,1323 6352 10208 2614 405 3465 2820 13344 12426 2742
1870,8525 1443 2358 2155 13050 10866 15169 14669 15086 467
1871,11473 8853 13699 10499 113 13199 7695 10820 15060 10662
1872,11474 1096 5491 1073 8170 5164 10902 2658 13797 13607
1873,5197 6097 6498 11244 6546 12985 6499 13942 4465 1557
1874,8045 8689 6987 5742 107 9648 4179 507 7369 11729
1875,10323 3794 3152 4358 4350 1222 1266 6692 6547 1837
1876,4135 2374 2370 2371 1354 2375 9751 2869 5672 7062
1877,7169 11475 1898 5246 12083 3747 6617 15231 15232 6513
1878,6698 11477 10190 3267 9877 3909 11476 1524 3231 6528
1879,11479 10292 36 10476 611 605 11483 1296 11484 10893
1880,212 11137 14416 14440 5772 5773 5774 7857 4359 2830
1881,1419 5461 3378 5825 6300 9607 3319 8673 8259 12922
1882,11078 11491 11488 10449 11489 11487 11492 11490 12846 11077
1883,10932 11493 13672 5998 2815 2742 14657 9894 10529 10131
1884,11508 11496 11501 11507 11512 11522 11513 11517 11497 11502
1885,1826 4414 4416 3843 2876 6364 4134 3844 10199 14105
1886,2764 6380 3372 871 879 985 323 2761 139 466
1887,2820 1475 11524 1166 12426 2742 405 1535 2614 3465
1888,3853 11525 9234 11526 2655 10044 10042 1243 10637 7801
1889,11527 3752 11532 11528 4332 11531 2892 4457 10582 11529
1890,11534 7694 9939 6333 12765 2821 1147 5346 7695 4282
1891,11535 14183 12884 14179 406 15102 8362 11541 15271 8808
1892,11536 1314 3082 2869 4617 1318 1826 11537 6321 4607
1893,11540 11541 11542 11539 11538 10593 4381 4795 14039 8686
1894,1160 11544 11543 2480 11545 9358 13486 14798 12066 6136
1895,11546 3995 5891 6630 6631 11547 6626 11548 1940 4710
1896,2129 10174 9042 3964 2130 12016 794 3596 10362 2205
1897,11549 15249 15068 15190 14597 2325 13173 13174 15067 15250
1898,11550 3183 3622 11949 14636 14710 13936 10968 12347 3135
1899,11552 11553 7674 13840 10506 11650 13839 1784 11657 7406
1900,1624 11557 11558 11559 7022 11554 11555 8710 10596 10127
1901,1665 11564 8143 9810 11593 9809 14970 6780 7651 1939
1902,11474 11073 2449 1262 4911 2750 7828 3441 11565 1083
1903,11567 6622 11566 6615 6624 2793 6189 5169 5215 6623
1904,11569 715 9519 1850 2750 5789 11048 3142 2491 11301
1905,11572 11570 11573 11251 11571 11252 2011 15219 15218 15170
1906,424 11574 7495 4961 14893 14874 14983 14982 6202 3811
1907,1028 4031 8352 6768 6381 1908 1787 11576 12709 11243
1908,11577 7342 14673 8833 13488 9172 14671 14672 7627 13956
1909,222 10236 4997 3820 4975 4977 13228 13227 4158 7770
1910,1938 4358 1746 2908 9652 13888 710 11356 1222 12965
1911,3083 6553 4413 1357 2371 4687 7784 7057 1721 10461
1912,873 149 2763 14548 466 686 169 323 794 476
1913,11581 11582 11580 11585 8976 11579 11583 8091 2440 8641
1914,3491 9138 7653 9136 3489 9137 3490 13776 13777 13778
1915,3359 2131 3727 3576 11588 3018 1501 3312 11748 5386
1916,11589 3745 2054 8678 3549 6048 10902 2047 8614 8076
1917,726 7522 11591 11590 8843 409 9053 14070 14174 11405
1918,323 236 9817 3802 971 6593 11927 11929 11928 3289
1919,1883 6099 2009 9026 2095 6100 13685 13433 12617 14546
1920,4553 730 11151 3717 10728 11977 12341 2254 8397 584
1921,11593 11564 6171 1110 6349 753 13704 10226 1107 6627
1922,5777 4196 3247 1984 4483 11595 3555 9204 13935 10299
1923,11596 4838 11597 12473 12471 12474 4839 12472 4837 12344
1924,4913 8350 4889 218 3237 4901 4891 8349 3236 4638
1925,2869 11598 12332 7498 7215 14736 2372 7057 1826 1011
1926,11600 11601 5984 7998 3851 5883 11603 11599 7612 1677
1927,10902 2839 11589 204 11606 8614 12687 12686 11882 3549
1928,11608 6386 11607 10343 4555 11156 8563 5456 3949 11584
1929,3489 11611 11610 7985 7469 3491 5696 11774 13107 13538
1930,11614 11612 11613 7702 7701 12147 13369 13556 13557 10911
1931,11615 11618 11617 11616 7976 9699 11620 9841 11621 11619
1932,11623 3879 2160 10618 9518 177 5540 9478 2527 5141
1933,2869 6555 11624 5129 4626 9627 11625 6556 7079 4139
1934,11627 8622 3262 6903 2565 5312 5307 2028 2503 8872
1935,11628 11629 12105 2727 13256 14173 14005 14192 7705 8041
1936,4451 11631 11630 9660 2800 11586 14819 14434 14268 14228
1937,6685 5353 6520 8112 12572 6257 8968 13882 10870 8575
1938,11633 11634 11635 11636 14046 12537 11263 9847 8387 14045
1939,11637 1894 8515 1979 5864 7378 1895 8364 5054 1750
1940,11638 11640 1721 10716 7218 1155 1151 11639 1723 1136
1941,1840 4700 11642 6493 14717 9226 14716 6487 6505 6494
1942,900 1728 6638 779 8677 12047 585 323 1731 7379
1943,1498 9286 11038 4939 7310 8577 4929 880 9003 12971
1944,10020 3456 2124 11644 8972 3179 2556 11643 4721 181
1945,7402 8142 11647 12981 7401 13679 7272 6468 9689 4365
1946,618 1099 742 10178 9923 1420 6179 612 3460 611
1947,11650 221 8650 11649 11648 6185 1227 7934 1111 6172
1948,11651 5411 8494 1102 1306 3006 11654 3800 4289 11652
1949,11655 4531 4559 4864 4595 7224 8232 5435 7104 10895
1950,7165 5711 8967 7166 11594 6511 7806 8788 7807 13632
1951,6134 6362 1320 6363 1321 9192 1779 4060 1319 1778
1952,11591 7871 11657 7523 11656 2431 9611 9883 8188 12138
1953,5828 11659 11658 150 4887 4987 148 2734 3237 4867
1954,6158 11660 11661 3055 614 6512 7884 7885 604 9392
1955,8176 8707 5464 11662 11664 11663 8706 14344 13088 5463
1956,11666 11668 11667 5107 8824 12199 3414 5256 5976 5119
1957,9221 4865 2493 2519 10273 1392 4770 8940 2707 4497
1958,3990 8047 11670 9181 7621 6980 11669 8433 10711 9741
1959,11671 3821 4255 278 8660 279 14295 2675 12397 12393
1960,4811 4810 8956 11677 11682 11674 11678 11679 11673 11675
1961,1471 49 4085 4766 651 10371 585 11685 1993 10660
1962,11305 11686 11687 11688 9660 6785 6538 7880 9395 2800
1963,11690 8843 11689 5791 8340 3832 9336 5270 3439 751
1964,6364 11691 1826 9192 9195 7080 1320 2375 1013 13223
1965,11692 8887 11693 8886 12694 14090 10892 10184 8913 9998
1966,11694 11696 11695 11697 11698 11195 8560 11971 2248 7877
1967,11699 466 1653 5509 4991 163 775 7038 6960 464
1968,11701 11232 3781 1926 11702 11700 7962 14835 14469 13219
1969,8254 8255 11703 8253 4778 3407 5568 8476 5317 6431
1970,11706 3127 6934 203 6377 7483 6244 11705 6580 11704
1971,5720 4251 251 11707 8524 3185 8464 2453 1393 9708
1972,11709 11710 11708 6435 7166 7165 2732 4750 11075 9589
1973,11711 7405 7174 5898 304 10167 9976 11819 7407 14443
1974,11713 4143 3390 5458 4144 7646 3389 1015 1077 5454
1975,712 169 7846 5984 8473 4973 4854 8952 5983 8642
1976,11714 11715 11716 13721 1635 1996 9079 13944 13945 9959
1977,11718 8208 5959 8504 10390 11719 10158 10140 5307 2514
1978,1660 5621 5022 11720 11584 11192 3945 13100 10573 15096
1979,281 1090 2578 3645 8972 4350 8714 9915 4278 6889
1980,9277 7527 2346 7143 10166 8674 14442 14443 9278 2699
1981,11723 2876 11721 11531 4416 11722 1828 8443 7058 4602
1982,7249 10056 8341 14800 11747 8731 6415 13854 405 14805
1983,11725 14545 15145 2853 8970 2298 15135 11451 13497 12284
1984,11726 2973 11820 9278 2968 2975 2972 2970 2966 2965
1985,3699 3705 11727 5083 6029 8188 6026 3250 4762 1452
1986,11730 11728 11729 7529 1809 7478 13733 10184 8887 107
1987,222 2318 1014 1051 1067 6336 5343 1076 12420 3544
1988,11731 5206 6780 11732 11238 11733 8604 3369 2054 14422
1989,11734 10972 3931 3359 1785 5386 3318 4876 3827 1433
1990,8699 736 11735 689 2239 6021 695 11736 8664 11079
1991,2869 5448 11723 2883 1778 5449 2399 7404 2890 9646
1992,11663 11664 3462 4261 2751 315 11175 9051 7004 8303
1993,11744 11742 11743 4563 1522 561 3089 4562 4564 12213
1994,3399 2307 10378 769 3222 1568 10663 1447 5155 3223
1995,11746 6997 323 5756 2770 3856 870 1728 1684 4303
1996,11747 2221 3262 11627 5850 13052 5195 3034 2913 10056
1997,3262 11627 5195 13052 13735 11747 8892 2742 12422 10356
1998,26 1737 196 8984 3527 5046 3734 9985 7992 1280
1999,1320 1778 6363 6361 9192 1321 6362 1779 1319 2375
2000,2614 2741 1166 2742 2820 3464 3465 1165 6416 1532
2001,7344 3479 3048 11750 9149 4419 6382 8365 3153 3167
2002,2629 8484 690 3493 4352 4913 8350 3236 3237 7561
2003,2614 2820 3465 11752 11754 8907 2742 1166 11753 13578
2004,11756 10907 990 7019 3659 6483 10107 7677 6547 9092
2005,4080 2838 777 6749 1804 3908 2266 149 4079 478
2006,11759 9318 4949 11758 6217 7915 7815 9249 4085 9299
2007,2711 11761 6008 6680 466 6007 6006 6009 6010 794
2008,11763 8816 11764 13547 11765 13549 5492 13550 2590 13548
2009,11766 13397 13045 11967 11984 13396 7368 1815 13510 1048
2010,11767 11371 7177 3604 14887 7179 11369 7178 7180 4656
2011,4143 1015 1077 11713 5458 4144 6735 11471 6167 9805
2012,11768 6703 1001 5689 7065 10858 3803 7096 1445 12491
2013,7389 3882 1905 8071 11548 9686 8807 7098 6572 7386
2014,11769 7209 14864 10063 12479 14863 6772 561 1179 10062
2015,323 8470 9593 707 7482 8931 5769 873 3811 1169
2016,11770 1121 9895 1119 8870 3428 11772 9393 8021 11771
2017,994 8622 7830 5140 7718 1191 10170 4178 5147 6582
2018,7985 3489 11773 9327 11774 7721 12861 13230 3491 7469
2019,1866 3846 1354 1003 2875 10843 3688 4609 1355 11777
2020,11777 1320 1778 4139 3001 6847 1319 2371 1321 7062
2021,9531 350 7770 7955 8241 11146 4484 9181 2950 7772
2022,3667 11778 9535 9536 7075 7078 7065 3416 1007 3074
2023,7660 7659 11781 11780 11779 11783 8992 11782 5010 8839
2024,209 1761 10631 4744 1515 12710 12342 5400 1568 219
2025,11786 11409 2699 6619 6477 9885 8921 5700 5716 3285
2026,11788 1001 8760 8604 3888 11438 4136 333 14319 13565
2027,4229 7037 1062 6260 13212 10911 10509 7036 3539 7041
2028,11791 8178 11334 996 8171 8174 8175 8169 8173 8172
2029,11792 10002 4304 11793 11795 8527 7273 7269 11794 6404
2030,11796 900 7948 15189 12590 6174 8677 6240 717 1844
2031,11797 5662 11801 11799 3843 11802 11800 9748 9747 2876
2032,5490 251 5489 4031 768 139 9046 848 5027 462
2033,1863 1011 1316 11807 4625 9547 2888 1859 1141 7056
2034,2457 11809 3752 2677 583 890 11810 13618 1805 4301
2035,11811 5504 11812 11813 6470 9719 4635 8180 6791 5822
2036,1617 1618 234 235 1619 1622 1621 3213 1620 11814
2037,5396 10203 203 4166 5946 11815 9974 7210 8258 4479
2038,2375 2372 9968 2371 2379 11347 11816 1320 2380 4060
2039,11817 11818 4934 8935 11087 4027 2105 794 2768 6648
2040,11819 304 3807 11711 12771 13784 3804 10639 7405 8655
2041,11820 9278 323 873 11726 4419 1688 10419 912 1414
2042,11821 6713 3150 8398 1345 12591 995 13317 8519 7391
2043,11828 11823 11826 11829 11825 11831 11833 1900 2716 11824
2044,1963 4188 1100 4858 2762 6017 1243 879 775 4091
2045,10347 3811 323 6005 769 1728 348 1206 228 4474
2046,6843 5296 6845 6840 6846 6844 8357 6842 6841 5289
2047,11836 4127 2558 15245 12034 13886 4408 4129 4125 2016
2048,11838 11837 9550 258 3466 9688 7286 3128 4841 5558
2049,4414 4416 3000 1007 1826 89 1158 2876 3843 6364
2050,11841 11840 11842 6510 11839 6513 10205 10658 7168 12041
2051,5742 9249 9648 6987 11844 11843 13936 1237 14226 12714
2052,11845 11846 11847 7254 10105 12368 2898 12367 12369 11983
2053,6706 10096 10098 10097 7059 6364 7098 10099 7099 5867
2054,9432 9434 9431 7086 9433 4367 9379 8400 9829 4445
2055,9517 7583 2402 3891 10277 10948 2403 2401 13729 13342
2056,9808 11849 11848 4450 10113 1700 1846 6785 7219 1845
2057,8513 6806 14083 7427 7554 8514 5687 5163 5447 6555
2058,1222 11241 7936 4747 10374 11574 6692 10737 710 4358
2059,11852 6622 4449 11807 10753 13892 1084 8551 4448 12322
2060,10317 4374 2717 2075 1195 1388 11853 10005 417 6932
2061,7928 4007 9249 5418 7969 10300 8520 7310 10663 8856
2062,1110 3348 11323 8350 7531 121 2477 4427 8273 10648
2063,4056 2663 11854 1635 4057 4058 2662 8214 12941 3572
2064,578 464 419 2453 2000 10063 476 2064 775 8397
2065,9082 2099 1733 6828 14516 5555 11652 5411 10485 241
2066,11855 2165 8442 6441 4071 478 1347 1090 2570 2526
2067,2305 1394 9248 11050 6822 13618 1805 15059 2067 13930
2068,11856 4535 7260 4533 14095 1731 12973 11779 10289 8839
2069,4332 11858 5933 2243 4331 9559 8315 12625 13427 12103
2070,11861 11860 11859 7776 5991 9782 475 14609 9787 9785
2071,3748 1103 10762 4972 1484 2826 3216 7417 11830 1280
2072,11866 11863 8823 11865 11862 11867 11864 3714 3902 5076
2073,9826 3671 11869 7934 11639 11638 11640 9807 6251 2060
2074,4505 7357 6054 5527 8431 5488 8433 9703 10241 7833
2075,8912 8911 8908 8910 8909 8913 11693 8886 5942 11692
2076,11872 1673 994 876 11871 7941 10943 6074 4965 13830
2077,11740 11873 9565 6801 8319 6592 8659 618 7829 3102
2078,4609 10752 2372 4036 10843 3842 5450 2375 14267 3844
2079,5299 7925 11745 2910 6466 9716 9717 4321 9718 8747
2080,11193 5400 2781 4422 1811 3248 3632 4326 7834 12280
2081,1050 4131 9956 222 4975 3351 2826 3758 3757 1080
2082,11875 11874 5503 11940 10890 5501 11637 11421 11006 5499
2083,7517 7521 11408 10150 10152 1263 11876 40 3404 5147
2084,2820 11878 11879 2815 2742 1166 12426 3465 405 1535
2085,11882 5236 8972 2806 5044 11606 10176 12687 12686 10902
2086,11883 11884 7678 15163 14566 3841 12025 14543 2391 11911
2087,7098 3882 11548 10995 7099 1905 5537 10096 11546 6706
2088,7757 10605 13800 13802 13801 13803 1634 10079 11680 7014
2089,11886 11885 11887 2907 11888 2649 9942 5967 14437 12155
2090,4787 11447 2921 2918 569 1953 12196 2924 13226 10746
2091,10067 10068 9628 9399 10070 9625 12660 7554 12661 10069
2092,7078 11893 11894 9536 11895 11896 11890 1005 1007 8405
2093,5998 11898 11897 11899 6990 8810 6994 2614 6995 2742
2094,11836 2781 7519 3191 3202 7901 8841 13886 12982 5889
2095,518 7039 5720 773 11465 9619 8601 2213 3917 2526
2096,6591 1831 10516 2353 2357 875 2826 1719 1575 8364
2097,9876 9993 1647 9570 5043 10417 2709 6166 8223 5550
2098,11900 11901 4154 10778 4191 7050 1187 3656 11707 9973
2099,11902 6143 2960 1476 10564 424 4845 6342 2585 3458
2100,256 6204 9484 5509 2472 249 2251 8891 8083 9619
2101,2809 7621 11789 1623 11906 5397 1283 4453 1484 4879
2102,11907 11908 13841 9973 9387 14533 13842 4444 13770 14006
2103,3043 5096 3044 3749 3984 8445 5070 1752 2560 10459
2104,11912 717 11796 11910 11911 11909 15163 10345 15189 12590
2105,2057 11913 1452 6438 6369 3015 176 1588 3697 4157
2106,7802 7803 2728 6146 7801 12081 2898 5899 3090 3086
2107,3599 7294 49 11916 363 11915 3403 9125 5748 2958
2108,1732 2781 2933 10473 3098 10517 2938 10902 795 11144
2109,9080 11924 10556 10628 8982 8542 10991 4060 11000 11925
2110,5325 6617 6909 6540 3920 7455 14729 12083 7978 11146
2111,11928 11927 11929 11926 236 11282 300 10677 10694 13923
2112,11931 1757 4360 11930 10583 1004 5906 2582 3848 8740
2113,10477 4869 9295 1800 1172 149 10585 3911 2457 9875
2114,522 4972 5790 989 5210 11933 3109 2071 1869 3532
2115,8317 4 778 9098 3100 6920 1239 9569 4868 1973
2116,7339 2629 3147 997 2630 2628 1495 12841 7198 8415
2117,3418 11934 7143 5608 4439 10022 3588 8403 10919 8705
2118,5236 5397 11906 11935 5278 180 1811 1817 6980 3557
2119,11940 11875 7401 11637 7253 11421 9018 10703 4276 14353
2120,10169 5972 4382 7003 3135 15192 9002 15191 4383 14509
2121,1633 1293 11943 1294 2786 11941 11944 11093 4369 5185
2122,1118 3498 3659 7644 14295 11229 11756 7645 2827 4470
2123,1165 1533 2744 2742 1166 2820 2741 13327 1532 3465
2124,11946 1462 1465 1464 1463 1395 1461 9405 13596 10491
2125,1320 1321 1001 6363 2996 9194 1319 6362 9192 1778
2126,11947 11948 7755 3838 10609 13627 7756 7352 7753 11426
2127,11949 1011 397 4687 1317 7427 1001 2883 4134 1719
2128,11250 10882 6408 3509 11952 1768 8569 11576 7001 11360
2129,2210 1282 8896 10464 6132 10865 12847 14955 11157 2223
2130,3055 6897 3823 11393 11126 9957 13626 8419 14875 10265
2131,1880 11754 6868 23 14717 12574 7726 11752 10965 15147
2132,11956 8471 7746 1800 10839 13028 13027 13900 13637 14783
2133,3055 11126 9957 13626 14875 8369 8999 1367 15247 53
2134,9405 10155 11577 11958 10295 1813 11957 1800 6903 9939
2135,2375 4687 2371 4132 1320 9192 4688 4060 1780 1779
2136,1568 3556 8457 9884 3697 5728 10908 8745 433 1200
2137,3811 10347 287 2319 1649 5777 6005 14952 618 7700
2138,4441 11960 686 4031 6047 237 1396 11741 8639 10415
2139,7100 656 6500 1400 982 3548 8302 12585 7099 7070
2140,1679 11743 11964 11962 11963 6226 2722 11961 1680 9475
2141,8323 11968 7349 4701 11967 11969 7351 12564 1885 8324
2142,11970 1338 120 11136 3359 5209 2488 7724 5220 4878
2143,11389 11388 5410 6652 8668 3656 11971 10401 11974 9150
2144,3579 383 11977 385 9254 102 8499 6332 386 9020
2145,10459 11190 8988 6869 2220 6563 3935 482 9274 8445
2146,11979 6884 1179 6952 9225 4530 1878 11978 4350 5788
2147,352 2610 3274 119 5822 14200 2611 14398 2612 3316
2148,4223 3100 8704 3555 2784 4219 3916 3712 4235 796
2149,11981 11982 6930 6726 4728 2444 4593 4595 11076 4586
2150,7215 4707 11988 2886 11987 10989 5845 2371 8983 1354
2151,11992 11991 11990 14433 10534 14185 107 13083 9384 8414
2152,9544 11993 6948 11727 3745 618 1577 4405 612 5359
2153,7823 11995 11998 11999 12000 11996 8702 1372 7247 2733
2154,5742 7716 4902 5814 7131 10540 8776 8324 9648 2703
2155,323 873 2448 163 7697 2750 5290 463 9250 760
2156,1260 3857 1261 5858 4457 8291 1259 7899 11527 1262
2157,1529 12007 12006 2614 2820 1168 2742 3465 13200 13578
2158,5447 3085 1318 1724 2869 10199 14736 1826 1314 2881
2159,4968 12011 12009 8423 12010 14202 12386 14064 10255 8117
2160,12012 6155 10835 7633 12014 5085 9042 5508 12016 11461
2161,6863 9802 12018 9188 9187 11814 11094 9203 10480 7923
2162,8802 3570 10014 14605 14604 111 3569 100 2084 7324
2163,841 12022 10305 3707 8658 1233 596 1236 9653 1567
2164,12025 626 12024 1746 5498 2979 5382 7605 8928 13888
2165,4067 8898 2721 4478 3509 9848 4469 15243 7927 5589
2166,6586 11648 11274 8430 14104 1731 12432 6228 1856 1111
2167,12027 12028 6414 7393 6416 2614 15038 12842 8869 6282
2168,8761 9123 12842 7333 13343 7908 995 15038 10980 9074
2169,576 12029 563 5358 5356 10271 13695 2288 7401 10047
2170,6045 4764 4016 12031 6471 12030 5791 5972 1065 476
2171,5299 5065 5033 473 5073 5072 5067 8747 5034 4366
2172,2314 3155 6640 12096 11470 11752 9936 11965 10986 3143
2173,4905 4901 12018 9499 3237 4913 4900 4638 3236 4891
2174,12033 6621 7939 7987 5885 5171 11005 12321 6622 3952
2175,9181 12034 3359 8246 1074 2472 6561 8492 2480 3860
2176,12035 12036 6589 11288 1479 12885 11355 14674 10224 13548
2177,12037 7302 13285 4966 10123 127 7181 10032 10276 8339
2178,12041 11839 12039 8236 3859 9836 2845 12040 7895 1716
2179,870 4085 5972 6411 1213 10420 787 797 7958 2456
2180,5596 9044 3683 7400 4278 2221 3210 11904 6648 1766
2181,687 12043 7833 2460 1963 4857 6367 757 4206 4765
2182,3242 5793 8978 5426 11075 1793 705 14501 8676 8844
2183,11073 3602 6054 7139 5210 170 9703 1411 12045 83
2184,12046 10231 11296 2348 9693 6677 4322 7388 11083 3299
2185,9966 12049 12047 7571 5621 7379 1728 11700 1713 12048
2186,1239 2068 8790 4183 8858 2072 6020 1238 14114 3042
2187,8874 843 3131 12050 2755 12051 3470 11761 3959 2045
2188,12056 12017 13884 14377 8274 1401 12689 4441 7717 625
2189,12058 12057 3808 1887 7546 9817 8980 10859 7015 11798
2190,12062 10362 12060 12059 10563 12064 25 12063 4553 6836
2191,3009 4899 3238 7237 7558 8627 4883 12066 8624 4882
2192,12070 6990 11111 4791 14803 11822 13321 6995 6941 11108
2193,12076 12079 12071 12075 4132 4687 4688 12078 12073 7074
2194,169 1252 2309 2262 5958 5957 745 14619 3811 149
2195,12082 3861 12081 2982 7625 6541 11375 7104 1629 15125
2196,7002 12083 7658 14143 14911 10765 9190 14257 15119 15059
2197,4635 5828 2480 3872 5835 4987 4993 11443 4815 2495
2198,3811 3544 9800 879 5980 3546 4462 4092 4398 1737
2199,6362 1321 1319 1778 2375 6363 1322 1320 2371 4060
2200,3465 8709 6417 2614 15257 2742 2820 1532 10523 11122
2201,12085 10169 12084 15192 14147 10561 12847 14729 9789 11855
2202,12086 1951 5917 8521 4385 5904 632 3771 3596 578
2203,7805 3152 3950 9774 5078 8855 2582 12087 4261 656
2204,12090 12089 7782 12088 6844 6327 15127 13218 6331 6845
2205,7549 7465 5281 742 56 10140 7550 7548 2523 2509
2206,7756 12091 4565 8392 2662 12092 8215 8214 1996 1635
2207,1184 10542 12093 8617 8544 11113 239 5974 14381 14035
2208,12095 11843 3209 12094 7915 11669 1453 180 5549 10472
2209,11956 3594 7173 3598 3599 13464 3595 2738 12840 7746
2210,6304 3377 10906 11812 9496 4637 2035 3641 6300 11654
2211,5898 11029 13032 10592 7408 10003 14443 11711 13113 3980
2212,2614 2742 12098 2741 3465 15259 2820 13578 5998 1532
2213,8882 2657 2206 14082 10094 14512 4852 15147 14493 5264
2214,12099 12100 5514 2807 4305 11048 4575 3493 11750 5944
2215,12101 5036 8993 10977 3771 12134 10981 14156 1088 5346
2216,7198 1476 4076 8603 12002 3147 10759 1495 7339 6833
2217,8315 12103 12104 2444 4332 5377 3019 681 7544 191
2218,11301 12107 12108 2565 5323 10612 2332 7192 2242 3371
2219,12114 12111 12122 12115 12125 12124 12112 12117 12113 12119
2220,8666 7551 522 9680 6438 12127 2250 3153 2245 9478
2221,10265 3857 8419 3823 4350 627 5096 12129 6247 2556
2222,46 3805 5151 866 104 12132 12133 5304 11672 5141
2223,12135 1877 4410 8859 6835 11590 5883 8519 4809 14623
2224,12136 11590 10148 12137 8842 10151 8119 8228 8118 7846
2225,2457 385 5237 7466 38 3971 7054 15231 15232 6909
2226,3887 11642 9458 12156 10701 1840 2265 3665 14235 9294
2227,9527 3048 163 3553 10100 7616 3517 4776 7287 1397
2228,12141 12140 12139 11719 116 575 3814 6946 3533 7559
2229,687 3186 3037 6367 7412 7507 5037 2460 6997 1648
2230,3487 4941 1268 7106 1978 9234 10870 7801 3321 10637
2231,12143 12147 12144 12146 11085 12148 1721 12145 1705 2447
2232,1011 5687 10899 7427 10199 5447 4134 2870 7057 9534
2233,10408 7292 9502 3998 7938 10409 1473 1471 12720 6778
2234,11752 9936 3155 331 6040 3143 11270 12271 13591 10092
2235,1779 5535 7785 9548 9666 12151 9192 1320 6362 4060
2236,12153 6815 5207 1369 1371 2407 4318 5275 6701 14073
2237,10227 6569 7696 1393 11760 580 10822 4181 10908 4194
2238,12157 12154 12156 12155 12158 11021 6109 1119 9393 4456
2239,7978 6629 12161 12162 6540 10269 11475 8234 3118 1680
2240,8189 873 771 5544 2675 14849 9259 2500 13935 13190
2241,8971 3244 12163 3240 3243 12144 101 873 5956 4353
2242,12164 9620 11235 5725 774 10163 171 12254 14424 14819
2243,286 12165 9552 9253 14161 13369 9787 3802 9785 9788
2244,4573 3831 4918 3316 3348 5822 4223 3350 7816 2494
2245,2875 7817 2874 9751 3668 7554 4138 4135 4693 2871
2246,12166 1798 3252 4994 1961 819 11168 3175 9196 2026
2247,7954 4474 8190 4469 12966 8189 14579 713 5965 3811
2248,7501 1345 4031 5079 3477 10474 4223 778 1967 3026
2249,1447 6032 770 1382 6967 10649 15014 611 2448 2586
2250,2457 12168 11113 5466 1302 4478 10239 11116 7054 13905
2251,7716 12170 12169 11480 9359 3 14627 3787 14630 14629
2252,3105 7088 11811 504 3921 3289 9150 10402 3946 292
2253,6412 12171 10057 9289 8274 14377 1541 4713 12615 4446
2254,1586 7724 12175 3709 12174 6647 5553 8703 9934 5551
2255,3547 6388 4369 5185 5790 1053 1076 9475 3543 8404
2256,3829 1936 5357 3771 1592 4696 13987 14102 10051 7695
2257,2829 7497 2448 7697 7696 4757 182 8441 1569 6013
2258,9032 12180 3896 12182 5349 12179 8102 12181 8825 9350
2259,3380 4564 12184 4566 13382 14370 14255 11715 8349 1886
2260,1130 9610 7760 8086 7306 3795 7322 8814 10553 4153
2261,1871 12185 10762 5400 8585 2825 1295 5836 2826 4779
2262,1896 639 6620 12187 13402 13145 6616 15026 710 2108
2263,8396 8397 7544 3602 6526 8475 9365 1630 9260 11330
2264,12192 9081 12193 10129 12191 12190 4015 11044 1332 5680
2265,12196 7953 2422 9438 4787 3661 2421 2859 567 2414
2266,2637 6153 6152 1693 6154 2118 3945 6150 6856 6151
2267,12199 8824 11668 3414 5256 5976 6738 12198 2168 5119
2268,4996 12202 10066 8718 8721 6261 8696 5330 9615 11080
2269,12205 46 1300 14400 1299 14005 15022 6825 6002 6406
2270,9239 11359 6761 11358 4971 1124 9392 9393 12207 5243
2271,12210 7077 6847 398 12209 12211 13785 10461 12934 5690
2272,879 775 7504 2762 889 323 466 3152 871 794
2273,10034 6770 6837 4309 7518 7808 7809 9823 6501 12212
2274,11073 9702 3278 7828 14215 7380 12752 10763 3311 9703
2275,12213 11742 1124 8021 6621 753 4796 7896 1431 11744
2276,12214 12217 10197 12216 10194 1941 12215 1794 1792 4361
2277,12218 8746 12219 3069 3512 12221 8437 11726 3072 12220
2278,12224 12225 8127 15188 14213 14153 4450 8122 8459 8123
2279,1243 661 3709 3700 1230 3487 3698 598 253 3697
2280,5096 2270 7295 4302 11915 11390 5748 3043 9340 12510
2281,12226 10431 3888 638 12227 8378 8231 11208 7556 13114
2282,323 10510 4130 873 4129 4125 1206 466 3811 10511
2283,870 5612 207 3191 8953 11250 2703 466 3969 4862
2284,12228 10350 10349 10352 12229 11227 3672 6169 4070 11438
2285,12230 603 6080 5062 5591 9706 5956 13403 8686 8682
2286,8861 8680 2275 5922 11757 14028 14027 5659 8683 8684
2287,12231 12232 3947 12233 9183 390 1472 9581 9998 5737
2288,7954 12236 8688 263 12005 12235 10444 10443 262 14167
2289,12241 12240 12237 11225 11436 12242 7785 12239 11891 12238
2290,2646 2642 2643 2647 6126 2640 2639 2648 2644 2649
2291,3834 1285 12018 3280 1760 8053 8273 1093 12849 1501
2292,2116 1480 11706 5360 197 9049 2943 14997 7469 1549
2293,11345 9049 10832 3180 10166 197 6343 10340 5359 46
2294,5181 10474 10567 10471 7835 6700 1212 5977 1970 10478
2295,5255 1895 1891 1894 2729 1893 14420 11845 2274 6763
2296,2159 10241 852 3477 6047 8652 9396 11973 8365 1607
2297,10584 12251 12252 12247 5640 9448 716 12248 12249 12250
2298,9174 3170 9172 9173 8399 13172 3171 13174 13173 13139
2299,5688 8851 5036 2252 10134 9297 12101 6574 8993 10807
2300,12257 12256 11641 12255 12260 12258 11437 11436 7217 1154
2301,9447 3556 1568 9569 4 10439 2459 419 7799 4474
2302,12262 7102 8981 7101 11802 2375 6364 8980 11798 4138
2303,12082 4674 10810 10716 6520 6244 8575 6785 6476 7651
2304,12265 633 10456 2005 3775 6819 2275 2739 4705 4696
2305,1888 354 518 12267 5863 2297 508 2879 1076 863
2306,2668 1997 12268 1996 2611 12092 12949 8214 1911 11095
2307,11033 6415 12269 10064 7249 11913 5347 4593 5365 1336
2308,11256 10459 3749 9523 8185 2215 5022 2357 8664 11584
2309,2741 11365 7395 11112 2742 1532 2614 6996 5998 12425
2310,12273 12272 9781 611 14985 9424 4669 15074 1589 2599
2311,12275 12274 12182 8757 13608 14772 1956 2805 13936 13432
2312,1721 3075 8152 4597 4403 9751 8161 3693 4407 12932
2313,630 6259 9223 7115 12547 14448 3019 4541 6220 9522
2314,9441 9601 2059 285 6711 12278 12176 11406 14305 9179
2315,12279 10634 9937 3502 12972 12973 5493 42 13797 2658
2316,12280 2767 1192 6575 4180 7417 461 8994 1101 6579
2317,12281 4313 2405 4121 14390 198 13266 13265 4486 8113
2318,12284 12283 3914 4160 8970 13216 2298 14561 13495 3912
2319,1555 3879 12285 3466 3695 12097 4174 4865 6679 8950
2320,1097 3112 3739 3115 6910 6870 2692 3114 578 5468
2321,12290 12289 12288 13381 12293 12292 12291 12675 12674 15253
2322,12294 12295 6175 7813 7812 6134 7814 4012 1406 3112
2323,8523 6300 3378 5825 3092 3319 5834 7317 294 4986
2324,7504 2259 12297 5206 2260 9204 11703 8476 8004 13036
2325,12299 10971 12300 5399 12887 1933 12520 12892 4379 12388
2326,45 4017 8999 9119 3055 108 3019 1368 2719 11632
2327,12301 12302 6353 13349 13734 2741 4514 2814 3465 4516
2328,1130 9610 8086 7306 7760 10553 4153 8814 1132 2160
2329,12303 8373 11701 2650 10633 3242 10632 9275 4744 705
2330,5667 8982 4407 10988 1721 11091 7554 10246 10627 4132
2331,4122 5096 244 8179 4195 7733 2802 10012 5097 11473
2332,12306 3644 9138 1096 12308 12307 10219 8962 12305 7212
2333,6833 7198 476 10295 6088 3945 6678 836 4695 173
2334,186 8315 4915 8311 8312 5820 4916 4913 3368 4901
2335,8508 1343 7753 12313 12314 12312 10723 9760 2636 12311
2336,9891 12317 8044 12318 4554 3111 3443 10258 5688 6063
2337,601 7821 7357 11930 9439 5488 8433 83 10885 10308
2338,12319 11029 12047 10044 11732 2446 7379 8185 1713 12320
2339,12322 10857 10753 10747 11807 13194 11852 1839 14611 1003
2340,11115 6693 8426 5205 10052 13696 7529 8144 11116 6697
2341,3811 769 686 2703 466 10347 5418 873 169 687
2342,3067 12323 1070 12900 13166 3065 14194 12899 3066 3064
2343,7928 794 6386 9947 5067 5420 879 5034 4195 3223
2344,1169 4360 8203 13766 10064 7250 707 383 7103 5978
2345,7711 12326 9398 11708 6058 9824 7946 14542 6079 13479
2346,10492 4320 10498 7088 11301 2993 10495 10496 1102 8191
2347,12327 10572 1103 10142 5396 5523 2101 11904 1484 6980
2348,12329 12328 8712 14664 12832 13318 12266 6837 7236 529
2349,2864 11986 10899 4414 7171 1826 1354 2869 4134 7427
2350,4666 12330 4667 11446 7821 11140 447 6080 2903 4737
2351,12331 6719 4899 13781 3238 7558 4883 4900 3237 6717
2352,1011 9235 12332 12333 1721 8541 7057 7222 11598 14736
2353,12335 15139 337 7083 9424 12305 11535 12570 6323 13601
2354,12336 3717 9660 4905 10678 2800 9499 11586 4901 4900
2355,12337 10371 9282 9781 1181 10370 3471 178 6998 6908
2356,12338 12339 6303 6467 2263 2273 14569 14508 14860 8250
2357,12346 12344 11597 12343 12342 6755 2315 5391 12341 7585
2358,3242 7267 4045 605 6880 4569 7363 2955 1195 631
2359,9531 4841 9181 12347 10661 8401 14710 14092 8241 9185
2360,12350 11910 12349 10068 10069 12348 2373 7554 2875 11989
2361,11032 4964 12352 5897 5896 12351 10122 9103 10785 9226
2362,4349 5595 2779 4235 2774 4238 6044 3708 4004 4245
2363,11523 12357 12355 12356 11342 11496 11508 13109 13110 13108
2364,12359 7860 4083 12360 1329 5434 2290 12358 4888 6086
2365,11090 4454 12361 13632 14355 12019 3494 7247 2739 6087
2366,10456 1953 10721 12265 9649 13399 10455 10457 10722 13529
2367,9249 12362 1544 3114 13132 14226 13256 9770 10012 2795
2368,1269 11189 12363 9826 5180 10867 2982 9789 14144 12131
2369,12365 12366 1 14659 5565 13072 14034 6819 10407 14664
2370,12368 12369 12367 11847 4611 1136 1145 11987 1144 9547
2371,11140 1284 8935 11960 425 7829 8782 6700 9087 14980
2372,12372 6076 12373 7296 11467 12159 1945 11771 11105 573
2373,3971 1491 4178 322 1402 10614 323 8689 3108 1515
2374,6323 396 4688 9626 12374 11800 9753 5848 8849 9757
2375,9969 12377 12332 1011 1145 10751 2885 9629 1136 4596
2376,5954 12379 12380 11117 5322 4417 7299 10138 559 2256
2377,11424 10381 2148 11235 9 5961 14341 14952 11092 10380
2378,12382 5425 9526 12383 645 4805 1576 12063 5424 2071
2379,12386 12387 12009 4968 12388 12011 5674 10321 14202 8423
2380,12391 12392 12390 11354 12389 10565 1003 6852 10508 4843
2381,2133 1686 3645 4031 4085 10100 1206 2767 1460 878
2382,12394 12393 12398 12397 12396 11671 7914 12399 3967 7570
2383,9686 5735 7389 12128 11930 15019 3923 5733 5734 5732
2384,12401 12402 7806 12400 3889 5485 3113 11529 5706 5395
2385,12403 12304 6141 12404 11789 10784 873 11380 149 12405
2386,12128 7194 3908 3373 9469 8219 3254 1445 10236 7388
2387,5197 4465 2699 692 5196 6627 6097 6498 7525 6632
2388,12406 8892 8894 2556 8670 11953 3407 6329 624 2033
2389,7940 1374 4068 1352 9957 8114 6183 13961 14146 13893
2390,1136 3666 10088 1145 1146 7215 11626 1721 3074 5686
2391,12414 12415 12412 12408 12413 12416 12411 12418 12409 611
2392,12419 5481 320 453 5646 4735 4734 4733 9574 1074
2393,1997 1996 2668 12949 12092 3572 8216 11714 8214 11095
2394,12420 5096 5097 11481 9349 5509 837 5098 4729 4122
2395,666 11705 5796 9590 4245 1250 9588 9496 2030 2299
2396,10184 8887 7529 11692 11730 11728 8886 11693 13765 10034
2397,2457 10357 9710 5050 3926 7054 9504 476 661 2781
2398,4056 2591 1181 14527 2663 14528 4058 7663 4057 7581
2399,12422 6786 983 10531 2363 12325 7267 2238 2254 7614
2400,3472 778 9390 4946 4937 6920 1685 9468 8763 4246
2401,3771 5357 3829 5356 1936 5355 13987 692 14693 11711
2402,3479 666 7483 9149 11705 7286 665 3048 7551 9991
2403,7946 7781 1912 14542 13479 14319 7782 8760 7711 12326
2404,2614 2742 12425 2820 3465 5998 2741 1532 1165 13327
2405,5852 7290 6579 3740 196 7644 11864 4780 7645 5502
2406,12428 869 1489 12427 870 2739 5580 1488 2790 3475
2407,10560 2635 2634 7647 10561 2632 7264 6582 15192 9511
2408,3075 3079 6703 6362 3077 3076 3078 1319 1320 7221
2409,8523 9578 12430 9109 9493 8923 5827 8350 4341 3831
2410,3903 4766 44 7452 1255 3921 11429 14617 3899 8464
2411,6623 12432 6162 13070 6781 9805 1663 11005 11227 9810
2412,11599 6176 9849 11235 1661 11215 3098 6877 7504 735
2413,611 15269 12434 12435 8846 4016 12436 1078 4881 2556
2414,12437 11729 12194 7980 2286 11730 11728 9996 14420 13733
2415,7399 9609 7633 12327 12438 9181 6980 11707 390 3577
2416,11712 10023 14281 4273 8135 7978 13419 5447 4596 4973
2417,7467 10934 1132 10095 10798 708 11961 1698 4398 7680
2418,8995 2133 11745 3458 10217 9152 13852 7925 323 11902
2419,9849 3862 9954 12865 230 7382 8516 5902 8619 9497
2420,12442 12444 12443 12445 12441 11909 2405 2619 12809 7425
2421,11162 9689 6991 10884 12446 1645 1545 8728 10679 6370
2422,12457 12452 12451 12458 12454 12453 12455 12450 12456 7318
2423,12459 8844 11145 3388 13078 574 13079 12890 2991 12432
2424,7940 11968 6280 29 7349 1352 9957 6410 12564 4068
2425,12461 1753 12460 1352 5895 7940 4962 1515 3982 5897
2426,4902 8553 1079 738 3967 12462 2064 8552 12714 1999
2427,9826 11344 5511 6173 11218 1971 6537 251 11041 11219
2428,12463 12308 5736 856 9276 713 1625 12479 6064 9801
2429,11949 12465 12467 12468 35 11077 12466 5505 10448 726
2430,5508 4785 796 11924 3333 860 14391 11748 12188 5545
2431,11432 4753 9225 5897 6477 6750 6618 11433 11430 11431
2432,12471 12473 12474 12472 4838 11410 8892 5570 575 4409
2433,4263 9317 11874 7813 6062 7812 9046 410 1835 3575
2434,12476 12478 12477 5802 7477 8250 692 11043 7480 11047
2435,12479 10447 12480 10779 7489 10446 11769 11261 5180 4273
2436,9072 2916 12482 9029 13719 4367 1191 412 10499 13934
2437,12484 7526 6658 12483 4535 5179 5199 5711 2465 14915
2438,2309 876 2283 3691 1305 11161 12203 11090 4028 3811
2439,2614 2742 3465 4836 2820 1532 9295 5998 1323 1529
2440,5438 12487 5299 3403 6897 661 2498 48 10662 9281
2441,12424 12489 5603 10894 3942 8821 10156 9504 5877 12490
2442,3491 9138 3489 3490 13776 13777 13778 8115 7083 9384
2443,3321 10471 3283 12976 1978 4864 3487 3307 1567 2253
2444,12492 8921 8687 4696 10194 13644 6597 10197 1845 6247
2445,1090 7926 9282 2575 64 10718 998 1286 4205 8559
2446,12493 2863 6973 7138 3899 7137 3377 4637 88 3973
2447,6583 12494 9693 6046 6044 14567 5853 11159 14000 6582
2448,10262 5297 12495 1293 12496 5510 5378 13106 13107 621
2449,12497 12017 687 8473 3396 3725 1444 15075 6079 14092
2450,12498 12499 5878 10450 13795 14091 13171 12719 14090 10244
2451,6361 6847 7077 4599 5449 3674 6806 12210 1320 1778
2452,12505 12508 6571 12507 12501 10041 12506 12509 12500 12503
2453,9890 5123 6266 9667 11856 986 9811 7248 8322 7239
2454,6362 1319 1320 9192 6363 1779 1321 1778 4060 6361
2455,3525 5099 10761 2693 5098 4729 5100 7501 4781 1513
2456,2439 10151 8298 13392 1655 5384 12565 4561 8335 3878
2457,3982 618 5347 10256 7115 10642 5923 10336 1755 13195
2458,10963 10731 529 11267 10657 10964 4836 1527 7236 14154
2459,5475 4192 5941 481 5576 13932 5433 5577 10789 13660
2460,323 9171 2922 7589 9274 10710 375 4476 9095 7552
2461,8068 7289 3140 3153 8062 8064 6302 4736 8485 9563
2462,11667 12433 3856 3366 12514 10140 6074 1489 10480 3726
2463,226 11975 4255 3551 11671 5502 2993 1675 4634 278
2464,12518 12521 12524 12520 12523 9556 4629 12525 12519 9623
2465,12529 12530 1791 1790 1794 1788 1789 1792 1793 1787
2466,12531 12532 12533 12046 2750 12382 4571 2428 356 3110
2467,12534 4329 10041 12500 8805 5192 8811 15102 9795 8808
2468,5073 5067 5072 5033 3313 5029 5065 5034 4366 167
2469,6537 2650 12536 11218 3665 12748 13828 11219 12303 8373
2470,12537 11636 11263 10467 12400 3980 10030 7672 11633 11264
2471,646 12539 12541 11545 12543 12538 4299 7353 11380 10493
2472,611 12544 242 2252 3586 873 3135 4089 5807 1301
2473,12545 431 4018 6598 9470 10764 14141 12838 1237 9200
2474,5887 1585 5986 7233 1893 8471 6263 8515 14632 5836
2475,3911 4979 10598 253 10143 4005 10144 7139 6020 10572
2476,2877 4603 12548 7554 9967 2875 4139 4596 5875 12332
2477,2903 2902 2895 2898 2899 5969 2910 2906 2909 2730
2478,9318 12549 6912 3039 12160 6380 871 5541 12004 9162
2479,12550 1872 9438 8036 13407 8478 13773 13774 13772 13775
2480,4037 1003 11528 10073 12551 4035 7366 14745 13426 10071
2481,5428 1249 12552 12556 12555 12554 3661 11469 12553 2414
2482,12558 3616 11022 10625 5124 12559 9084 11653 10724 6274
2483,12563 10102 12341 4417 11704 11584 3732 10061 5350 169
2484,9935 10715 5190 10266 2341 4832 14690 14286 14610 8608
2485,12564 7351 7349 11968 4065 4670 6785 12565 12566 2439
2486,8661 5250 8689 12568 391 9581 6073 1172 4579 5591
2487,12569 12571 7821 9426 8741 5946 12570 2115 5166 11446
2488,12572 6520 8575 10810 6886 6476 6685 8112 5353 12779
2489,2739 12233 4406 8083 12573 5719 6868 11140 15082 15083
2490,169 2309 685 3214 15078 466 686 149 2121 3811
2491,12575 184 11814 8335 7322 7127 9117 11970 6298 11058
2492,1501 1161 3280 2470 3727 4348 164 1093 3398 2474
2493,49 9773 11919 3403 3599 5748 12666 5744 9467 11916
2494,769 5577 6577 3033 8268 15113 2448 323 3222 7516
2495,12577 4449 12030 8258 9743 8864 9224 14580 4448 11852
2496,4964 11602 4560 5896 4073 9228 7012 4753 5895 10011
2497,687 10672 3662 1033 2737 14017 11849 12840 6997 12103
2498,11980 5720 2677 1074 4340 2097 12579 3317 7968 5832
2499,1284 794 504 796 3556 3100 3678 5508 4230 797
2500,12583 5754 6414 7702 11562 11561 7227 8078 1909 6789
2501,7103 12586 7951 11034 6161 6167 7742 12587 6165 6181
2502,4688 4132 4687 12589 8406 1317 3083 4138 9753 7057
2503,10128 5170 222 11048 194 2448 2117 3820 5054 5060
2504,10249 5109 9519 6768 7917 7226 7400 447 385 2210
2505,12590 11356 1366 5352 11796 7976 5983 1938 15189 14008
2506,8314 7555 8311 8312 10732 8315 11392 8301 8313 8336
2507,10102 3215 1049 14227 10200 2930 6954 10567 5350 10625
2508,8608 10354 3076 10577 2616 4324 8443 2341 10740 6703
2509,12591 484 10594 8519 12873 4022 10032 5549 4479 4930
2510,4923 9521 12592 323 3750 9249 4453 3740 842 585
2511,10210 8427 4875 3257 7265 15128 5267 13836 12546 4874
2512,2632 10966 504 9322 8233 7183 3220 4262 1684 4377
2513,1348 9887 8687 3157 7947 2153 8748 7327 2511 10480
2514,12431 2922 3025 3477 447 11761 6436 7345 1796 8179
2515,12432 12459 2268 8471 3848 5023 277 10619 10839 8844
2516,9391 10572 10227 8742 11707 2776 11216 1817 11905 3210
2517,11097 12593 8080 8079 10528 11201 2960 6762 10133 5368
2518,12599 12595 12598 12596 12597 12600 7715 6589 6491 7713
2519,6761 7262 11358 9239 11359 6622 1380 9392 12948 15186
2520,11004 12601 12602 8168 3558 11003 4714 14144 4336 13969
2521,12605 12604 12603 11304 8999 2197 9119 1368 5368 45
2522,4220 1446 980 12849 796 1364 794 1359 1363 1361
2523,12606 394 629 13077 14666 14667 401 393 398 6488
2524,739 14852 15147 15230 14555 14306 9054 3790 6676 7491
2525,12607 2380 2375 4612 2869 4616 2372 11347 2379 12609
2526,9528 12610 7768 873 169 9618 2262 5366 9092 2747
2527,2839 12611 11114 3506 4470 10902 3265 2840 14182 11610
2528,12612 8376 3900 11378 3993 2858 11285 5982 6981 10708
2529,12615 6140 12613 8902 5578 10872 12617 12618 12614 3834
2530,10461 4626 6556 3083 12934 6555 7077 9194 2869 1354
2531,12620 127 7633 12621 6178 4003 11216 3577 635 6033
2532,2807 10960 685 4422 686 4929 10435 742 848 1404
2533,9397 9653 9988 9396 10602 4821 6699 4725 10823 7327
2534,6628 12623 8205 8207 1177 8208 4982 12622 1837 2846
2535,12624 12625 8586 4652 9110 11858 9559 14862 13427 6797
2536,11315 11306 12626 10251 14638 13559 10250 8374 14572 13558
2537,12630 12628 12627 12629 1317 7218 5668 3442 8166 9644
2538,12633 611 12586 618 10820 612 3195 3678 1641 3682
2539,11317 8970 667 7774 3620 10505 1378 3703 7505 9216
2540,6932 10225 1388 4030 6933 6938 6354 5403 6936 6934
2541,3811 1659 3977 12634 2915 4557 3501 7495 7301 4467
2542,46 3108 4775 2117 1281 4992 3971 1032 2827 3111
2543,12636 12635 4444 11907 8432 1789 9700 2276 12955 10306
2544,4693 11723 1003 5536 8477 7077 8443 5871 10569 14464
2545,368 5851 6218 367 5850 2221 13198 13197 4806 6266
2546,12639 12638 2302 8738 11795 12641 10201 10508 2258 7378
2547,6162 6781 2847 14594 6783 12432 9803 8144 9103 9810
2548,11851 7366 12642 10556 9191 4687 4414 3079 4132 9192
2549,12310 12068 12646 12648 10975 12649 1883 12647 12181 5627
2550,2375 2371 1778 1320 4060 6361 9192 6362 1321 1779
2551,12651 6766 12650 8507 10979 7532 12409 4631 13796 14644
2552,11396 12652 8140 5497 4775 3747 7656 6801 1898 12371
2553,12654 10881 11410 139 4281 4839 14444 14154 12471 10131
2554,670 12656 12657 12655 4138 671 672 10090 14753 6432
2555,5417 5418 5416 6214 10663 6056 8441 5419 5420 1752
2556,12663 12661 12664 12662 12660 12659 10067 12658 1714 12079
2557,12665 13495 14421 8236 12236 5469 13599 7051 12753 4362
2558,6005 6114 12666 12667 2134 7370 3796 2959 4350 10078
2559,11243 12668 7914 8935 8352 6381 1199 1615 6564 3336
2560,12669 12670 12537 4434 3884 14582 14466 3877 13825 11636
2561,5345 12672 12671 1475 12743 8889 2816 2814 14457 8894
2562,12291 12674 12673 12290 12675 12293 12292 12289 15253 13381
2563,637 11361 688 9071 5498 11407 11409 11408 8701 9072
2564,12676 12677 12678 10845 10844 13703 13666 14679 13001 1544
2565,5097 39 5305 5096 4327 2493 5098 4729 6890 5299
2566,12679 12682 12683 12681 10219 8781 12680 12055 265 6748
2567,12687 12686 3603 11606 11882 1835 10902 806 3609 204
2568,12688 3978 12547 10674 11230 2825 11867 11864 3586 12689
2569,12691 12690 6863 3990 11670 5593 12653 3911 14493 10612
2570,10555 5588 223 12395 3761 11933 12267 2526 7388 9603
2571,12694 11773 11147 7172 6674 12693 6525 6504 11692 7985
2572,6596 3518 8046 8763 10307 176 7697 10302 625 7680
2573,2869 10090 670 671 672 10089 10087 10091 10074 12657
2574,12695 12696 9958 3568 8487 12183 5328 8213 2665 1958
2575,12697 12312 12065 10980 14891 2666 10082 11384 9123 8272
2576,4785 1581 6211 10796 13169 11924 10227 11985 2174 1443
2577,11715 3380 9118 3332 442 11714 3359 9669 8349 119
2578,12700 12703 12699 12701 12702 12704 12705 12707 12698 6816
2579,5413 7499 3234 4823 3378 11465 295 9184 6300 3237
2580,2457 1833 9849 6176 1835 6427 7303 7054 10328 1831
2581,12709 12318 4924 1683 11576 6885 12343 2676 4925 11862
2582,2085 2084 611 11370 12710 2083 4663 12711 5587 3056
2583,7284 6521 2917 14088 4378 11176 12513 14558 2055 2925
2584,12274 12182 8757 12275 13608 14772 13996 1956 6099 2805
2585,6815 2407 12713 1762 6035 9219 3508 12712 700 12153
2586,12714 5577 3467 2588 2075 11843 1423 14287 14274 467
2587,323 794 12715 10270 12716 9619 8948 2656 2052 10271
2588,12234 575 12717 8840 13384 13105 8841 11054 353 12141
2589,1484 2360 1750 1477 5458 11830 1068 1103 7417 14669
2590,1677 8318 12718 12925 7878 12923 5483 12859 8647 12924
2591,353 12720 12719 6842 5174 7046 575 6085 9658 13384
2592,383 2067 4759 611 4756 2294 12253 5070 9144 13766
2593,12722 12723 12721 10726 12464 684 8088 7673 1715 5171
2594,12739 12732 12242 7081 12729 11381 12733 12735 12725 11224
2595,323 11089 7276 3559 445 3162 201 14666 14667 14005
2596,611 7238 10477 1476 3213 651 4976 40 9007 10594
2597,6348 4780 6064 3254 3715 10718 10656 9480 9276 13053
2598,9826 5782 7141 857 10255 5781 14143 13998 14064 1253
2599,8825 3804 12740 12495 5349 3451 14402 2837 2604 14782
2600,3943 3909 12741 7391 3148 3875 4893 15222 14680 15044
2601,8186 545 2080 3127 7989 5947 10340 10234 14820 544
2602,12744 12745 2742 2820 12743 3465 12742 2815 13059 1166
2603,8842 2427 9974 10148 10151 2426 8841 8229 10147 7523
2604,11147 12623 8496 11684 13406 11782 4424 12694 6923 14027
2605,7065 9194 2876 12209 9751 5690 3843 12210 7554 3667
2606,12751 12750 12749 5758 3709 9170 12803 4339 11424 14359
2607,1577 4953 7017 14510 14458 1565 1564 10732 990 4952
2608,10763 12752 5145 7415 9702 10334 11329 3549 7416 10765
2609,12753 1675 14421 5476 8236 12387 7311 5469 7805 5762
2610,12754 12755 11183 11181 11182 10114 3492 2399 913 9121
2611,1354 9962 10366 2886 10365 4141 1357 394 2369 1829
2612,2600 5595 12759 5196 9551 7965 11867 12758 9397 10254
2613,12761 12762 12760 3664 966 967 12763 10930 961 9879
2614,12764 6084 5096 11130 12150 2957 8817 3796 3559 797
2615,6553 2880 3038 14751 14745 1357 4037 8648 5449 4036
2616,1963 10909 5001 3620 11291 6957 12286 7920 667 9143
2617,2133 8525 2469 5725 2323 10866 13050 15169 15086 14214
2618,12765 9939 1147 11534 7694 14237 11140 12573 12229 149
2619,12085 5904 12766 7246 5917 10125 632 14378 14147 11855
2620,12767 12768 12769 9672 7988 2335 9675 7670 9676 9671
2621,1796 9715 1443 3036 3698 467 4235 1452 12144 3697
2622,12778 12774 12772 6407 12771 12775 12779 12781 12133 12152
2623,12784 687 3257 7310 1702 469 7245 9890 7083 14619
2624,6601 2446 2065 5772 12549 5885 4104 10232 6402 7970
2625,466 8995 7918 205 1395 12002 4032 9223 476 686
2626,11301 11164 222 11750 11231 10236 4975 3024 12127 4092
2627,769 1978 834 4257 6920 830 3811 778 2448 176
2628,12788 12787 8346 636 10201 10204 8364 9942 1868 9606
2629,12790 12789 12791 323 5494 3937 696 8297 1652 1647
2630,3280 2059 3279 4420 2832 4433 4435 4432 1093 4421
2631,12792 7806 4534 11792 4533 7807 7165 12402 12401 1731
2632,4877 1296 8288 185 6874 3275 8284 4880 8293 4875
2633,5090 1408 8878 7823 11170 838 1252 4219 1201 2457
2634,896 9286 11813 5275 6470 2234 4920 10505 9975 2561
2635,7955 4365 3441 2735 2164 3702 350 3555 2601 772
2636,1822 1821 1823 1827 1825 1826 1824 4459 4454 4457
2637,12796 12798 12802 12799 12794 12795 3268 12803 12801 6066
2638,8607 1289 5421 9811 12097 9396 6898 2575 1621 10659
2639,425 687 7614 9429 9499 3383 4736 2211 2218 6366
2640,1166 3465 404 6351 1535 9784 2814 2820 12805 4514
2641,12806 3415 6733 7427 8822 9540 1011 673 3413 9750
2642,5401 10781 9867 6391 5402 2587 7155 1022 685 4951
2643,12444 12445 12442 12443 12441 11909 12809 7425 1721 11989
2644,10056 6141 981 11747 4533 13038 14805 15242 13037 1731
2645,983 10065 9933 4343 11139 8361 5544 6689 6300 10308
2646,1840 11654 3781 9226 2748 8424 3144 7012 2914 13208
2647,149 169 5664 2838 651 1436 171 5942 2625 4225
2648,3867 10342 12110 9587 6875 10549 10018 5310 2027 12812
2649,1801 12814 2603 3680 8270 10345 14630 14627 14629 3787
2650,12309 7231 5151 811 4189 7931 9089 14540 7232 2943
2651,12815 12816 5785 10248 1342 12818 11283 7866 12817 2926
2652,323 2133 12163 4882 5001 7570 12570 12569 12964 7560
2653,12820 10880 12821 3403 5096 12667 11035 12822 13315 14330
2654,795 6850 3513 8463 2195 2521 9922 4185 11240 1219
2655,12824 11023 12524 12249 12248 1665 9809 6619 10867 230
2656,12825 406 6326 14811 14812 13422 15032 12502 3017 14743
2657,3055 5734 1960 1018 2480 3723 3505 1965 4897 10016
2658,4455 620 12039 621 12040 9714 5907 606 13706 12496
2659,12173 12828 8829 46 9243 10564 10493 131 10655 4437
2660,12232 7681 3205 5054 768 12231 12233 9183 390 1472
2661,7345 11956 9656 10530 6404 2412 1609 10333 10438 7783
2662,363 12829 15092 14981 365 10904 11916 364 8307 7294
2663,3472 5089 5315 6919 2001 5508 828 1970 5893 3811
2664,6926 5484 6925 3469 5637 6928 6927 4922 4894 119
2665,12835 12834 12830 12831 12832 12833 5159 12329 5260 5625
2666,3200 662 11173 15065 5003 466 618 3438 251 8451
2667,11713 10380 10381 7442 4307 2148 10174 1052 2799 6970
2668,12836 12168 3701 14798 12979 9416 3335 12673 14609 6648
2669,12838 12837 1631 905 9470 9473 431 2093 9190 4018
2670,2540 6203 3329 11244 3316 3289 5207 3339 6206 3319
2671,12589 7058 10099 11721 11722 8443 10075 11348 10097 1828
2672,12840 994 6522 1799 6523 1551 499 15269 10157 5260
2673,8761 12842 7908 15038 3444 954 7393 12027 1740 7333
2674,10974 12843 12845 12844 8837 4174 6545 11139 7183 12581
2675,3811 5525 8483 765 676 9604 5524 14893 10347 686
2676,12846 10219 14725 12679 10027 13776 11245 11490 7107 12681
2677,12847 12084 5971 467 12320 1282 14287 1028 4757 12087
2678,11732 3446 4723 3447 3448 4724 3450 3445 3451 3961
2679,12850 12849 13885 12851 4420 2832 11366 3280 1093 980
2680,1796 12144 9715 2324 12852 1879 1452 10126 4235 9265
2681,10972 4180 12853 169 10111 7455 5121 1797 8413 12280
2682,844 11427 11426 4644 6053 1648 2897 5071 11174 5566
2683,12854 611 5998 12856 9694 383 7716 13780 12855 13133
2684,12857 32 13294 8382 8504 1383 2130 12067 8389 6722
2685,1558 9323 9324 9830 12858 12236 12860 12859 13278 13654
2686,10197 4735 10194 1365 10195 4361 10196 4734 4733 4737
2687,10506 10611 11143 11657 7406 7674 8385 8821 8322 2831
2688,2666 4059 10980 9123 8392 2662 12312 12996 1543 9812
2689,9296 9527 9322 11213 8067 9273 12862 3866 1565 1564
2690,12863 4381 12864 13530 11063 13898 6670 275 10593 263
2691,7527 6226 12030 5767 14442 11592 5762 14443 4665 4749
2692,12865 9849 9954 8619 7382 5902 5777 14112 3862 10413
2693,10913 12866 1011 5535 4035 1141 9547 1317 2996 9307
2694,12869 12868 12651 12867 12482 5337 5205 2183 11592 3591
2695,12871 12870 14381 15109 8617 13522 13526 13169 10678 13525
2696,2133 8611 10240 11469 4278 7959 6413 7956 12941 3182
2697,12591 8519 12873 4022 10032 891 8398 4798 10755 4026
2698,12876 12874 12877 12875 8999 7121 3684 5508 3052 3051
2699,12878 7524 12879 8884 5179 6089 15279 15278 7525 7526
2700,611 7724 10919 7420 143 12042 2761 74 2765 3546
2701,1011 12882 8805 4138 12883 4134 4137 5876 12534 4132
2702,6294 12546 246 6837 1901 6597 4281 891 2458 6293
2703,12885 10589 6123 982 12886 7100 12431 775 167 5770
2704,12299 12887 10971 12300 13250 13249 11775 9451 3490 1524
2705,12888 1590 11986 8233 7168 6946 792 12986 12141 12026
2706,12459 12890 5886 13377 13698 8844 3814 12891 1176 13078
2707,6846 6840 6845 6843 6844 6842 6841 3492 4379 3609
2708,11303 8842 7523 10764 8843 2431 2427 8841 10148 11591
2709,674 12894 12896 12897 12893 11002 1356 6741 1829 6931
2710,12898 10716 6244 5353 2654 2995 13882 12082 5352 6685
2711,3982 10729 4375 9199 8472 2661 5955 13384 9180 11019
2712,12900 3067 12899 13166 3065 14641 3066 12323 2404 3064
2713,1354 8542 4141 1355 1357 9854 11778 2369 2378 2371
2714,6622 10766 12901 2706 1744 13892 3304 10765 14517 14889
2715,12902 7086 9431 9434 9432 9433 596 603 9700 10306
2716,12906 12905 12903 9517 5430 12904 11286 7986 13316 13409
2717,12907 4783 13592 13591 10031 4784 4800 4785 4795 4794
2718,5876 1011 4134 9194 6705 1318 4063 1777 1826 6446
2719,5299 6571 12501 6474 5989 12535 6570 10041 12505 8808
2720,9832 5340 6803 12708 7705 6835 8958 8251 7706 7707
2721,1002 11778 7056 1001 1011 3416 1354 11347 1003 2379
2722,3398 1329 4344 1161 3826 1331 3881 3397 506 5891
2723,5022 11584 2258 11750 2710 7131 13100 13099 13101 11582
2724,12910 4593 5819 4041 3090 10184 7527 8887 14437 13550
2725,4948 221 5380 10035 6185 6782 11648 1939 5620 11650
2726,11231 560 11232 14805 10056 8562 1529 13315 12854 12820
2727,8808 5193 10041 12501 12500 13351 2816 6571 12535 15102
2728,2614 11261 12911 12480 2742 3465 2820 1532 5998 1323
2729,3975 6727 11379 10378 10377 10376 7005 7764 12016 11441
2730,12912 12609 9548 12608 11639 9538 10751 2885 12913 1725
2731,9810 4037 1522 6162 6783 1939 1663 1665 9809 6775
2732,10049 12016 106 424 10174 5044 10178 241 3733 7906
2733,6323 4687 9756 4132 4688 1011 7091 1317 3442 3083
2734,9125 11916 363 11915 9340 2958 5748 7153 8069 2141
2735,10272 2295 6839 13774 10271 13773 13772 13775 6836 563
2736,1665 9810 1662 9809 1663 1939 12987 2438 6162 6781
2737,12919 12920 1825 10365 9236 10366 6733 2378 6553 9851
2738,12922 5215 3377 6300 3378 10497 5825 5217 3319 12921
2739,1826 3843 2876 4416 2374 3844 9850 14105 4414 5690
2740,12923 12718 8318 12925 12859 12924 1554 7878 6883 9395
2741,4138 12929 1719 2373 10461 9852 7067 4687 4132 7057
2742,11594 12930 10000 7165 5714 2984 12931 1795 7166 13255
2743,1826 4414 10995 7098 4416 5537 4134 3843 3844 7099
2744,12933 12934 12932 10461 7077 6847 12935 12210 15027 13785
2745,6863 3921 9203 2923 5319 9802 9946 9187 7777 9188
2746,1001 4316 10508 9636 9642 2996 1002 11768 7062 11711
2747,1011 12936 3443 10807 7217 4689 4690 5688 4134 1773
2748,12929 2375 2371 4687 4132 9191 4688 1779 4060 4134
2749,13 12 15 14 11 9759 8096 13307 1 24
2750,7691 12873 10725 363 10049 7049 2397 3613 7169 3796
2751,6172 8650 12937 12352 11649 10363 10714 1851 6171 12938
2752,6725 6717 6719 6718 3893 693 8517 15187 14652 12885
2753,11733 230 12939 231 4948 3425 6164 7478 10736 4455
2754,6809 10953 7425 2869 7554 2875 3442 7065 1826 8982
2755,12940 10318 10319 10315 10313 10317 4529 10314 10320 5903
2756,4807 12941 4806 705 11854 240 2266 13198 13197 11469
2757,3079 3076 4402 12942 10858 6703 3078 3077 3075 1354
2758,12943 7655 3663 12761 967 12944 977 15052 12762 2441
2759,2375 2371 1011 1778 1322 1321 11531 4606 4401 6362
2760,12946 4581 11833 4589 966 9880 2196 15052 15050 15053
2761,8882 4352 4852 10481 13018 4455 6268 2657 12429 12417
2762,1648 500 11014 466 476 879 788 323 3100 1999
2763,6165 12947 6887 2439 7880 7858 7651 14112 13392 8532
2764,1544 12949 2795 8288 3572 1998 14600 12362 12696 14782
2765,10569 12735 7077 10461 10568 12725 10570 10627 5871 13785
2766,12955 12954 12958 12952 12953 12956 12951 12957 12960 10448
2767,2145 8996 746 5831 10895 2234 4845 5830 2130 609
2768,12962 12961 11790 10180 9667 5177 14410 14322 9668 13101
2769,5324 8592 12963 6002 10086 11365 14041 1911 7825 12612
2770,1938 4358 11356 12965 10188 1222 12590 2908 9652 710
2771,2742 2741 1165 4516 6000 2820 13327 2614 1166 10528
2772,1296 5043 5041 4153 3648 1299 10898 4077 7904 4743
2773,12971 12968 12969 12970 12967 11038 1129 2663 14454 8629
2774,12972 12973 6516 8766 9937 12279 14095 11399 8914 15115
2775,1170 383 3153 4286 4395 4404 8715 9371 7688 13705
2776,3242 6228 3241 6070 4627 4569 5638 4204 3240 3243
2777,12975 10860 12976 12977 3716 12974 5833 13608 13609 7441
2778,12979 13162 3252 4129 5298 3643 3577 13058 7051 8362
2779,9972 12980 6670 14314 13530 11780 6629 10465 10466 12864
2780,6317 12916 6044 2768 1901 9048 9469 1100 4820 9249
2781,5889 12982 12983 11862 6397 7519 8980 6931 12579 8981
2782,127 7053 5397 12191 7400 11935 11669 10386 11707 725
2783,7532 7539 9996 7536 9998 14090 6398 7537 13842 7535
2784,12985 2284 4932 13667 1174 10644 6784 3854 11983 5975
2785,4599 7366 11528 5845 7427 2375 4138 2869 7215 7554
2786,10011 12986 7168 14833 14834 14667 14143 12888 11842 11840
2787,10264 9690 11835 3507 7050 5677 5764 3810 7929 6011
2788,12988 11142 9825 6558 1593 2420 5426 2440 6400 10021
2789,12989 12991 3795 5998 12165 8635 12992 8086 6719 12990
2790,2820 11881 12426 5998 12994 9794 2742 405 1166 2614
2791,4285 5604 7456 11025 13057 11047 6952 10180 15172 8675
2792,8241 9531 2950 6971 4484 9185 15077 4346 6980 8957
2793,1709 10995 5537 7098 7099 11386 10994 4414 10096 10628
2794,4345 12996 10155 8270 12678 8882 10980 13877 10135 10243
2795,4284 5237 9694 5792 15025 13224 13039 9433 10496 3644
2796,2375 11347 2379 1916 7358 7056 2372 1860 2371 2380
2797,10845 10844 12184 12677 13000 12998 8085 12999 11688 12997
2798,12463 12479 1625 13004 11153 5879 14152 14090 713 11769
2799,405 1323 2815 13006 13007 13005 2820 2742 1166 11880
2800,5183 280 3855 7369 3994 225 4335 183 1041 279
2801,13009 13010 13011 9015 13008 13316 12903 13410 13040 13900
2802,13012 13016 13017 3719 13015 11316 2986 1485 3488 12325
2803,13018 6268 4352 12417 6269 14970 14526 8408 15089 14854
2804,13022 4646 4650 4656 4648 4655 4645 2804 4652 4651
2805,5358 576 12597 13023 13024 12383 11341 5356 5357 15132
2806,13025 13026 3097 9588 12421 2900 8565 5890 14977 14978
2807,13028 13027 8471 13029 9403 1123 4388 10839 12980 5887
2808,3416 11778 2870 3667 8982 10627 8542 1003 10461 10753
2809,2086 3012 5564 14744 11003 5566 13816 2093 11039 14782
2810,3937 2297 1058 7283 4049 4981 7875 1652 1647 12789
2811,11779 8839 11856 10289 11781 7659 2921 13571 2074 11780
2812,13032 11029 10592 11943 10343 5898 12319 10044 12047 11732
2813,2294 12359 8418 2608 2290 13033 7402 7341 12043 1091
2814,8357 4371 5695 1910 8613 13034 6525 5296 13035 4935
2815,5145 3222 12320 7415 4976 1052 4049 2733 6433 1054
2816,10056 13038 13037 11747 14805 15242 6141 13371 13125 13612
2817,3921 7771 4841 2118 12634 7304 8556 4126 7772 14092
2818,13040 9015 13039 13900 13008 10917 13224 14075 14077 14215
2819,12481 2320 231 7886 7676 528 5169 13041 3128 3500
2820,9609 6376 7458 5502 11476 1098 2736 3538 217 7761
2821,806 1835 3603 12687 12686 1833 811 873 3609 8522
2822,879 871 2764 8403 323 466 857 868 13570 1901
2823,1617 1622 234 1619 1285 1295 1620 1501 2427 1618
2824,570 7285 9921 894 13042 255 9215 6179 7520 2574
2825,11846 11983 13045 7712 1176 12038 6936 7019 7251 6058
2826,9122 3868 3552 10484 11200 9680 9372 11302 3946 1419
2827,13047 337 9048 6714 3210 8672 4353 9653 8123 1574
2828,1540 10931 3496 10583 8263 10930 13194 15043 15042 13193
2829,1354 2371 1001 2886 2375 7063 1355 1357 11777 4138
2830,4608 10367 7076 5872 12058 4136 13565 6737 10576 10574
2831,7694 2821 11534 6333 7691 5408 9939 14284 5346 7695
2832,3222 9249 10489 2079 13552 14663 13181 14226 13083 9288
2833,5788 6092 13049 4705 10941 1406 6507 15090 6125 10986
2834,8525 13050 14901 15169 15086 14214 10866 14213 14209 8020
2835,11140 10295 4486 7387 12945 12765 9893 6833 11446 1284
2836,2667 7562 12616 7558 8899 7555 14515 10979 5327 8758
2837,2742 13052 11627 8892 3262 13708 2614 2820 1165 13327
2838,7345 11271 204 10787 10364 8711 10820 7718 5435 12822
2839,11420 2869 10071 4035 10073 8645 10072 10070 10074 3442
2840,9853 2014 6432 4598 4574 6431 9666 14751 1357 4599
2841,4406 6938 1693 11070 11586 1695 15082 15083 1694 8083
2842,488 1584 4236 611 10884 495 13603 476 769 6339
2843,2653 6106 2608 15248 2609 12206 14306 2294 2296 1858
2844,1354 1357 4138 6553 1355 2371 2369 2378 2014 11777
2845,8808 5935 5193 12535 13321 11111 13635 8534 10041 14328
2846,2637 8488 7188 11919 5522 14925 14741 13612 14305 9773
2847,1859 12551 13992 1860 1858 11120 5673 14458 1863 14226
2848,7825 9032 12173 3568 13738 12695 5328 5327 13269 12068
2849,13056 3841 10591 14566 14519 11959 14913 13526 14543 11884
2850,12422 11627 11583 12509 7675 14981 15199 3262 1528 13125
2851,13058 518 9563 2113 5460 7616 10964 6583 7339 2082
2852,13059 12745 10525 13248 12744 404 1166 12743 12742 10260
2853,1011 2996 8542 4604 2980 7423 15017 6807 13060 5690
2854,3771 3132 5364 443 4396 970 1243 10561 10560 14443
2855,260 10850 13061 10832 2003 5391 6189 4537 13598 7016
2856,12536 6364 12168 4134 868 6191 7094 5059 11333 1826
2857,7837 3605 12360 8672 5083 1687 5956 7291 5054 7140
2858,4857 2961 2463 466 686 169 149 6202 2460 687
2859,1011 6320 5671 12332 10365 11347 4141 10366 12729 9236
2860,10979 13064 2667 11544 2787 8899 7562 6136 2793 6279
2861,12684 12685 1554 10427 11689 13068 14119 7650 11611 9137
2862,13070 6623 2627 2166 13069 11592 6226 11177 14266 4567
2863,13071 11472 13072 13073 9348 2789 13946 15113 2788 14232
2864,10 8711 2207 8709 9145 8710 3948 551 11271 204
2865,13076 12914 13075 2880 5449 4037 1001 2870 1727 7427
2866,11115 5205 8426 6693 2023 5204 4033 10052 13696 5466
2867,7340 13077 611 6330 5374 476 873 8190 794 149
2868,6364 1001 4413 8443 12644 2371 9192 11851 12642 7366
2869,5299 10359 6579 7800 13735 5176 8747 10356 1419 6575
2870,13079 13078 12459 13080 10983 6095 8844 11366 11603 13177
2871,11899 13082 13081 1532 2614 2820 5998 10734 6990 11898
2872,13083 507 5505 1052 7645 13181 4976 6433 7644 10007
2873,5777 6151 2101 7266 6150 6153 6154 6156 6152 6148
2874,1750 3115 2751 8721 8939 2692 3114 196 573 1068
2875,3526 10902 11474 11073 7828 3412 3541 3410 5343 1096
2876,8706 8707 13088 13095 13090 13092 13097 13085 13091 13096
2877,13100 13099 13101 5022 11584 2669 1256 987 15235 15106
2878,13104 13102 12521 13103 11783 14182 265 267 12681 266
2879,7559 3238 4899 1371 3237 4883 1369 7558 3234 7561
2880,7231 8300 2250 10864 8082 11088 11154 5063 678 3102
2881,7704 11656 12138 2431 13782 2432 10119 6887 11085 8143
2882,9180 10729 13105 2032 12717 11054 13236 3852 11266 7623
2883,13106 5297 13107 11337 4528 7469 10262 3489 1561 14086
2884,11347 2379 10747 11225 7056 11224 11625 4145 2375 2372
2885,9855 7206 9856 7207 7204 7203 7208 6319 9293 7209
2886,13109 11342 8518 13110 13108 12351 11925 9505 7647 12355
2887,12816 6128 314 9934 1342 3717 659 12818 12815 5116
2888,7628 8059 9650 7294 5617 7625 6883 9655 6252 5934
2889,7215 7427 3083 1771 10627 14350 14349 4687 14351 2869
2890,13112 11347 13111 2375 2379 9853 7215 14283 2372 2371
2891,10085 13114 10976 5554 4718 8275 10695 14770 10694 4713
2892,2117 1017 10885 1035 1032 26 10139 601 14265 3971
2893,11135 2112 11401 14888 12640 1523 9409 9410 460 10587
2894,12936 10807 7217 1773 5688 9664 5531 1000 1774 3443
2895,8823 3559 9651 14005 3584 6135 11866 6699 98 3602
2896,9967 1711 1709 12332 1151 9968 12261 12548 1710 1723
2897,12520 13116 14725 5399 12300 12892 13845 12683 3858 13617
2898,8376 9911 9901 12517 5574 6179 9927 7157 6900 12811
2899,10715 7129 7130 79 2142 14690 15230 14702 13891 52
2900,2742 2614 11110 11788 2815 360 10719 2820 3465 11533
2901,1958 13118 3536 1885 14787 13907 5785 7916 14432 13001
2902,169 1252 1095 4180 745 6648 5958 2262 2309 5957
2903,11758 878 4249 2133 126 11140 11147 4085 14140 5051
2904,13121 13120 11129 13119 6398 9698 6389 13024 7539 13122
2905,4515 9784 8826 1532 2820 2742 405 2365 3465 2741
2906,5405 8058 7408 5023 9199 13729 13728 5406 5408 5569
2907,7178 3494 9182 9409 5827 3822 9410 7179 7138 2131
2908,13125 2989 372 4310 2695 14981 2988 15242 10229 14280
2909,13127 2820 13126 2742 1166 12426 405 2614 3465 1165
2910,5424 6433 17 2071 7133 20 5425 1687 4976 1052
2911,11399 8766 12972 14199 12973 11398 11401 726 11400 11402
2912,618 794 10678 13129 5243 3500 7320 2311 10486 1798
2913,9441 13130 2909 9601 1507 10809 5685 11406 3314 2895
2914,7855 9895 6236 13716 13636 13879 9892 6784 13131 9893
2915,12362 3114 13132 578 3753 4757 9343 1808 14839 14028
2916,170 5398 4243 8819 14121 4153 3648 7823 1834 5577
2917,11586 114 10503 11070 3018 14547 9400 6938 4727 14413
2918,7217 3443 4692 12936 4689 4690 1136 1704 7215 5854
2919,9035 10806 13134 13135 1647 3818 178 97 10505 7156
2920,12810 7134 6207 12384 7132 7112 7125 11658 11814 12195
2921,13137 12363 12354 6622 12938 7950 12587 7629 6685 12588
2922,11763 13142 13141 13547 11764 2946 7530 11765 13771 1669
2923,5397 10572 10571 11669 13143 3990 11905 12191 2101 11904
2924,2520 2150 6871 9321 4866 6088 3182 2547 6878 715
2925,9613 6429 2212 12812 11485 7874 239 4351 138 2256
2926,7783 13144 2017 8977 7249 6415 14832 14831 11256 9366
2927,13145 639 4009 915 12187 6620 643 642 1896 638
2928,13151 13150 13154 13147 13159 13153 13149 13148 13155 13157
2929,8646 12172 13160 2833 8244 3480 15165 13611 15166 6269
2930,2451 13080 12808 13014 5129 9128 1772 8885 4630 7774
2931,13161 12853 9947 4131 7519 5508 4080 8573 4079 10141
2932,2294 98 12359 2067 2290 2293 8418 4106 12801 2860
2933,13163 13165 13164 11439 11435 5440 11438 11437 11436 1156
2934,13166 9360 3067 14407 10260 10562 8735 14217 7923 6863
2935,13168 10460 11957 10670 2687 11623 8837 3504 7820 7270
2936,795 1219 6861 794 4223 4237 323 736 466 4769
2937,1581 7829 13169 4739 6406 4785 11985 6407 6211 1284
2938,12928 12927 12567 12082 6685 8968 13170 5157 10870 11907
2939,10634 42 5493 10173 7613 12279 11212 13797 2658 3502
2940,13172 10715 11963 13173 13174 8138 9214 3170 14082 9174
2941,5917 5904 6228 1677 6086 10125 632 13480 11050 12086
2942,5196 2705 2008 7001 5197 8409 6160 2699 5577 170
2943,6622 2979 9809 10767 2985 13892 1665 9810 12566 14889
2944,13177 7409 4629 7264 13771 13078 13770 7541 9843 12577
2945,4687 4132 2869 1001 4688 9194 3083 4138 1317 4134
2946,13178 13179 9661 10785 13070 9807 7977 10106 6543 13180
2947,4687 4132 4688 1317 3083 7427 1777 4138 7426 4689
2948,2371 6361 2375 9853 5845 2372 2369 4606 1320 1778
2949,2820 12426 13188 13189 1529 13187 13186 8830 4514 1166
2950,529 8841 6287 7236 10731 538 536 12329 4836 5265
2951,11769 12081 6772 1179 14384 10003 14383 12479 7209 7802
2952,13190 6206 771 6207 11479 3195 14849 4877 3678 9223
2953,8256 13192 8041 11978 1674 11871 1928 11622 12351 7890
2954,13194 13193 12231 10930 8263 12322 1540 1839 12060 14258
2955,8725 13195 10187 10186 7200 5347 8467 11855 1225 13767
2956,4132 4037 4687 4688 1771 4138 1317 7427 14745 3083
2957,13197 13198 4806 368 13199 1672 10446 12766 7808 10896
2958,3854 13110 8784 1878 8529 9869 9874 2440 563 8840
2959,13201 2742 1167 1168 13200 2820 1324 2614 13202 405
2960,4139 1321 4600 9756 11225 1320 1778 6363 2371 2996
2961,11395 9682 908 6170 10118 13204 12468 62 712 6181
2962,13206 13205 1665 6183 6173 4069 6171 6187 9477 1123
2963,2914 13208 13207 1840 9837 9226 2912 1115 7949 9835
2964,2869 13209 10627 8982 4135 9751 10991 6804 5672 7068
2965,3412 13211 3526 13210 9713 2700 12990 11762 3612 14450
2966,13213 13215 13216 13214 13217 5601 5023 77 691 14147
2967,13218 12088 5694 12090 12089 5692 5697 5693 5691 5696
2968,8111 10064 8381 10130 1169 3400 14322 13308 13989 707
2969,10157 13220 12840 5199 13221 1983 11956 14886 10229 14621
2970,5718 4872 6012 10463 4 1732 686 4765 2589 13767
2971,1352 4962 7940 1753 12461 9957 4753 5157 4068 4964
2972,13223 12334 1011 6364 8153 4134 1731 9192 2371 1826
2973,4284 13224 13039 12793 5792 15025 13040 14126 13835 9694
2974,13106 4528 13107 5297 11337 4526 4525 4520 4522 4527
2975,13226 6464 8785 11321 13225 2921 4523 569 12490 7960
2976,6730 1327 11076 8478 12550 9838 9198 1331 5899 3090
2977,2869 1317 7366 4037 11528 3333 4687 5508 14745 7427
2978,4977 13228 13227 20 17 3811 10236 7770 8404 3820
2979,7254 10105 5601 4309 12554 2418 11845 2898 7543 5171
2980,13229 8360 8357 8359 8358 8067 11488 9455 7361 5054
2981,1679 11964 1681 10272 6226 5264 11743 6850 1680 11962
2982,1331 787 10730 476 1213 10731 1328 794 1330 1327
2983,2869 1719 8443 11889 7057 12929 1379 2373 4138 4413
2984,5447 5688 9749 10199 5687 1011 7554 2875 6806 4132
2985,13230 10002 12861 10003 9327 6772 13706 9510 10001 1861
2986,13234 13233 1741 6351 2614 1532 12006 13232 13235 11899
2987,10719 7651 11533 6165 10810 1665 1934 11110 11788 11101
2988,9180 11266 13236 14130 2032 13105 10729 14832 14831 5267
2989,4753 1939 11896 4962 6544 4964 4751 7855 10986 11005
2990,11020 13117 6936 14420 6923 15098 7356 11846 6392 12437
2991,10199 5687 5447 7427 10899 15017 1011 1826 7554 4139
2992,7099 10995 12259 7098 7215 2881 7095 10989 7100 5537
2993,13240 13241 13238 13239 13237 14440 560 14363 14170 2096
2994,13242 13243 3947 8652 13083 8047 13016 14898 14296 9043
2995,404 12426 13244 13245 12882 2820 1166 405 13128 1535
2996,6733 7102 1704 9755 7217 3415 8822 12262 5848 1774
2997,13246 1884 13247 12997 13433 13432 13532 14785 10976 1885
2998,529 10731 4836 10963 4840 538 7236 1331 11410 14154
2999,7050 10264 7929 3810 4191 14356 5592 5580 7051 10171
3000,13032 10343 11943 10592 11029 10345 10344 10346 717 13714
3001,10525 13248 12745 13059 13701 10523 12426 13672 12744 10260
3002,3553 5368 954 5371 14444 12842 7825 211 5374 3242
3003,12887 13250 11775 13249 3490 9451 1524 12299 9452 9450
3004,13254 13255 13252 13253 9395 13251 7262 4551 1789 10000
3005,7825 12068 5324 10086 12647 6002 12963 11365 12310 12173
3006,7217 6363 1704 1429 1320 1321 6362 1778 4060 9192
3007,12480 9566 7859 11261 13945 11365 10447 14659 14043 12479
3008,10413 13258 1225 12891 10412 14112 14132 12865 13797 2658
3009,4284 85 10496 5792 15025 13224 9433 13207 7663 5191
3010,1166 3464 11052 3463 13260 2820 13731 13259 405 1535
3011,13261 9082 5458 10973 1747 7905 3766 10617 1271 4025
3012,2511 2565 1918 11643 7726 10140 2527 2123 2519 5305
3013,13262 8604 625 2139 11072 3642 10660 5177 7304 4292
3014,2838 5706 10240 11844 3942 4071 1078 8219 13263 9392
3015,13266 13265 12281 4465 7171 9996 9998 13267 1265 6477
3016,4441 4385 2305 10922 8468 11659 165 7717 169 618
3017,241 11652 9082 5411 14017 3006 14962 14963 2099 10671
3018,11474 3410 5549 4008 8292 3412 10902 12028 3526 14623
3019,9849 7631 4127 9954 15245 13596 13599 12865 13598 6176
3020,13270 4132 1354 2869 4688 9853 4687 11349 9753 8166
3021,2741 13271 2742 1165 12426 5998 12425 2614 13628 2820
3022,13273 13221 13272 11115 10146 5251 5835 3289 8349 4913
3023,10898 10347 7409 619 3630 2427 683 1414 3040 8842
3024,13276 13277 10798 2681 13737 11799 6786 7467 5689 8541
3025,13280 13279 13278 11248 12519 12527 9823 10253 13654 12926
3026,7014 13282 7015 3486 9412 7013 14571 9406 13556 9307
3027,5863 9644 3845 7818 3415 2871 1011 3843 3844 1357
3028,529 12329 7236 11410 10731 6940 538 12832 14262 536
3029,13283 9405 4159 13080 2783 14171 5010 9474 14737 13078
3030,5880 10773 13284 10771 10770 10768 10776 14013 2918 12960
3031,12437 92 12194 15134 14420 15064 9996 11729 8999 7356
3032,2869 2371 1357 2369 1354 2375 7404 5846 40 5845
3033,11405 13286 4135 14512 14136 14591 726 11403 577 11402
3034,7625 3671 3421 7745 7628 3672 9650 2060 3669 12228
3035,7233 13287 149 11652 2411 864 9046 4870 10132 2000
3036,2010 642 11022 2011 13684 13681 14681 9814 9407 11850
3037,5667 1317 4037 7427 3442 1828 1724 4596 1438 4280
3038,13293 13299 13292 13300 13303 13291 13296 13297 13288 13289
3039,11405 13306 8212 12480 3565 10900 3011 13586 14512 14136
3040,13 11631 13307 9759 12 8096 8095 4451 14026 15
3041,9340 8621 11917 11429 5748 11915 5753 12764 12855 2837
3042,4605 2891 13308 8504 11722 2957 9639 1009 7553 5078
3043,5191 4284 2026 4038 2516 9925 2514 5189 11876 3598
3044,10373 10372 155 10371 5679 156 10370 153 4396 8148
3045,8056 12573 5203 11140 12765 149 2710 5408 2560 5719
3046,13311 13309 13310 10879 25 10878 10876 14315 10123 715
3047,10411 8528 7685 8870 5754 11561 11556 152 151 8728
3048,6725 5365 3400 8517 6130 15264 6717 3893 12584 8111
3049,13315 12820 13314 10880 14805 12821 8362 11555 12905 528
3050,287 2067 5229 618 14127 1740 2294 5230 5232 5227
3051,13317 11821 13318 618 6114 3403 2067 3044 3405 8577
3052,5786 5787 7000 2959 3403 12667 1381 2652 7246 5186
3053,12654 4839 538 10881 4844 11410 4281 139 4838 4834
3054,13321 13320 8869 13319 11111 4791 5935 13855 15097 12070
3055,2814 12671 12743 12672 1535 2815 3465 5345 4514 2742
3056,2820 13325 6350 2742 1166 12426 2614 3465 405 1165
3057,1532 7396 2364 12426 13326 13005 2745 4330 2820 13188
3058,2742 2614 3465 1166 13327 4515 2744 2820 7686 1165
3059,1532 6993 13234 11897 13328 2614 12006 8810 11112 2742
3060,2959 10732 555 5732 2042 10345 13850 3392 3394 10344
3061,1325 13331 11754 13335 13006 13329 13333 13332 1532 2741
3062,2742 2741 13233 12786 10207 2614 1165 2820 5998 13327
3063,13338 13340 13339 5998 4515 7686 2304 14016 6708 2614
3064,5998 873 2744 7686 11913 2742 2614 2508 2741 13339
3065,7249 7229 2959 15199 14800 13854 13850 14694 6415 11932
3066,7824 10528 8300 14043 1955 14395 6790 6789 14254 1633
3067,12426 12744 12070 2820 405 1166 404 1323 13854 2742
3068,4515 408 2820 1532 2742 9784 405 2614 15096 2744
3069,2614 1323 12816 12114 2742 3465 405 2820 8709 1532
3070,8761 13343 12842 7333 14138 12271 2820 7908 9123 15038
3071,404 13344 1166 2820 9791 12426 405 1532 3465 9784
3072,13345 2820 13346 13347 1167 11051 13200 13005 1165 12007
3073,1535 12008 13346 13005 11524 1166 405 13348 2820 2742
3074,13350 10280 2722 11289 8778 1752 8500 583 478 1054
3075,2614 2742 13352 7807 9767 3465 2820 5998 1532 1165
3076,1532 9784 1323 8904 2614 405 11112 2820 3465 2742
3077,404 9793 13354 9784 9791 1166 1532 2820 12426 6867
3078,13200 11392 1167 2820 405 1168 12007 11393 1532 2614
3079,13355 8726 8729 14785 14114 5516 8629 8727 8728 405
3080,1165 7393 12027 2742 15038 6282 2820 1166 12842 2741
3081,11788 12380 13357 8528 13356 1671 12786 2742 2820 13629
3082,2820 2614 405 2742 1166 3465 1323 12426 1532 1535
3083,5929 8534 5935 15129 14880 8735 8736 13321 1237 8733
3084,3952 9682 13358 5713 7939 9655 6187 6687 12033 9650
3085,11965 1475 13318 9465 1500 4591 2314 11330 3322 15287
3086,11714 9079 1996 1997 11715 8215 1635 13721 1998 1536
3087,7215 2881 10995 7099 7095 7098 2869 5845 10627 2375
3088,13362 13363 993 9946 991 1289 12384 1965 2136 9158
3089,11347 9853 2379 2375 2372 2380 13111 14283 13112 5845
3090,6780 1665 13366 6781 13365 1852 9803 9809 3017 6783
3091,6568 12187 5427 11039 12180 6376 2086 13367 12716 875
3092,10444 10443 5199 6094 13368 10442 2850 7888 10157 14531
3093,7702 9552 13369 11613 11612 11614 7701 3802 12147 13556
3094,3415 4402 9664 10936 1154 9750 12806 8822 1721 6734
3095,13371 5371 4385 258 873 3811 149 13370 5368 169
3096,13376 13375 13374 3484 13131 4569 1718 8989 13716 13879
3097,7328 12965 11967 3847 4275 11603 11642 13378 13359 709
3098,9751 5367 4136 10953 7055 4135 4608 8164 7057 4605
3099,13379 2152 5959 10357 3834 4284 6898 1374 4471 4876
3100,11212 10892 2137 8589 11692 8590 12694 14511 14118 3593
3101,3388 11145 6305 8844 3387 12459 11141 575 11144 2933
3102,1826 3415 8468 12806 4414 3843 6364 4416 6735 2876
3103,1011 13380 4039 14745 4035 2880 5535 4134 673 12332
3104,12292 12290 12289 13381 12293 12675 15253 13382 6818 12183
3105,12437 12194 9996 11729 2286 14420 9998 7980 14090 13842
3106,7568 1659 11274 10717 9539 9699 10256 6228 7527 12561
3107,13386 10610 7350 1666 13360 13387 11567 13385 6330 5979
3108,1826 5450 4414 3843 3844 2876 4416 6364 4134 4609
3109,13388 11914 11126 3063 7579 4153 15074 14840 14839 14686
3110,12617 1128 5634 1883 10037 8075 13936 11363 12093 14453
3111,7988 12769 2335 12768 12767 9672 12403 12304 6141 2344
3112,13389 8785 13225 12490 13094 11336 13226 7964 6464 11321
3113,11140 4383 5972 4766 7863 7346 2490 2186 9685 4226
3114,2342 3941 6371 13612 4259 13037 13740 8780 1282 2588
3115,12170 13126 2208 9822 13127 14627 3787 14630 14629 14628
3116,13393 13394 6354 8141 13204 13391 10518 13378 13359 7576
3117,9145 10 9146 551 8711 2207 3948 676 5298 3879
3118,11766 13397 11967 13396 13045 11984 1120 14437 1119 8055
3119,10647 6657 6663 13398 10403 6658 3656 6661 14302 14586
3120,1011 12802 4387 4134 12332 1862 7964 14751 7057 9851
3121,4787 4973 10050 11748 14095 12973 12196 10047 169 10046
3122,12932 1354 4138 1721 8982 7554 8152 4599 2874 6805
3123,13030 5398 165 10852 5435 12221 4677 30 5624 13263
3124,13399 3897 12998 3896 8486 5554 14789 3892 10456 13484
3125,1807 13401 5594 725 10555 2097 1083 2102 12267 15228
3126,6377 7212 29 3048 10691 6312 8240 2117 4167 4725
3127,2913 11081 12168 12862 9888 6441 2222 1042 1503 7291
3128,3427 13405 13068 12155 13396 9623 13404 3429 1119 3428
3129,13407 1872 13408 10316 3639 13972 12550 13773 13774 13772
3130,4447 13409 10680 8316 14353 14195 4448 14196 13344 14330
3131,13316 13009 13010 13011 12903 13410 13008 12906 9015 12905
3132,2013 3113 4803 10110 6582 10103 10111 10105 10108 6396
3133,13411 5099 8669 9464 3608 10915 6829 9617 2588 2571
3134,10321 8184 3560 4191 11302 13041 7616 7144 12061 6049
3135,2371 6360 4403 10858 2980 348 6825 2375 1354 7423
3136,7455 3921 10972 4495 5486 5181 6421 6909 7395 9238
3137,2261 9405 11958 5147 3524 6582 10155 5611 9498 11577
3138,328 9801 12583 856 12308 3587 6879 7214 1660 578
3139,11837 8176 4341 10654 5271 10855 14344 14144 15159 14128
3140,9993 8190 3153 4773 7299 3382 8068 2700 4192 8944
3141,12029 11153 7253 7401 10634 8644 6836 2295 13360 11602
3142,13420 12567 13418 13416 6622 11911 7866 13417 4550 8968
3143,4687 4132 3083 7427 9853 4688 3415 12806 4598 5874
3144,6941 11123 2820 12070 405 2817 9784 6866 13200 11111
3145,1532 11112 8312 7393 13323 8311 2614 2742 5850 9784
3146,2631 7865 5187 3726 11834 4804 12189 1024 9932 11976
3147,5687 7336 982 10199 7427 10899 5447 1011 8302 12585
3148,10372 10053 10375 10371 8190 10564 8195 798 10373 1087
3149,1719 7426 2892 4138 7057 2373 12929 4687 4132 2869
3150,11405 13424 3019 14136 14512 14591 726 11403 13286 11402
3151,8253 6739 12561 8254 10192 6550 3085 6735 12796 12798
3152,10731 13425 952 529 1331 14154 10730 5570 15058 10963
3153,1166 404 9784 2820 3464 405 1535 9791 1532 2742
3154,3237 1371 1369 3234 1164 3239 13313 6301 7559 4887
3155,4037 4035 13426 14745 10073 2880 10071 4036 1317 673
3156,5565 4643 4642 13427 12992 4644 5566 9083 5564 8634
3157,8904 7333 177 1532 8761 3465 7334 11112 1323 405
3158,13114 10431 11190 11208 10243 13066 13067 12226 13900 6755
3159,7730 311 9457 7371 9028 6907 9926 14853 9911 9901
3160,9238 13428 7236 5570 3778 6724 8316 13314 529 8713
3161,6654 4997 13429 14301 12556 13903 14473 222 10236 3820
3162,13431 5514 13430 11368 9372 5793 9836 5374 5175 482
3163,7925 1011 1113 4317 1935 3587 7833 1837 3962 10055
3164,13432 8075 2805 13424 13433 12274 12182 13532 12964 13608
3165,13379 11607 3765 11944 7564 5836 3274 294 3298 5838
3166,10837 13435 10838 2929 3648 12359 11758 11942 4739 2915
3167,4091 4742 2750 11183 2227 2790 6254 13437 7185 7090
3168,578 10432 8467 4862 4769 7622 8444 8795 8953 13195
3169,12188 552 11924 8796 3750 10025 4914 62 6190 10026
3170,618 5580 13438 612 611 287 15065 15105 794 466
3171,13439 13440 13850 14884 13693 6355 14882 14883 13166 7219
3172,9049 7926 3507 2779 9690 3902 7679 14199 6444 197
3173,3945 10359 2674 13735 10356 5176 1660 7552 9790 6579
3174,13443 13442 12370 7427 2996 4139 6807 13444 15017 7554
3175,6125 13446 13445 13447 13448 13449 13049 9446 5262 5263
3176,13450 1315 4624 1358 11386 5536 13983 1355 12642 4599
3177,6146 4170 3070 621 6512 7895 6515 4699 1125 4706
3178,3441 3151 3493 6959 4819 1970 8549 8648 6963 4061
3179,1634 8629 13451 13355 1635 8628 14785 4059 13802 13800
3180,13453 2742 2614 2815 13452 2814 2820 3465 1166 13353
3181,1001 1008 1006 1002 999 7062 1777 11768 2996 1000
3182,7152 13454 7776 506 1573 4052 1086 13434 8188 11861
3183,12584 13410 13455 7249 3400 5365 3805 7783 1747 6714
3184,13458 6622 11547 13457 4338 13459 13170 10570 13456 2979
3185,13463 13462 13461 4909 13064 9572 13975 8899 13067 11095
3186,13465 13470 13468 13467 13466 13469 13471 10635 13287 13464
3187,611 5580 9781 163 488 6853 3097 1646 7929 3225
3188,13478 13476 13472 13473 13477 13475 13474 10604 12630 14409
3189,13479 626 21 13418 7946 14542 12196 4966 9365 8397
3190,2741 8729 5430 8726 2742 2614 1165 12425 5998 8642
3191,611 4759 868 4228 15020 12536 9781 383 10893 14680
3192,4515 3464 4516 6352 1166 2304 2820 3465 2742 2614
3193,13481 13480 6086 5471 11047 13903 1677 3974 5140 5917
3194,13482 8480 11916 13711 14359 10612 363 12130 12510 2614
3195,2026 5281 11739 2509 742 2146 46 1880 5191 14461
3196,8302 12585 4061 13483 11120 982 5673 7100 13484 7217
3197,13084 13486 11380 11545 12403 6141 12304 11211 11543 14798
3198,13487 658 510 778 512 838 5186 1449 5728 3930
3199,11031 11032 5104 11033 11034 5872 4174 1785 7943 5157
3200,8882 12470 12565 4795 10894 8298 6617 5385 399 6477
3201,13491 13494 13499 13495 13507 13497 13505 13502 13503 13510
3202,13511 7020 13515 200 13513 13514 11285 10123 9429 3769
3203,1169 10064 707 8111 14322 4360 8381 8203 11101 11790
3204,5742 6114 11072 9648 9337 6769 13317 3642 5177 11844
3205,13518 11560 11974 14199 3507 2822 88 1535 12426 13670
3206,3665 4939 7292 13179 2652 7938 7990 10701 10408 6537
3207,1771 9080 7215 4138 3083 8580 3842 7096 5501 2317
3208,13521 13520 7226 14944 14942 8428 14908 14909 7228 7699
3209,13522 13526 13169 12870 6128 13525 10678 13524 5195 8896
3210,7427 10899 7554 10199 5687 7818 5447 9540 2875 1011
3211,6824 13527 13257 8215 9079 8825 945 9078 1536 1743
3212,9554 8158 12727 1277 6737 1916 11777 2376 1354 4608
3213,7554 2876 3843 1826 4416 3844 14105 7427 6364 2875
3214,9649 13529 1953 12265 6818 13367 6285 6819 10456 10721
3215,13530 7660 11689 11116 3719 14001 14531 11782 12864 13537
3216,13532 13432 1885 13427 13531 11854 13001 1958 5329 12997
3217,12049 13533 12448 5973 13263 9966 9759 4565 13036 12047
3218,11347 9853 5845 4599 1315 13111 2375 13450 7215 2379
3219,476 2457 3945 7054 466 794 478 6833 5792 464
3220,7469 3489 13107 13106 7985 3491 1549 11611 9623 3490
3221,13534 13536 10779 12040 296 4171 8235 13184 13535 627
3222,13537 13176 5614 13725 7660 9557 14001 14352 14065 14531
3223,13074 1228 13080 10051 11603 6095 12459 10741 13078 1221
3224,13538 644 11610 6346 11921 15086 3489 11611 6339 14160
3225,2197 3333 217 5012 14362 13807 13806 13805 13804 9319
3226,529 38 9667 7236 10731 538 12962 12961 9668 12329
3227,2996 7065 2888 3667 4138 1001 5690 7554 1011 11626
3228,10977 4882 7560 7559 7558 7561 4903 7555 12101 4887
3229,13539 11749 405 8905 1535 13332 13540 1166 2820 2742
3230,11477 3736 3737 9817 12320 6698 3115 3741 3725 3734
3231,13544 13545 13541 13044 7085 13542 10557 13543 13459 13225
3232,3058 3057 3059 3056 3053 3052 3054 3051 15001 15061
3233,9889 12916 4139 4603 9626 7554 8253 8982 3442 7365
3234,10045 12405 4907 10718 3614 12562 3508 5591 8753 10238
3235,1777 1008 3684 9645 5843 1826 6705 1006 1317 6364
3236,13549 13548 13547 11764 11763 5492 13550 11021 11888 5737
3237,13552 12494 2079 4772 3871 1658 9678 14000 10060 2081
3238,13553 9488 13555 10573 1254 9253 8691 3488 13554 9485
3239,1317 4037 13556 4687 14745 3442 2880 7366 4035 7427
3240,2804 13022 4653 11369 4660 4650 11370 11368 4663 4646
3241,13558 11306 13559 11315 14861 14859 14638 14860 7328 7876
3242,12321 366 6621 9264 7847 12033 14490 14429 11005 5938
3243,13181 13083 13560 10489 5336 7847 12034 4374 10204 787
3244,2371 2891 2375 5872 1354 6361 1778 4606 2374 9192
3245,13561 2741 12425 5998 13201 13562 8904 2742 2614 14807
3246,12507 13047 12508 11065 15051 12506 12503 11046 9783 12510
3247,9654 2100 10417 1501 14397 12392 3702 13092 10006 15272
3248,9442 13564 11303 409 12424 13119 2431 10156 131 10764
3249,13565 4608 1003 10367 4136 10576 10574 6737 10368 10575
3250,13566 5710 6241 2169 13968 10009 14237 14153 626 10251
3251,11323 11257 9148 1815 7089 3504 6343 11736 1514 10202
3252,7380 9469 6147 6156 14215 6702 13606 11073 13607 1982
3253,13567 13568 4673 8233 8237 7642 10326 10325 10324 6333
3254,2556 9459 2960 1409 1639 3735 13569 768 14619 43
3255,405 12426 13232 2820 13346 1323 1166 1535 2742 8334
3256,13570 10972 8403 871 243 466 10232 323 5452 879
3257,13058 5569 4438 13729 13728 6583 7123 692 4439 5405
3258,4284 5191 5792 15025 13224 9433 10496 4038 2026 13039
3259,11779 13571 2013 2921 8839 7718 11781 7659 4803 6582
3260,2869 3094 13572 7215 7057 1001 14736 10098 4687 10072
3261,13573 1151 6738 1721 3693 4110 8152 11578 11638 11640
3262,12236 544 14167 10444 10443 7954 12858 8688 1559 7544
3263,8111 10130 3400 5365 10064 8381 13308 13989 8713 12584
3264,12169 49 11916 23 10293 4634 1481 2270 10458 11975
3265,9241 7551 7226 7266 13520 7228 7520 14005 13521 4772
3266,2820 405 13260 13271 12426 1535 1528 1323 8730 13574
3267,7080 1987 3413 3414 11691 9195 14345 673 10818 2260
3268,7057 7016 10953 1719 2869 4605 9851 4135 8164 4687
3269,5673 10752 2891 10754 1007 14459 6552 4609 11120 1003
3270,5255 8497 11610 12552 2393 13268 3489 11611 8259 13577
3271,1804 2291 9051 578 12797 7341 3984 1079 9570 1071
3272,2869 11119 3079 6542 8982 9664 11118 3693 7215 1721
3273,2614 2741 5998 2742 15152 3465 2820 6416 13578 1529
3274,13581 13579 1105 13582 13580 13583 4818 12570 13569 10631
3275,3481 1882 13002 5328 9074 3482 3480 11942 8698 5326
3276,12748 11219 2616 7986 12817 5639 9945 13584 15120 11041
3277,13586 11247 11246 3565 11210 11245 7722 12328 9558 1524
3278,775 7956 10570 8300 5482 3681 4252 877 10569 13820
3279,13587 13940 14826 7124 9055 9054 14555 15270 14578 14827
3280,2063 3529 1035 7646 1101 2064 1079 3751 11713 1017
3281,3979 29 7473 9336 10170 9502 729 10209 1983 466
3282,2026 5191 2234 742 4845 2145 757 11443 2497 4846
3283,12873 891 4026 8856 4022 12591 8519 10032 4798 8398
3284,1354 3083 10461 4403 4402 12932 1355 1357 4138 2371
3285,12907 13592 13591 10031 11270 4783 10746 9936 10092 13593
3286,1011 2869 7215 1863 12332 4134 11347 1862 5845 7057
3287,11270 10092 13593 13591 9936 7334 3910 13592 12907 8664
3288,8223 2780 10451 9261 7345 1574 9068 10452 9314 6025
3289,2371 6364 4413 2875 7218 2375 10989 9192 11777 1778
3290,91 8999 14166 14555 14865 15184 12711 2083 7124 14165
3291,12102 13595 13594 12872 10385 7198 10386 10668 3006 11652
3292,5397 3990 13143 11669 10571 10572 11670 3989 11935 10330
3293,13598 13596 13599 13600 7876 13061 13597 7631 7610 13658
3294,873 4355 149 323 686 466 775 1204 794 6391
3295,873 686 12429 1785 8577 4025 466 2703 149 169
3296,13602 1588 3718 14565 11026 9842 15172 6952 466 15100
3297,7217 12936 5854 10807 3443 1773 1704 5688 6363 1774
3298,138 3328 3288 3826 11855 650 3289 4636 388 4344
3299,13603 4 1503 5360 7390 9062 466 794 6339 778
3300,1166 1535 2815 2742 2820 405 3464 404 1165 12426
3301,3142 6132 9990 243 10797 5624 1282 1765 14430 6133
3302,11590 12136 7846 12137 8228 8842 10151 10148 8119 8118
3303,6054 5490 8431 13604 4780 8070 10297 1614 5488 5489
3304,10729 7459 2832 2985 13605 11331 11335 6225 11327 7616
3305,5173 7420 2057 1568 143 4821 6374 10919 4209 4468
3306,13606 13607 2291 7380 1349 9591 1350 14495 2658 13797
3307,11727 10452 1512 467 8705 14287 3222 5542 3517 2448
3308,2628 4315 2630 2629 6109 15240 9553 10790 10639 1381
3309,11967 7183 4339 5914 14499 14969 13397 11766 14481 8323
3310,11262 278 9394 11606 4521 5639 4334 5235 2942 7168
3311,1354 2371 2375 1357 2014 6360 11347 1317 1355 3083
3312,13608 13609 3716 8085 8698 14900 12669 10860 12975 9074
3313,10575 2871 1011 9626 4139 5848 11624 1005 1862 9645
3314,11912 11773 4371 6181 9682 908 13391 4935 399 6171
3315,203 7247 4790 10984 15038 12842 4789 10680 3127 199
3316,13611 13613 13612 12172 8278 13614 11470 14262 8488 8646
3317,1779 13052 3500 9192 1320 13708 6362 1319 4060 6363
3318,9545 2037 11813 1869 5771 10275 12921 9561 2767 150
3319,9088 8067 3879 5789 10432 587 11486 8836 9050 14735
3320,2130 9042 10362 10174 12014 12015 5141 12016 12857 5508
3321,13616 13615 13279 2830 9212 13278 13280 1558 6333 7214
3322,13618 1805 11809 4756 2305 2152 1444 11050 9144 687
3323,13619 10724 13589 6274 10722 13714 10721 9073 10001 10725
3324,9079 8489 2797 8215 11714 1536 9078 8213 5571 8275
3325,11471 9848 3782 5207 5980 3665 5835 11218 7306 6537
3326,13256 13620 10918 6754 6286 13527 14031 10429 10917 10428
3327,1855 12296 2534 7516 6732 6731 4962 14623 13884 7649
3328,2016 4134 6847 5686 3085 5688 3084 4632 1011 2881
3329,2820 13624 13622 13623 1166 12426 2742 405 3465 2614
3330,3709 6526 6053 3696 9653 3685 3702 10602 2779 6645
3331,2742 2820 5999 1532 13235 6353 2614 3465 1166 1165
3332,437 5155 1656 3277 2448 466 1568 1803 463 769
3333,1684 7385 970 14443 7386 1688 6468 764 8399 4129
3334,8816 7428 15207 15206 634 5415 9706 11764 11763 7257
3335,8788 1177 8291 6613 2984 10868 5285 4457 7878 1178
3336,13627 11948 8860 14465 14168 5369 11947 15070 7755 14958
3337,13629 2820 1532 13323 13357 13628 1740 2742 1166 12426
3338,13630 1804 1892 13906 1891 6749 7467 1985 2013 3908
3339,1011 11347 2888 11816 2995 14283 9968 13112 2379 2372
3340,8164 5367 10992 4605 4133 15238 7057 4137 9751 11120
3341,13631 9829 6068 4124 337 11472 9828 9830 8613 12158
3342,6511 13632 5711 4633 9652 4171 7879 8124 1938 14167
3343,1354 2375 2374 2371 1355 1357 2370 2372 11777 2369
3344,11006 11875 2723 2729 5255 6071 6763 2900 4369 9086
3345,7571 9809 1844 6168 7948 12223 8116 1665 9810 4069
3346,3083 7784 12642 11851 2886 6321 4687 1317 4688 10461
3347,9829 11472 11779 12158 9495 13634 4388 1040 13631 10507
3348,7401 8210 8649 11372 7754 8648 7755 7253 14353 13728
3349,1011 13209 6739 5845 5846 10630 7077 4743 10627 10999
3350,8808 5344 13635 6571 6570 12501 10041 14877 14328 12535
3351,13636 13637 6236 2166 1447 268 5884 788 4788 10839
3352,6483 11408 7539 11407 8605 11005 11409 10764 7532 11361
3353,9225 6623 4531 10729 7629 4068 6185 9842 4533 9180
3354,10970 11964 10269 13638 13639 1767 1175 12131 6226 1786
3355,9856 13640 6499 6161 2983 9855 14959 6244 13840 279
3356,990 7630 11131 13370 703 956 14458 13585 10907 10059
3357,13641 13642 5288 12439 13643 14356 14411 6744 14355 13726
3358,1795 12930 13644 2984 13251 4702 13255 13464 10000 9395
3359,7407 10558 3661 8078 2421 12196 2422 13057 567 7405
3360,1354 9235 1357 10366 10365 2378 1355 2014 6553 2376
3361,7899 1260 13460 3997 12927 9973 9229 7893 7262 2848
3362,11347 5531 12739 2379 2375 2372 14283 13112 7215 9853
3363,2742 2820 10206 2614 1165 13327 5998 3465 2815 405
3364,13646 10981 2630 14067 12101 5431 14156 6812 10982 10983
3365,8605 11407 11710 11408 10764 6849 2437 6483 11303 10765
3366,2869 12334 13223 3774 13605 7215 9549 2372 7057 1011
3367,2741 8907 2817 13203 8827 12198 2742 6994 13648 2820
3368,10734 11926 9053 1313 2215 1392 3676 11298 6876 12884
3369,2375 7784 3083 4687 2369 11347 1357 1721 3084 9851
3370,1366 11310 10867 3859 1269 13639 12131 6618 5983 12590
3371,13649 11915 10293 11646 8817 11644 11876 8809 3501 2308
3372,5096 3613 9337 9024 5137 13317 5097 4122 12667 10265
3373,13082 10041 12500 6571 12505 8809 10734 15102 9795 12501
3374,2820 1166 2742 405 1535 3464 12426 1165 3465 404
3375,13653 13652 11105 15197 11009 11781 14303 14365 9827 11177
3376,13655 13654 1555 13068 9623 7648 13278 1558 3427 7469
3377,1001 2870 13076 1002 11768 2996 3078 3079 7062 4134
3378,13656 13657 344 7747 15265 11289 12916 12640 318 1447
3379,13658 13597 716 10584 13596 13599 13598 13542 3877 13061
3380,1826 3843 3844 2876 14105 4416 4414 6364 4134 3846
3381,13648 13203 13661 2820 2819 13660 13186 1166 13659 405
3382,13662 8822 1888 1887 6734 9664 9754 1776 4402 2378
3383,13663 7399 15179 9563 11254 7650 2102 3163 346 890
3384,13664 6814 7090 13437 3548 4712 9878 7185 7386 1604
3385,13665 2869 3083 3074 10461 10857 15238 10193 3688 8167
3386,9393 7085 8055 13666 1119 8054 8021 14726 9436 4971
3387,5890 13667 13025 14482 6196 5975 12985 10104 13026 2900
3388,279 5997 6600 3672 13668 6602 14959 3671 13640 3670
3389,13654 4361 13669 1336 4362 13278 13655 14178 9830 1558
3390,11777 4608 4136 6737 8158 10367 13565 1354 8165 10368
3391,12426 1323 3464 1166 1168 2820 405 13670 14807 2742
3392,13673 9125 4048 926 8490 12333 13647 9961 13924 12659
3393,9204 7671 9315 10332 10330 14322 1834 10711 9207 5233
3394,12096 2314 2426 10015 10016 2157 11470 5187 11965 1919
3395,13675 13674 12872 6083 9594 10893 611 13595 12102 10385
3396,6622 6623 11227 9805 13892 9957 12566 11912 11005 2108
3397,13677 13676 7552 3945 227 9171 8553 12730 3543 6858
3398,13547 11765 3265 13679 11152 11021 13678 11763 11764 13549
3399,10067 12660 10070 12073 12661 12664 12662 12663 10068 12659
3400,13680 13682 3483 13684 13681 11022 9084 9407 13683 14595
3401,2375 1320 6361 1319 6362 2371 1778 1779 4060 6363
3402,13686 13687 13688 13689 10969 6841 12827 13690 13678 13034
3403,13694 13695 3763 10256 3961 5613 5818 6235 6886 14008
3404,11358 13696 8021 6058 4971 9239 6761 8054 1119 9393
3405,2924 3655 5130 13726 13564 1195 10148 5134 2903 11447
3406,13377 13698 12891 13600 12890 13598 13766 13258 12459 13599
3407,13699 2834 11194 11473 14982 11084 14983 14874 13342 5607
3408,12884 10734 8809 10733 13082 8808 8806 8807 12505 6571
3409,1880 13082 10734 12884 13413 6868 8809 23 14717 7726
3410,1354 6361 2891 2371 1355 1357 2375 6362 1320 4138
3411,13038 2742 13271 6000 405 6001 13628 1323 5998 1535
3412,10525 13248 13701 12745 10523 4516 12426 2815 2614 13672
3413,10981 5431 13646 12101 10208 13959 5405 7229 14156 5432
3414,1001 10627 8542 5846 4743 8982 13209 11000 6804 10628
3415,13703 13620 13256 10429 10428 9798 15133 1884 9797 12647
3416,3415 6733 8822 12806 6734 6735 13662 1887 9754 7427
3417,2888 12734 10556 1354 7554 14347 7065 2996 11816 6364
3418,13571 12044 4998 1609 3977 643 5410 4973 9 12546
3419,13704 10226 3424 12890 6349 12250 2260 6622 9809 5380
3420,2741 2742 2614 1165 5998 12425 6416 12426 13561 2820
3421,12861 13230 9510 9327 13706 14850 7985 10002 9714 14740
3422,10499 7695 1489 13199 2916 1481 8853 10132 4367 11473
3423,1001 12349 4600 5531 6552 3694 8983 1002 4138 7062
3424,7255 13141 7539 6059 6060 2437 7815 3650 808 7540
3425,2741 12426 12425 13248 2820 2742 13561 10525 1166 1165
3426,261 4381 13709 1560 13641 11610 2839 1524 11774 4549
3427,10744 3977 2950 4559 7046 6402 169 356 4322 9483
3428,4037 13711 12332 11598 2880 1011 7498 1317 14745 13482
3429,2869 3416 3667 3074 10754 11626 11778 7065 10193 3666
3430,8647 8318 7481 7878 12925 12718 4459 11780 9395 12038
3431,13712 8850 13713 12348 12377 8849 9624 4607 9645 8167
3432,13714 10001 8003 11943 11793 10343 6626 10724 6274 6289
3433,2742 2820 2614 1532 1165 360 12746 3465 1166 13327
3434,3080 3082 3081 1013 1011 1315 12756 8041 6364 1948
3435,6883 13715 7172 8032 6885 12923 12718 14533 13841 12859
3436,13231 13716 274 13879 15162 15161 13131 5123 4306 1799
3437,286 10572 12621 12327 589 10571 5396 11904 1103 14121
3438,12805 9320 3676 10078 9321 6310 140 13780 2794 6514
3439,2820 13624 2741 12426 404 6001 2742 1166 2815 2814
3440,13719 13116 12482 13718 11312 13934 13742 1897 14725 5492
3441,12905 12906 12903 11286 13316 9517 12904 5430 7986 13315
3442,7346 10390 7006 10641 2490 5078 13780 837 10509 1374
3443,13721 2087 11543 13720 4892 11714 2095 13811 2090 2092
3444,4245 4238 13722 11953 4203 4194 12406 4235 4227 4349
3445,9193 10097 11989 6462 9853 4420 12264 7656 1721 1719
3446,9954 2262 6296 5958 3142 5541 9468 8490 5957 169
3447,7519 2489 13724 2124 4969 8841 12982 7520 5889 478
3448,9127 11344 13725 1560 12486 9659 12931 12693 3428 11771
3449,404 12742 1166 2820 2742 3465 9791 12426 1532 405
3450,13728 13729 5405 5569 8058 731 10277 14522 13058 14284
3451,1533 11897 13730 1532 11898 13329 4514 14802 8810 8904
3452,10195 3814 5886 13732 4731 9840 11846 11983 13045 5877
3453,11881 11109 1167 1168 12006 13200 12994 1532 3465 12007
3454,2820 1166 8526 13734 3464 2742 12426 405 1535 3465
3455,13685 13737 3483 11186 13736 9409 2009 9410 14888 13682
3456,1136 1145 1146 7099 7215 4596 1721 5686 10751 10995
3457,13738 13269 12646 9032 12647 4639 3604 12844 13910 12068
3458,2371 6361 2375 9237 2370 1320 1778 1354 4060 6362
3459,10756 12959 5601 1265 10519 13142 6884 2946 7018 5287
3460,8780 13612 13037 13740 6940 7347 8964 6371 7442 6722
3461,476 8585 10841 793 2218 794 466 2611 11042 478
3462,8882 10481 15140 15139 2626 10287 15143 15115 4852 4352
3463,2375 2379 5845 1859 2371 2372 11347 13992 2380 4060
3464,6145 10445 4338 12937 8138 8000 903 8004 13715 276
3465,7627 8259 4383 2437 8778 13906 10093 8605 10323 4382
3466,1166 13453 2820 3464 12007 2742 1535 405 1165 404
3467,8046 7680 10307 10302 10306 10297 10304 595 8434 9370
3468,40 3644 13261 2547 10000 11876 13129 5237 5141 651
3469,4139 5848 9755 9626 395 396 5849 10575 2875 5847
3470,13742 10103 13934 10195 13719 6849 7662 1897 1557 10254
3471,10992 3082 6321 11536 2889 1314 2869 3083 1318 4617
3472,13747 13749 13748 13751 13743 13745 13744 13750 13746 5523
3473,13313 13752 13081 2821 13753 525 10566 5834 5750 12516
3474,13754 12724 3580 13755 10613 7354 2017 127 369 2303
3475,8215 5116 9574 2662 14900 8216 9079 9078 1956 13072
3476,13756 13757 13759 13669 10810 2417 13758 13272 10107 9998
3477,1937 8059 13761 13763 9650 13762 12148 6620 7745 1934
3478,7057 7785 11890 4687 1011 7427 3083 1719 9851 2869
3479,9230 4169 6514 2861 4173 4168 3091 8317 4707 4172
3480,13766 13600 10982 12719 13253 13377 9957 13698 13598 12891
3481,12850 13885 11366 1381 14480 14130 5267 5268 326 14938
3482,7744 5713 10122 4964 7745 6299 13358 7743 7746 7740
3483,12857 2130 8382 32 8504 13294 1383 5078 12793 9949
3484,11578 13573 3693 8152 3072 1776 1721 14072 5690 4110
3485,2436 13769 13768 2434 13120 2432 10145 2435 8229 3798
3486,13406 13770 11147 231 7722 10867 4667 4666 5638 229
3487,11777 1354 2371 2374 4687 12874 7427 4132 2375 7076
3488,13774 13773 13772 13775 1872 2295 13407 12550 10272 11525
3489,323 11759 3736 6220 4085 6577 6046 9265 8798 3534
3490,3491 13776 13777 13778 8115 13779 13610 14725 2050 14109
3491,11096 8899 13780 13917 13063 14780 10873 8901 14796 3480
3492,6129 13782 8462 12823 9533 8516 14154 15036 10059 8176
3493,12986 1893 13709 10869 6498 6546 2906 3088 13732 6097
3494,2624 11569 1777 4134 1136 9194 11102 11639 7216 5876
3495,11719 7125 12140 12139 3022 3055 116 15060 7132 7112
3496,13783 5122 9820 10102 1304 4353 2240 6831 7910 10458
3497,8396 10256 2061 2058 10488 13694 5934 7978 1071 13695
3498,11819 10639 13784 8655 6066 2694 12771 550 12641 8297
3499,13785 1320 10461 12209 7077 10627 12735 11000 12210 10569
3500,13786 13791 13790 13788 13787 13792 13789 11806 5867 10997
3501,13795 13793 13794 13550 9583 2760 3187 1175 9205 4672
3502,7659 10982 3862 10445 7744 3864 14829 9957 7489 14148
3503,13797 2658 13258 10553 13607 275 6777 10634 12622 8170
3504,3943 4286 239 1184 3472 12093 4351 7620 11239 250
3505,13803 13802 13800 13801 10605 1634 10079 11680 7757 13451
3506,5409 11042 11039 11040 5556 13402 8585 12187 11038 11004
3507,13806 13804 13807 13805 3333 2951 14386 8581 14120 9306
3508,13811 13812 13815 8393 13810 13813 4056 12992 10604 13222
3509,13819 3896 14200 14770 14775 8093 352 14789 13399 9558
3510,13820 9576 5579 13821 13066 448 4252 5578 8105 8090
3511,13185 9752 6806 7427 1777 4139 4132 4688 8847 9194
3512,11551 3369 7365 12430 8973 8852 2105 11064 11584 3468
3513,11690 3857 1119 3428 9393 7233 8021 4971 412 1122
3514,11325 7101 11340 14345 12262 10913 8980 11339 6742 11798
3515,13597 716 13542 4434 6849 3877 13823 13658 6095 10584
3516,13824 5079 3267 3266 3268 6698 4031 1967 4220 9390
3517,12669 13825 2707 13890 14878 12537 7767 12670 8085 7911
3518,6446 1357 7554 6432 4598 10991 1354 9666 9851 7427
3519,611 15020 10421 3213 9781 10893 14680 618 364 9694
3520,5555 8668 4015 2588 1733 3701 2349 1257 12714 2342
3521,7760 6560 667 5838 2350 11291 665 3049 6566 3620
3522,13827 13826 12165 7775 219 179 6830 10715 1509 7122
3523,2742 405 404 2820 1166 1535 2614 1165 3465 1323
3524,6472 10636 7654 1652 7429 1486 9613 12763 1547 12944
3525,5215 4636 187 2037 7561 4991 3319 5633 5821 5217
3526,13830 13829 13828 11872 2650 4755 6487 7401 1673 7941
3527,1181 5502 12201 14527 2591 1101 11920 8411 3551 14528
3528,13831 9245 1035 1017 348 2137 7193 3503 5632 8876
3529,12100 13177 13080 742 1676 7727 10132 9771 737 9164
3530,10126 5515 13487 13832 5514 15163 5513 5516 15026 10125
3531,13833 13835 9950 13834 12354 6168 6296 3669 1615 9952
3532,13836 9519 4875 13312 14224 4874 2598 4873 9583 7008
3533,2842 13837 13278 13279 1557 12926 13778 1933 12680 7827
3534,13563 5264 2657 10272 1679 11964 6850 5265 2944 8005
3535,13840 11650 1784 13839 6097 7674 6499 9941 11553 11552
3536,13842 11908 13564 13841 9768 7230 7704 7656 8030 14533
3537,13843 3428 1126 12947 5249 8016 3429 13844 14692 1119
3538,13116 13845 3858 9371 13846 14725 14177 12520 12683 8688
3539,2820 4515 2742 1166 405 12426 2614 3465 1165 1532
3540,13847 8778 3174 11379 8239 8259 5023 7627 7350 72
3541,3749 10459 11718 1368 5047 14560 11256 8999 9523 8959
3542,13337 12797 3587 13390 15268 7703 14810 15216 13342 3585
3543,13617 13278 13848 13654 13279 5695 11248 4672 13537 1558
3544,11366 6658 14915 6657 7526 13885 2282 12850 14477 5267
3545,13850 2959 10730 13439 1331 5998 555 11254 10731 10732
3546,11113 1289 7374 85 12087 82 5187 11972 2188 2130
3547,4132 5667 10988 4687 8166 1772 4688 12726 13270 4138
3548,11090 876 12019 2278 6087 12361 994 2082 3579 4454
3549,2614 1323 4516 3465 2742 2820 405 1532 5998 12426
3550,5998 2742 2614 2741 15152 405 3465 2820 1529 14007
3551,1354 1357 1355 2369 2886 8163 2371 2376 4141 10366
3552,13705 3789 8256 678 4404 8259 9371 5256 3841 8251
3553,8401 7551 10531 10670 250 8457 873 466 12127 3242
3554,9077 12171 12615 3275 6412 9076 3274 9078 8902 12617
3555,5517 13527 10918 6063 14789 13399 12998 10917 15205 3896
3556,5673 13852 10217 11120 14459 14996 13878 14236 12551 2869
3557,795 736 2933 11079 323 1219 476 466 735 8699
3558,10884 11194 4000 7970 10895 3811 323 82 2232 2165
3559,2869 2380 2372 2379 2375 11347 12607 14736 9853 13878
3560,4424 2760 11147 13795 13793 13017 13794 13550 2951 13513
3561,13854 7249 12070 1324 14800 8731 14803 405 11111 6990
3562,603 602 13856 10183 7250 7585 7643 5896 4964 4561
3563,9714 621 620 4455 13706 8230 12496 12040 5907 1429
3564,10778 13871 13872 13859 13869 13864 13875 13873 13857 13860
3565,4594 7559 7561 4884 4641 6795 3237 9559 7560 4887
3566,8239 9661 13204 9807 11395 7934 900 10027 3878 1178
3567,12850 12404 11890 4687 8167 1317 4688 3083 13885 8166
3568,1721 12334 10716 5367 13223 11638 11640 4407 1155 8152
3569,7911 2080 8693 7186 10650 10247 3055 6560 10887 5460
3570,7087 1104 618 11699 4726 5360 7989 5541 6834 8577
3571,10789 8759 12171 12617 11211 5370 13877 9566 8363 6412
3572,4191 1836 5594 5592 15181 7050 15228 14162 5593 3942
3573,4696 6597 10809 6598 1592 12492 1936 2267 11468 8965
3574,10716 2432 6181 1513 6246 10842 908 8188 9443 2433
3575,11120 13878 5673 2887 12756 14236 14459 14226 12551 14464
3576,13879 716 9892 13597 9895 7264 13716 10584 14875 9893
3577,611 15020 10893 9781 14680 618 3213 10421 1621 11092
3578,13882 13881 10914 13880 6685 5353 2862 6170 12263 2654
3579,4406 3135 3183 3201 15082 15083 12714 7394 3622 5622
3580,1918 9282 9904 5309 1919 9284 2234 2559 10140 10015
3581,7401 231 8144 11568 6506 4480 5638 229 14353 13950
3582,7409 9843 7541 14174 4629 13177 8218 13760 14173 13986
3583,626 4966 8397 9365 13479 5709 5377 14452 14699 3982
3584,1011 1721 13573 4132 4407 4687 4110 4688 11091 4138
3585,1896 6909 7466 7455 9238 9960 14729 710 15231 15232
3586,7516 13884 4925 795 9390 4769 3033 5082 2534 4245
3587,13885 5267 12850 11366 14506 14479 14491 14488 14130 14480
3588,13886 9060 11836 4003 253 2072 1250 4408 3444 9059
3589,8146 1205 319 649 3621 6322 9881 9122 12776 648
3590,12720 6778 5788 11913 7292 1115 1855 13196 4544 12491
3591,12945 9893 11140 9966 9880 661 961 9879 966 9892
3592,10446 5788 9659 11622 231 6945 8209 3823 7259 9804
3593,405 1168 13200 2820 1323 14807 2742 1167 1166 1535
3594,1721 1136 4037 4036 2877 12548 11325 1145 12151 12637
3595,1166 13576 3464 13326 13650 13670 13128 11880 2820 405
3596,2881 3085 5529 12377 12736 13785 1314 1318 1317 6847
3597,10038 6217 10037 10036 10039 7915 9178 9175 9176 6214
3598,4350 578 8397 4025 6072 13312 6488 3429 6077 5468
3599,12459 4333 1176 3943 11603 7705 755 8844 6395 4272
3600,9443 1513 9227 7430 13884 8700 1512 1514 4781 4782
3601,13888 1746 6118 1938 9652 2908 4358 1747 1748 342
3602,2742 2741 5998 405 2820 2614 1165 13327 1166 3465
3603,13890 13891 2707 15276 2023 15255 2154 7128 12669 13825
3604,6622 13892 13893 14885 6685 14889 12566 2979 2108 9805
3605,13895 13838 5516 13894 692 12340 13897 13355 15230 14136
3606,142 5544 11751 9882 13935 8189 1686 476 2779 7768
3607,13530 12864 6670 7660 12863 3719 9972 12980 13898 11116
3608,13899 7688 11019 10121 2058 12134 12188 6331 14160 14223
3609,1354 1355 5686 1357 2369 2371 4141 2378 1356 4138
3610,13040 9015 13900 13114 14783 13039 10917 14075 14077 14215
3611,7643 1119 12948 8021 284 1127 13715 8410 13536 13901
3612,7215 12332 10088 2869 11347 11598 1136 1011 14736 4134
3613,4357 3261 1345 1327 7967 8786 4074 6548 9838 3671
3614,13902 9587 4181 2534 8080 4946 2492 9836 2310 11917
3615,13903 5335 5625 13429 9764 4787 657 5471 1263 4023
3616,13905 1222 4358 7936 13998 710 11711 4670 6692 12928
3617,13906 13630 1985 2928 7627 1804 1892 3470 1986 795
3618,2928 3470 1985 13906 13630 7627 3469 3811 9088 3471
3619,5365 13723 4698 15264 3400 3403 5367 560 4701 7783
3620,7533 3260 3984 4585 426 5114 5500 4442 7537 7534
3621,7469 1862 12547 1011 1549 3489 9540 9623 630 11598
3622,1317 4687 6364 4605 8164 7057 3001 9751 15238 4132
3623,4126 7771 5639 15171 14542 4841 3852 2118 6585 7772
3624,13104 13103 12521 13102 11783 14182 265 267 12681 12519
3625,11303 10764 8843 11304 8842 409 10765 2288 8841 576
3626,9880 4086 966 9879 4589 12946 961 12760 967 12945
3627,2067 13000 6822 1394 6821 2294 15059 1886 7697 10542
3628,557 873 46 1785 4282 14532 2306 2314 1963 6214
3629,13735 10359 10356 5195 5176 5361 5299 10360 10358 11627
3630,6942 13908 10880 12856 12821 8226 12818 1342 12817 3393
3631,2741 3046 2742 2614 5998 1529 1165 12425 6416 12426
3632,7330 12336 4813 12185 1285 4884 4823 7326 3234 6300
3633,9971 10154 5879 12463 10147 1625 12479 5319 10149 10145
3634,6360 2369 1355 1354 1357 9851 2371 2014 4141 2376
3635,3485 13909 1499 8376 9532 8667 5455 6453 1865 146
3636,13384 575 2288 8472 12234 5174 353 10047 10046 12141
3637,3043 3468 10267 3044 2560 1752 2270 5132 5070 578
3638,7725 11193 12706 11642 8138 2220 5836 9509 6306 6905
3639,9647 11850 10368 4608 13911 5839 13565 6737 4136 2014
3640,10627 11382 10628 7099 10991 7098 10994 10989 10995 11000
3641,7798 13753 11035 2135 3403 5752 381 10124 5753 12667
3642,2373 12282 11321 9236 13621 7784 10365 1011 1719 2014
3643,11444 13912 1589 7431 7124 6877 8500 7006 5749 5219
3644,7427 5687 10899 10199 5447 2870 7554 15017 1011 2864
3645,4235 9715 3358 1796 2988 2697 4238 4349 1452 3528
3646,12710 10430 3111 114 13913 10100 7122 10631 1055 13135
3647,12714 7394 8553 3201 3307 14274 4346 7395 7396 7552
3648,9077 8105 13914 5228 8090 9076 13915 13821 9078 10696
3649,4273 12479 12557 11769 11712 10447 5521 12463 14472 1625
3650,8909 6284 12904 14744 8912 8910 8911 8908 12906 8913
3651,3012 13916 7903 13528 3011 13222 2086 14776 5564 13067
3652,1003 2891 3667 7065 10193 2875 1354 7078 10857 1009
3653,6577 2774 10859 1442 3509 4500 15113 4349 2779 2721
3654,2741 8526 6352 2742 13561 2614 12426 5998 1165 13344
3655,6173 7174 11134 5145 7415 14511 3549 11711 7416 5341
3656,5341 13918 4333 7174 13543 5250 2423 4406 505 34
3657,13919 7927 4717 6074 5270 6075 12201 1334 5632 11242
3658,9784 11122 1532 2820 3465 404 13344 2365 1166 11112
3659,1660 4085 216 11759 1993 3222 6577 14861 8201 126
3660,6836 13920 9209 12428 13805 13913 9260 7112 7509 11082
3661,13922 11024 13921 1632 5881 10918 10033 2284 4794 10896
3662,6725 12885 10863 6717 693 13593 7208 8517 11355 11288
3663,10752 11056 7101 1709 13911 10097 4603 1828 1720 10987
3664,6296 6411 370 8490 794 6293 13833 1387 6294 1953
3665,10694 13923 13924 12814 1129 10677 5805 8429 10085 14323
3666,8526 2824 13926 14331 15096 13575 13353 10410 1166 408
3667,2614 1166 404 9791 5193 2820 2742 3464 3465 6867
3668,13927 10591 3177 6322 679 46 3289 1296 10895 3178
3669,13930 6118 4754 13928 13929 2986 1746 5365 6487 4351
3670,7016 7014 7015 859 4605 8164 4133 15238 4287 7013
3671,2742 1166 3464 2815 2820 1165 405 3465 1535 2614
3672,8338 9088 8329 8328 8331 8330 8332 8327 8333 8342
3673,8813 8814 4589 2442 4590 9879 9880 966 2989 967
3674,8606 544 5467 10400 5586 7815 12634 4879 13437 4282
3675,2741 13932 11755 12746 13931 2742 8526 11879 1165 2614
3676,13933 10529 4963 5561 4350 4964 9505 7239 4474 6495
3677,13934 7662 10103 1557 10254 2992 13719 13742 10104 14411
3678,1866 7144 3846 4328 4310 13078 12577 4329 12809 4267
3679,6156 6148 6153 6700 6147 6151 6154 6152 6149 6155
3680,2139 9286 11258 1207 896 2767 14052 13851 11146 14053
3681,8999 3019 13890 13891 15276 2023 15148 15255 2154 13424
3682,13935 476 7768 1686 1831 5544 1984 12610 9528 873
3683,10968 3176 4813 8567 9024 7373 11364 10566 951 14636
3684,8740 13937 11700 5395 10981 6108 10181 5273 10100 7609
3685,715 12404 2575 2497 153 10290 8792 4293 7052 10509
3686,13939 13133 12854 8985 13938 14805 14946 11784 13315 13081
3687,2342 2282 11551 8618 6119 4259 6658 6124 6121 6120
3688,2742 1323 13327 2614 405 2820 1165 3465 1166 5998
3689,10373 10372 155 12165 10371 10370 156 153 3595 4396
3690,8971 4353 5956 1803 5014 1568 12144 8742 4355 3244
3691,644 4808 10338 13538 6346 8959 643 639 642 1766
3692,11877 11642 9650 7747 5452 9836 8885 10473 12061 8030
3693,4924 4423 7299 7775 2333 10061 1419 4353 2225 6576
3694,1345 11821 1346 7333 7334 3892 4357 3261 7967 8786
3695,13940 13587 14826 7124 9055 9054 15270 14555 14578 14827
3696,13078 12577 13177 7144 12809 13079 7264 1866 13080 14311
3697,11112 12271 11752 13188 1533 11524 1532 2820 12426 11418
3698,5201 13794 13943 13941 13942 11888 2730 10109 13122 5426
3699,9959 13945 13257 8238 7556 11716 4058 4654 6101 13944
3700,2057 4924 3472 9906 9921 7697 7758 6888 10055 3699
3701,11410 10131 12654 14444 14154 10128 5570 10881 10130 529
3702,1379 8443 10818 10992 5248 11889 2869 4413 1380 1719
3703,10468 11605 11604 12010 11588 13948 5204 11217 11853 13947
3704,11099 8536 10819 8538 8537 8539 10627 1136 1725 7095
3705,13952 13953 3055 7125 7132 108 7123 3019 1367 7492
3706,5666 13894 12592 1098 4928 10237 10235 12195 11574 5665
3707,10279 7249 2739 3043 12666 381 71 6868 9366 14800
3708,13955 11857 8514 12904 13956 4048 7630 5896 4073 3874
3709,13957 5112 2354 15179 13113 10746 15022 13806 14046 11635
3710,12850 9790 13958 13885 12158 4430 8356 10112 12716 255
3711,7229 10208 13959 5405 5431 14387 15199 13729 5406 13344
3712,2742 2741 13352 3465 13327 1165 12742 404 11112 2820
3713,9682 7107 8968 14725 12082 10027 9805 12567 12566 12846
3714,10009 5775 7646 3611 10008 7527 8482 11204 8932 434
3715,13191 8114 13961 14885 6183 7940 1700 4962 14146 1846
3716,4962 13841 10490 14533 11908 13770 14006 4753 1352 5355
3717,12460 11007 10363 13962 13889 6262 10714 9826 4948 6782
3718,13845 9695 13846 5605 1942 3088 2865 3541 8966 3231
3719,2741 4516 1534 13561 2742 2614 5998 13910 1165 3465
3720,5414 1684 5773 1758 5092 3181 12167 7930 834 14584
3721,1357 4135 1354 9646 9851 2369 1355 6360 2371 6553
3722,10729 3852 5639 9180 3849 7771 2032 13105 12029 6939
3723,3465 13482 2614 2820 2742 1532 1166 13711 14359 13578
3724,2820 4515 10206 360 2817 2742 405 1166 12426 2614
3725,7107 13239 11988 13767 12860 12162 2430 6943 7935 7889
3726,7014 7015 2371 9853 7554 6553 7013 9625 14571 1726
3727,8318 7878 12925 12038 12718 12923 8532 14134 14135 13765
3728,12286 8226 5363 5368 14740 1351 4775 10909 6750 7042
3729,13964 13966 13965 13967 13963 13707 6751 2005 5917 6750
3730,4450 13968 8122 13566 14153 15188 8123 8127 9808 14006
3731,13969 12417 8295 13975 13018 10542 6268 6269 14683 13974
3732,13972 13970 13548 5964 13971 5737 13408 13549 11763 13726
3733,12135 8004 6835 6838 5206 7999 2259 8859 8000 14623
3734,576 13695 13681 5358 13694 9966 5356 9407 12029 13682
3735,13973 10780 379 1160 14617 3228 9496 9476 377 3676
3736,13974 13969 13975 12601 2636 4909 8545 12316 13461 4714
3737,10780 3676 2546 9476 9496 9000 2496 13973 379 6890
3738,11192 10904 13977 1951 4888 12770 14299 1955 14430 10905
3739,11038 8142 67 767 10654 12405 12971 13402 11647 9202
3740,11777 4138 4132 2875 8167 5447 10199 7554 1003 4139
3741,4403 10069 9625 10068 3083 12350 7554 4139 1318 11910
3742,13980 6392 13942 13978 3265 13979 13123 14420 6389 7356
3743,7215 7218 5449 2869 2371 5845 12332 5448 11347 2881
3744,7784 12642 4624 3083 13450 11851 4687 1003 11386 3085
3745,1354 1355 2888 1357 2369 4141 1356 2378 2886 2371
3746,13573 4138 11528 4036 3082 11571 13621 13982 8152 9643
3747,2875 2871 12078 12079 2874 4139 2873 7554 4138 7818
3748,8152 8160 1721 3693 13573 1776 8151 8161 8156 11118
3749,1826 3843 3416 10199 5447 4416 2876 4414 3844 15017
3750,12663 12661 12662 12664 1317 12079 12660 12078 10067 12659
3751,1011 3415 12806 5863 9540 1862 7427 7964 4134 5876
3752,12929 4138 1719 7057 12349 8541 670 2373 4687 7067
3753,4687 4132 3094 10098 4688 4597 8164 9757 4138 8269
3754,13983 5844 3083 13911 10814 13984 1003 1146 6556 6554
3755,10899 12076 6361 7427 12075 4060 9237 3415 5846 4626
3756,3074 7065 3666 13911 3688 3667 2999 11626 13985 10193
3757,1727 13426 13076 4317 13237 2880 6447 5839 12332 7093
3758,12332 9967 12548 2877 1011 11598 4037 14736 8541 1711
3759,9965 12965 4697 9963 1938 4170 9964 11356 6622 628
3760,9134 9132 2585 5234 9131 9130 3958 5859 9133 2048
3761,13986 10557 9659 1948 11896 8207 14011 9127 14174 14173
3762,13988 13987 12343 14528 11786 12981 7663 8992 14102 7568
3763,8999 15148 15248 14690 14163 7121 11185 9054 15134 14166
3764,13308 13990 13989 8111 14336 14335 2891 407 13331 1528
3765,3593 10892 7254 7355 13757 6398 13758 7543 13991 3592
3766,13992 1859 12866 11776 1860 14038 12551 14458 1858 1863
3767,13994 15224 15031 14405 15271 406 3731 6007 14877 11112
3768,2371 1721 11347 2375 8982 1354 1357 14283 13112 4407
3769,8882 4455 620 621 9714 4852 10481 4352 5907 2657
3770,4688 4596 5686 4132 4687 1136 11091 1145 1011 7215
3771,4697 1522 4170 6513 6515 13979 628 621 4665 3070
3772,9025 13997 13247 9948 6100 1883 13995 6102 13996 13515
3773,13905 13998 4670 14137 12564 1222 14623 7742 5782 9495
3774,1896 9682 4561 710 9805 1891 12566 10151 6616 6476
3775,11734 14001 133 10982 9197 4182 9957 8390 13537 9947
3776,11956 13221 13464 12840 10157 13220 7173 14221 7746 10150
3777,14003 12282 14504 9860 249 3920 8497 14147 13921 2784
3778,12850 13885 13606 14004 4430 14441 11366 14480 14908 14130
3779,2820 2742 405 4515 2823 1166 7249 1535 2614 1165
3780,8526 13932 11755 12746 2741 1166 13931 14122 2824 11879
3781,13622 13701 5998 1330 13235 3464 2815 8906 13007 11524
3782,14005 98 6126 9241 1300 5978 5213 4023 3559 12205
3783,9340 12764 8811 12534 8805 11429 10741 5344 5753 12130
3784,4947 11686 13416 1896 33 10769 1946 7892 7261 1046
3785,11845 7254 10105 5255 2898 6397 2274 6395 7802 2729
3786,4139 1859 11625 13992 5848 9626 11624 2875 14458 7554
3787,12329 12832 6837 3578 12835 12830 12834 12831 3579 12833
3788,12962 9179 6184 12961 10180 10881 11790 9175 9178 9176
3789,4664 6167 13634 4656 1999 11472 9829 6161 11471 9805
3790,14007 12905 5189 12906 5998 12903 10127 13315 4038 11286
3791,11120 5673 14459 9220 13878 12551 14226 12756 9892 2869
3792,6476 6226 13191 9841 9804 6484 4962 9226 10426 6494
3793,14008 12162 15262 11988 13694 5352 572 11359 6761 14206
3794,14009 7083 1702 14211 14575 14214 14619 9890 8220 12784
3795,4073 8787 10224 369 5896 4964 12036 7649 7643 10782
3796,4138 673 4039 14745 1354 4132 1719 4687 13380 1011
3797,5876 1011 4134 9192 2883 6705 9194 1779 4063 1777
3798,3896 8093 13819 14200 352 8102 14770 8087 14775 14789
3799,11712 4273 4596 5447 7978 13419 11091 10199 5687 5686
3800,13459 13544 7085 13545 13044 13541 13542 13457 10557 13543
3801,14011 1948 2175 10583 13074 10741 2181 1947 5906 13986
3802,14012 4567 13690 13069 11621 9713 6538 3996 6498 1783
3803,10447 12869 10446 12867 1677 2263 12868 10448 12651 12338
3804,6623 13070 6170 908 11177 2627 11005 6162 11227 2166
3805,14013 2918 1677 9823 5880 12960 13950 7999 14980 10286
3806,3793 7255 6319 5975 7251 3647 12622 10670 563 10620
3807,1011 6323 2875 9645 9628 2871 7818 7554 9644 7817
3808,2742 1529 6352 2614 13578 2820 3465 2741 5998 2815
3809,405 13576 404 13650 13651 13332 8730 1166 11524 2820
3810,6000 6001 13323 2820 13628 2742 12426 1166 13271 2741
3811,3067 10260 13166 12900 14407 10562 8735 14217 3065 13727
3812,2741 14015 7249 2742 14800 2614 2820 5998 12425 13854
3813,2614 1165 2742 8892 2820 3465 1532 1166 2741 405
3814,8376 3403 10595 3816 15264 3815 5351 14510 12667 6998
3815,13324 1527 13513 8402 5818 10657 11832 14579 15277 1532
3816,14016 13339 13660 3465 5998 6350 13186 7686 13338 13340
3817,2741 1532 2742 2614 11112 2820 1165 3465 12425 9784
3818,4358 7106 13396 1847 2654 1938 1268 1222 13880 13397
3819,2741 6353 12301 2742 13352 4516 2614 13960 12302 1165
3820,1532 1475 5190 11880 12535 11112 2614 2820 9935 2742
3821,12535 1475 8808 11880 12501 10733 11822 10041 6571 13635
3822,14017 10672 10671 9532 7442 11652 8610 8429 14378 12103
3823,13733 12026 13142 1590 13643 2946 8978 6389 4748 9997
3824,2928 1443 748 6813 6636 10469 4513 2138 467 13906
3825,222 4975 1050 9956 3819 10236 3820 6144 3351 1014
3826,13925 9256 13364 11945 14022 14020 11428 14021 1954 3569
3827,14028 11757 8861 14027 5659 2275 8680 5922 9999 1907
3828,11878 2820 1166 13731 1535 11052 3464 405 2742 11880
3829,6520 8575 2798 2321 12779 12572 14424 7182 10810 14873
3830,4272 6396 9824 12194 7536 9823 10109 10895 2137 8996
3831,23 11192 5621 14953 1880 10904 13977 8189 1951 10654
3832,11406 9179 9601 9441 9650 716 5126 8261 14875 13597
3833,14031 8389 6286 10918 13256 13620 13532 14809 6754 5413
3834,11590 13184 4410 12136 13535 14091 7846 12135 11591 4966
3835,3465 9074 13007 2614 2820 2742 1166 405 11121 1323
3836,2457 5414 11133 4045 4871 14893 7054 476 12253 11353
3837,1738 3552 5299 8580 2448 1100 2878 8404 133 1091
3838,10450 12499 6883 13979 9229 11075 9543 12498 14091 6885
3839,9789 5180 14032 3749 12363 6329 6335 7489 14916 14917
3840,10407 14034 9958 6818 13400 11688 6819 11425 14317 12366
3841,12029 8210 3852 10907 5485 11354 956 11353 8244 3849
3842,11634 4829 8387 11633 11635 11636 9847 14861 7328 6065
3843,10576 9612 4608 10574 13565 10367 4136 5949 6737 8767
3844,9810 6162 12718 5699 8016 2849 1665 3429 14266 6783
3845,1532 14029 2869 15091 2614 11112 14359 2742 14655 3465
3846,10715 14690 14702 52 14875 14100 1351 9935 14307 8474
3847,2739 49 3404 2490 13434 11876 34 6868 11393 1880
3848,11776 14038 1317 12866 13557 13992 13590 14445 10913 4687
3849,10845 10844 12677 12676 13703 13666 14679 12184 8085 12999
3850,1003 3667 7065 2891 7078 9536 10193 9535 1007 4600
3851,9784 2365 360 1532 15093 2820 14374 14375 2614 2742
3852,13278 13617 13654 5695 9830 1558 9323 9324 13279 13848
3853,7285 2100 1754 2806 9048 3713 3210 4797 5718 7827
3854,12149 4121 9140 13607 10328 13837 6675 9872 1180 11733
3855,1409 384 4393 14619 445 9459 15069 466 385 14618
3856,14033 13767 7430 11501 15025 5489 12955 8816 9230 7200
3857,3996 9824 11293 10108 9398 7432 6396 10109 3998 3995
3858,10205 11849 6510 11841 11840 11842 6513 11839 9808 6785
3859,3428 13641 14040 3429 3427 3017 14743 14086 4350 1119
3860,9435 4445 4444 4443 8400 9379 4367 10306 4336 9700
3861,8761 7333 7334 12842 8489 5571 6940 13343 12027 15038
3862,9932 8203 9240 8868 3095 3252 12540 3742 4411 5606
3863,1885 10036 7556 14041 8592 2610 1958 11362 9158 1911
3864,10080 3572 6139 2087 6136 11040 8582 13915 8089 13003
3865,2372 1916 7358 12896 2375 2379 11347 2369 9554 14736
3866,404 1535 12743 14044 1166 13672 405 2820 2742 12426
3867,12290 13914 8629 8628 8638 12289 12293 13381 12291 12292
3868,14046 13957 11635 14045 640 5651 6281 15179 11633 10168
3869,14047 10220 14048 10224 11869 12880 6059 11796 6060 4748
3870,3793 13796 7532 6398 7536 3591 7539 3593 4272 12650
3871,6993 1532 2741 13234 12006 13200 8810 8402 11897 2742
3872,7524 13839 9841 3591 10150 6494 8240 6061 7525 5179
3873,7643 2927 7951 7649 5978 10112 3669 10785 4962 4073
3874,8677 5338 900 11142 102 10021 4497 12988 8844 10332
3875,13738 1894 7825 2899 9032 1891 8516 12173 13269 12068
3876,908 6170 6782 13880 7935 13882 14378 6240 4948 11395
3877,7147 9308 6356 15156 7013 14445 12079 4311 9302 12078
3878,13615 7214 10924 7669 13534 13616 13279 7488 2830 5882
3879,10412 8251 2065 4570 10413 13428 8259 2016 12901 10875
3880,14049 12427 7118 7114 7111 11444 111 7120 14163 7126
3881,1874 13139 13696 12864 13887 9973 11911 3457 11526 12622
3882,9842 9225 9226 9841 7629 10122 6253 6952 1840 11979
3883,14052 13851 14053 9792 6326 11258 14054 8747 5299 11706
3884,14055 8870 2288 7854 102 10784 8778 4045 5163 10050
3885,13438 7920 5084 6968 3041 7921 3248 7514 7348 2147
3886,8320 14058 13697 14057 6403 12984 3446 1472 11658 10432
3887,11716 8544 4814 5331 9660 13944 1295 12647 8086 5836
3888,14061 14059 14060 273 337 6852 14062 316 5945 6068
3889,1201 1578 7197 14447 2468 2092 2091 2994 2090 312
3890,2614 11899 1532 2742 2820 3465 5998 11441 12186 1323
3891,873 9249 2324 7310 14063 4821 1841 14261 2448 686
3892,2820 9784 8761 1166 2742 12426 405 3465 2614 1532
3893,5783 12009 10255 14064 1845 13387 8423 3070 6247 6854
3894,1882 9074 5328 13002 11942 8698 8386 3481 5327 5326
3895,13280 13279 12519 14065 12926 13068 12263 13278 14531 10253
3896,14066 12967 10979 14781 9772 14769 12971 13063 12968 14624
3897,13646 2630 14067 14943 14536 2628 10981 2629 7162 8131
3898,7964 1011 14069 13225 13389 14202 4134 8785 12332 13226
3899,8543 14071 12091 8363 8545 12253 14783 11200 10527 10456
3900,4809 8518 4275 4274 9448 9823 11733 6944 7809 5793
3901,724 2080 3296 2676 8186 545 584 722 3127 12762
3902,14072 3072 7073 5690 3069 11578 3071 3693 13573 12209
3903,14073 12153 6815 4318 2407 1369 5275 12152 1371 6701
3904,14074 14075 14077 14076 13813 9015 12841 13040 13900 14783
3905,11447 9849 4045 296 2924 1195 2955 5175 5134 8266
3906,12331 323 9251 12629 11836 12034 9148 1994 11012 14708
3907,1317 1777 7218 4687 3083 6364 4688 1826 4134 2881
3908,13361 8739 8733 8736 15167 13306 8735 14798 8734 8738
3909,5773 4355 12431 13554 5622 1199 7829 3071 12204 292
3910,13715 162 9472 14951 232 6883 4162 8032 7196 7172
3911,404 4516 13188 1475 11524 12426 1166 2820 1535 405
3912,7914 12766 9051 5215 9933 10666 1074 3420 8446 12813
3913,476 5414 10054 488 1387 3284 794 2457 466 8324
3914,2820 6000 2742 1166 12426 405 6001 2614 3465 1165
3915,14080 9818 9821 8587 9819 14081 3063 15287 15003 15184
3916,14082 2657 2501 13172 10094 14512 8882 5264 2651 2296
3917,5929 8736 7009 9808 8735 15129 14010 8733 8739 8734
3918,8513 14083 6806 8514 5163 4837 10788 12472 4759 2151
3919,2742 2820 1166 12426 13327 13187 8727 1165 405 3464
3920,405 14084 2820 1323 1535 1166 2742 10679 12426 2614
3921,14086 14085 13725 12486 1561 5297 14087 14040 5151 13901
3922,11762 3612 13211 6309 14450 13783 3412 3611 8044 13210
3923,12290 12292 13381 12289 12293 12675 12291 12674 15253 14631
3924,405 1528 4516 13331 12509 13651 4330 2820 13308 1535
3925,10456 14071 11200 8363 8543 13399 10455 10457 10721 12091
3926,1616 10423 8425 1615 1605 1599 1598 1597 1601 1613
3927,9055 14088 13587 3019 4426 12651 12513 14558 2391 8413
3928,7751 7750 3677 7749 7752 13336 8832 8334 1475 3680
3929,12286 1351 10909 14089 1350 740 10715 7920 14720 15273
3930,10450 14091 12499 14090 7518 10244 12498 13004 8326 14729
3931,560 4964 4962 4753 13184 1855 13535 11568 4073 5896
3932,344 318 12640 15265 13656 13657 6358 11401 6357 11135
3933,10011 2391 11602 14833 12986 14834 14667 14143 11883 12651
3934,10195 12879 13142 7530 6392 1669 4361 4362 14093 14090
3935,13354 13959 2820 2614 3465 404 13187 1323 8727 8830
3936,14094 14522 577 13767 9044 7200 14496 14100 3615 11619
3937,6668 14097 14096 6659 10394 14098 109 14302 14301 10392
3938,2820 12426 13232 1166 2742 405 3465 404 1535 2614
3939,10715 2203 14100 4964 7649 4073 4962 4753 4551 1855
3940,2820 2742 14015 1535 12994 1166 405 1165 12426 2614
3941,6172 9697 9810 12937 10714 5782 3423 6238 8650 10363
3942,13987 14102 3387 7695 8884 10051 3829 7706 2280 5402
3943,10868 3541 3540 3537 6613 12373 3526 10869 13971 3088
3944,13141 7530 1940 5276 11885 6062 2162 13142 4327 14152
3945,5967 12155 1115 11885 2907 2726 9708 11886 13781 11887
3946,12459 3654 2991 3656 8844 14450 3646 3653 3652 3650
3947,2742 2820 1166 14084 6000 3464 3465 13327 13452 11121
3948,14105 3844 3846 1826 7427 4414 2876 3843 10815 1866
3949,13124 11595 11702 13584 183 106 14106 3273 13372 836
3950,14108 12668 14210 10133 14359 8047 15283 14264 12191 9186
3951,11773 8358 14109 8359 8360 7985 13779 8357 7172 12694
3952,12673 14110 14111 12293 12675 12290 11186 11630 8211 12104
3953,10369 10227 3016 4943 8671 11174 844 1738 3014 1569
3954,13885 12850 11366 14480 14130 5268 14506 5267 14500 14488
3955,6165 14112 4601 7651 12865 10413 2439 6161 6167 7650
3956,714 4997 10494 1349 4888 3554 2450 7390 1350 14984
3957,7490 10161 14113 3100 1504 6957 6151 8577 1284 10780
3958,9223 205 8795 349 11815 7501 203 771 351 6259
3959,14114 3676 10270 8790 5823 13355 2082 10271 7252 6812
3960,6362 1320 1319 6361 1778 6363 4060 1779 4415 1321
3961,1880 7734 7157 6868 7726 14717 23 12574 15147 10965
3962,11141 7250 7773 3855 2182 1693 5918 12358 8083 1667
3963,8499 3596 7006 5415 11876 82 8463 40 3407 5191
3964,12520 13641 12685 12684 5399 11620 1554 2839 14119 12300
3965,14116 14115 13358 12939 7950 2909 5713 4358 11648 6188
3966,7180 14118 266 8737 14117 5695 11782 10252 12892 11684
3967,3990 7053 11670 13143 12438 13401 5523 6861 14120 11935
3968,12511 14123 13931 13259 13651 14124 2742 13421 1166 2820
3969,7215 2373 11346 4606 10088 2371 2375 5845 2869 4138
3970,4052 7152 13454 7776 7907 506 12543 3538 1086 7697
3971,14125 2563 3459 1090 1018 6889 10546 7461 12110 10342
3972,4223 1503 753 733 6088 11158 11593 4 584 11564
3973,2221 2597 11529 8172 160 6433 689 8664 8699 5850
3974,14126 8 1995 12793 13224 13835 14903 3403 8591 10728
3975,14127 10124 5229 5615 5452 7684 71 1740 14452 5230
3976,3083 10069 3074 4403 10627 6579 1318 11890 2869 10461
3977,13451 11631 13461 13818 5222 2612 4056 4058 4057 383
3978,1354 5671 5672 1355 3799 1357 5669 4141 2369 2371
3979,13726 10148 13564 2903 8119 2924 5251 12136 8787 12137
3980,2210 10464 10465 10466 1282 10865 14955 10467 10463 8896
3981,11405 726 14512 11403 11402 14136 14591 692 693 13286
3982,14129 11932 2770 14382 11084 9972 4711 4950 10060 5405
3983,12850 13885 5266 11366 5267 14480 14130 14479 5268 14485
3984,13885 11366 12850 10328 14130 14480 5267 5268 14488 14500
3985,14132 1475 10413 11737 8892 11230 8454 14466 13395 14415
3986,5967 6392 6389 12081 5601 9998 13951 12489 9657 4699
3987,8310 6409 14080 3899 3903 9041 630 12640 2951 3374
3988,64 11873 8258 4449 14511 14580 46 1337 8259 5121
3989,4024 9920 10480 1918 9914 12692 3402 2511 2559 2543
3990,1172 755 1174 1173 1673 1171 2114 4333 12459 3811
3991,14134 14135 8532 13765 8318 12925 12947 7878 7624 617
3992,1357 4139 8164 4137 11624 4608 1828 5863 2377 1354
3993,1668 1667 7705 6803 9832 5797 5340 7707 7706 8958
3994,8526 1529 13324 12426 1533 13323 4514 1475 2820 13188
3995,1447 9319 7186 14493 8479 9306 13636 15205 6814 8044
3996,14136 14137 11405 692 13998 14497 14208 11402 3815 12497
3997,13343 2820 13730 2741 14138 12426 12994 404 8827 3464
3998,6532 2079 5777 10608 5739 8306 202 9088 3904 2081
3999,12545 14141 13919 14140 685 1701 10564 2074 15281 1078
4000,3834 5207 1501 3280 1161 137 5209 119 2474 1093
4001,14144 4962 11189 8785 13753 6489 3959 5070 10124 1352
4002,6622 6004 2268 2979 12522 6476 5145 1864 4976 8305
4003,11120 14148 14147 14829 5673 10561 12551 12085 13483 13214
4004,2614 1303 8694 12067 2742 3465 2820 1532 5998 1323
4005,404 14138 8907 14151 14150 13348 11753 1166 2820 12426
4006,10373 10372 155 10371 156 10370 153 4396 5679 5004
4007,7574 6186 4948 7573 11912 11227 6782 6180 6779 5157
4008,13023 7532 12957 12456 11978 11895 13046 8126 12955 14152
4009,12748 14153 11218 11219 6537 15120 11041 13968 13566 14006
4010,13738 1894 2899 7825 1891 8516 13269 1895 8515 12646
4011,3481 3482 14155 1882 5327 5332 3480 14789 5326 10455
4012,12162 11988 572 14008 13239 7889 7107 12860 13767 2430
4013,14156 11002 12101 10981 2378 11703 8476 12071 12077 6811
4014,2742 2820 405 5998 4515 2614 7249 1166 3465 12426
4015,405 1529 7249 2820 2742 2614 1323 13578 12426 1166
4016,2614 2742 1166 2820 3465 3464 1165 405 1532 5998
4017,8887 13783 7657 14093 1669 6950 14090 7530 11692 3612
4018,13537 13725 13848 9557 14085 13176 14001 1560 4672 14086
4019,14159 7581 14157 14158 1131 14160 11384 11746 5513 14304
4020,1937 9650 11232 9682 13763 12148 8059 13761 7745 13762
4021,9056 8588 3906 14891 15072 14080 14430 8581 13977 10321
4022,110 14930 14166 14165 7632 15244 11367 14824 14931 14486
4023,2082 7252 14114 1885 12019 518 6063 4164 971 5538
4024,4713 14164 11187 12480 6788 2567 9571 4053 5332 10080
4025,11221 1522 6173 6775 13424 14462 6783 6776 5521 6184
4026,5415 8816 13012 13015 2986 7428 14163 9706 8999 7257
4027,8999 14166 91 15184 9054 15148 14951 14165 7121 14555
4028,13537 13725 9557 14715 13848 14085 13176 1560 14001 14086
4029,1561 12486 6669 4368 14085 14207 14446 14086 266 5297
4030,4962 12682 14002 12055 4753 12679 1352 6748 13191 7940
4031,1357 6360 9851 2014 4605 1354 2369 8164 10365 4133
4032,5580 7929 466 618 13438 5579 4925 1646 1340 476
4033,12748 606 12496 6497 13490 15120 621 14153 11219 10262
4034,13642 12439 13643 13726 14752 14754 5358 5338 12522 14967
4035,14167 13389 8786 4171 8785 4168 4173 6511 12236 6750
4036,2742 1323 1324 13187 2820 405 13333 2614 1166 13327
4037,2742 1166 3465 1165 3464 1535 2815 2820 13651 405
4038,1893 14168 2230 14465 3088 14466 1891 13627 12986 2906
4039,14169 4962 13191 3993 13889 3943 10425 12588 12223 5707
4040,9668 13616 14171 14065 14170 11877 10252 11610 4373 14172
4041,14173 6435 11978 2419 3387 14174 8218 14507 13986 13760
4042,14104 6586 14175 13281 3091 2728 9542 2905 11079 2901
4043,14176 13610 13116 13107 13778 14177 13403 12892 2912 1697
4044,11723 12725 12839 7077 8443 12735 10461 4599 10992 4693
4045,1166 1323 13650 13628 8730 405 2820 3464 1535 13576
4046,2741 1526 8907 2742 6994 1530 1531 2820 1165 2614
4047,13069 13901 8033 14086 12467 14012 13162 11979 11043 3996
4048,14180 8362 13055 13315 11555 12820 5998 14805 14330 12843
4049,14175 13408 11295 8620 10153 12456 6869 12555 2429 1265
4050,11611 12684 7650 9137 2840 14181 12685 10757 6298 7653
4051,10158 7730 7758 9910 12110 2538 9121 6899 9921 6889
4052,11770 12319 1121 9895 11772 11029 8870 10044 12047 2843
4053,2614 2742 5998 2820 15152 3465 2741 1532 13578 405
4054,2820 1166 6989 13271 6000 13323 6001 14183 404 13628
4055,14178 13254 8264 12518 3665 11219 12926 5923 6479 10609
4056,9807 11114 9661 7934 12025 12036 3265 900 12611 6251
4057,5367 12242 11226 4137 10953 11225 12240 12241 12239 12334
4058,14185 14190 14189 14186 14188 14191 14187 14184 14192 14133
4059,6846 4379 2839 3492 3407 3609 668 1460 15194 6840
4060,11879 11755 1532 12882 14044 9794 12994 11112 8835 7686
4061,13845 12683 13846 14177 9695 13116 12679 5605 1942 14119
4062,14194 12323 14196 14195 13409 13659 2819 7237 13039 10127
4063,14198 14197 9201 14525 14395 5990 5593 9210 9220 9217
4064,1885 13532 12997 13432 8323 13246 14031 13433 1884 14809
4065,14129 11084 5405 14382 4711 11932 8058 13729 5406 13728
4066,14200 3896 352 13819 14398 8093 15089 14770 14775 8102
4067,11405 12868 2600 14136 14512 726 14591 11403 11402 13286
4068,4766 2807 10962 11429 14617 8464 44 3903 1028 5540
4069,12251 5725 14209 2133 7776 8892 10584 3678 3811 12164
4070,14203 14205 14204 7581 14202 14581 14159 14889 14157 3840
4071,13216 3160 5233 8460 12110 13213 13215 13217 7371 188
4072,12824 12524 10322 12249 12263 9556 13858 11023 12248 12521
4073,14207 6669 1560 4368 12486 13725 14001 13537 14085 1561
4074,14208 10168 14046 9131 692 14889 14136 11402 11635 6608
4075,4135 9751 3679 4605 8164 10953 2869 5672 7057 1827
4076,5689 4413 12349 8983 4605 8541 14464 7057 2875 2371
4077,14209 14208 13736 14596 14458 14595 14214 14889 14213 692
4078,2375 1317 4688 2379 8152 4135 4137 11226 4687 4132
4079,9920 11644 12692 5187 4024 2518 9913 10480 2532 2493
4080,4962 10426 13191 10425 4753 1352 6544 4073 6495 14169
4081,13463 8084 11206 14641 12899 13462 2404 13461 13064 14796
4082,14120 3955 8775 13883 2464 15245 12011 14674 14299 12387
4083,14212 14211 415 13167 14448 14214 14009 13736 8020 9889
4084,14213 2651 8020 14214 14209 15086 13050 15188 15169 2296
4085,13771 14215 13141 13767 12142 4629 12248 13040 6939 12524
4086,2820 1323 405 12426 2614 2742 1166 3465 1535 3464
4087,9959 12265 14024 6819 9649 9566 14664 13529 9958 9814
4088,14216 14217 10562 8734 5494 3978 6827 471 1520 12777
4089,11907 9387 9973 9380 11908 9385 4444 12860 13035 9323
4090,2375 2372 2379 11347 2371 2380 1320 9853 4060 1778
4091,12082 6172 12987 1111 8650 9810 12937 11649 6244 8648
4092,5260 2156 2290 4933 10405 4267 5159 2294 12834 12830
4093,14221 14220 9052 6622 12566 14219 3890 10921 12264 6785
4094,11384 5788 14889 692 14964 12065 14380 14379 14205 5518
4095,3063 13388 8587 75 8999 11126 15134 14199 14826 11914
4096,2981 6183 1700 8114 1846 7584 6180 7940 13961 9515
4097,14222 14223 14224 14415 14952 14538 13836 14610 13895 5518
4098,14226 2869 11120 5673 12551 14225 14459 13878 2887 12756
4099,2839 14171 14065 12519 11610 12520 10253 10705 9668 4373
4100,14227 12881 6477 13460 7649 2731 10337 9213 7643 11152
4101,14209 12188 6331 10121 14596 14458 14595 13899 14213 7688
4102,1166 405 3464 2820 2742 1535 404 1323 12426 3465
4103,2742 2741 13452 13235 2815 4516 13187 8727 8829 2814
4104,11691 7080 9195 4138 13984 1013 10818 11624 1719 1354
4105,1558 9324 9323 14230 12526 14228 13171 14229 12715 12527
4106,3667 7065 7078 9536 4600 10953 9535 1003 1007 11893
4107,14232 12594 13073 9960 9813 12649 13192 12003 8099 14233
4108,7426 1721 7057 4605 9851 4413 10246 8164 1357 4407
4109,14152 14235 1625 6062 12553 8126 4327 2265 12957 12463
4110,7014 14236 7015 4062 7013 4063 9307 9412 13878 14571
4111,2742 1166 13327 6000 405 1165 9794 3464 6001 1326
4112,14237 10251 11796 6174 6240 8967 6241 9104 10250 12626
4113,2820 2742 1535 2823 13187 1166 405 13005 12426 1165
4114,1845 8921 13644 8687 6247 1510 12492 5783 10255 12009
4115,5788 13616 7253 12858 13615 7401 14170 11940 6884 7252
4116,1438 8485 3728 2696 11088 11323 206 2702 9816 9563
4117,14238 14260 14638 11315 489 14575 14572 11306 14574 14492
4118,2130 8591 8 10382 10383 8999 14903 14126 9042 12857
4119,14239 14244 14251 14248 14249 14250 14247 14246 14245 14243
4120,4301 5607 13645 378 890 5829 4886 65 13342 7874
4121,5786 13784 5787 7000 3177 12641 10564 1619 3178 12666
4122,692 11405 14136 11402 11366 14208 14512 14591 693 11403
4123,8823 9072 12698 3242 705 1589 10232 4568 4848 9884
4124,12985 6097 13942 6498 1557 6546 8515 5197 12986 11244
4125,14244 14251 14249 14250 14245 14248 14247 14246 14242 14239
4126,8788 7643 10868 6613 7649 628 621 4388 1127 13027
4127,3483 11252 4507 11251 11082 2011 13684 13736 14681 3484
4128,4844 538 5751 6820 5749 14808 525 536 531 4839
4129,12138 13782 11656 6887 10119 8143 12148 11085 9650 13385
4130,9604 3092 12163 4364 2767 4468 4774 7327 171 11803
4131,2665 3564 3568 3562 8814 4058 2666 12695 13944 4056
4132,12018 9188 184 1296 3860 2156 14252 88 9669 6561
4133,14254 14253 14357 14358 14318 14395 11579 13525 10058 2465
4134,10125 3387 8884 3396 7809 6905 14378 3388 13987 9867
4135,14126 7630 10728 10370 7795 3981 12793 10371 13224 13585
4136,11993 5142 5794 13560 2938 9296 2781 9177 10579 1520
4137,5502 10236 7021 1101 3820 222 4975 3551 226 2329
4138,14217 8458 4569 8735 15129 10562 14471 14407 14216 13375
4139,46 6825 241 6787 12205 14400 611 14979 6002 64
4140,870 139 5437 5041 466 2703 12654 2309 10881 2777
4141,9101 6824 14255 11365 9100 7556 4564 5324 14076 12977
4142,3359 9669 10295 4320 9118 3119 3282 11301 3380 186
4143,11119 6542 2869 3079 9664 8982 11118 3693 8151 8160
4144,8848 8850 13713 4607 9645 7427 13712 8849 12348 8847
4145,14257 8077 7658 7739 11963 4651 11163 4665 8076 9190
4146,3903 7910 5952 7452 3899 3901 10500 1058 6939 14406
4147,13193 14258 3038 11706 11139 4489 4257 13194 10930 14121
4148,10003 10001 10181 282 1971 6772 10002 1861 5898 13714
4149,13454 3055 11073 1351 2556 9974 11233 2656 8367 3505
4150,8957 7441 5996 7331 14259 7329 295 12186 13021 4990
4151,4865 7391 3150 11821 5070 2493 2519 383 713 3043
4152,14260 14238 489 14638 14575 794 11315 14572 466 7051
4153,1011 1721 7572 12146 1727 12261 4407 12143 7573 12332
4154,14063 14261 12005 11486 4762 14735 2448 7697 170 10174
4155,11157 5408 5746 2210 8098 8285 5747 5850 8700 2
4156,2026 1798 2548 1961 12166 14052 7734 5191 2146 5281
4157,1532 14262 6940 7236 11470 2614 11112 13613 2742 3465
4158,8999 5527 5488 9706 2309 9701 14297 15207 15206 15148
4159,10980 2666 9123 8392 12312 9812 1543 12996 4059 1392
4160,6703 3076 3077 2616 6704 3079 3078 11057 3075 7221
4161,7442 648 8972 10546 4828 1621 6315 9902 6888 7758
4162,7651 10064 1676 11101 1934 10719 8111 14322 1169 1932
4163,385 13130 10432 134 2241 13402 14305 386 1507 3811
4164,12813 9545 4920 3497 1074 12193 15217 14831 14832 7494
4165,5155 4181 690 1568 2448 3258 769 3555 5427 1235
4166,14266 4530 4524 4529 8016 11592 4526 4520 4525 4522
4167,10372 7845 10373 7037 2595 155 10371 4396 10370 4861
4168,14267 4036 9951 9949 9952 4138 1011 13982 9192 3442
4169,9991 2672 7977 4312 4498 2671 2673 4474 4314 5325
4170,4351 9613 2256 239 6118 1184 2468 4286 12093 11113
4171,6792 324 4920 5563 11166 15253 3153 896 6794 12674
4172,257 6094 5920 14887 14417 10444 10443 256 258 8001
4173,5226 14268 11253 11366 14396 11630 4576 3116 8454 10778
4174,1177 6613 2984 8788 12930 10868 11594 10000 5111 1795
4175,8474 9427 52 9428 10715 7701 15274 15273 1850 881
4176,8850 13713 2871 14269 8847 1011 8000 4607 9645 6347
4177,11914 11129 6227 8521 10820 5793 2926 1297 12200 2411
4178,11371 5563 4656 11767 4657 4655 5566 6792 4644 4664
4179,3602 3834 3348 4867 10976 3584 10977 5828 14516 3280
4180,11713 6046 11751 3740 8129 4143 3736 7646 6041 5458
4181,14271 14273 6041 14272 8453 2952 6569 10822 10586 1660
4182,12069 5723 8714 4032 4031 3744 13975 14796 8295 7724
4183,14136 14208 11402 11405 692 13182 693 14889 11403 14137
4184,693 6725 12281 14390 4937 9704 11405 692 6717 11403
4185,4096 9167 775 4220 9090 7291 1967 4217 5412 8744
4186,11379 11378 3160 7005 12612 12016 11441 3174 3900 3975
4187,14274 12714 4346 7394 12620 7395 4153 3648 7396 8241
4188,13560 711 6615 7179 6624 7743 10115 11993 2277 13181
4189,11370 11368 4660 4663 2804 4653 11369 4650 13022 4662
4190,1831 10137 2525 13935 7768 1984 1833 10485 3468 1832
4191,685 195 6822 6821 169 1701 6997 10564 11259 5401
4192,14206 323 12162 2108 1491 764 9563 5247 11360 1215
4193,1532 14138 8402 15257 2614 11112 2742 2820 6993 13343
4194,244 12549 7831 3172 10487 10043 4122 10012 3853 2655
4195,13725 4458 13537 14085 9557 1560 6144 14533 6145 12486
4196,1684 4468 764 1688 1443 4862 964 5528 757 171
4197,8820 13588 14279 11053 14277 14275 14278 14276 13033 11229
4198,1568 1452 2024 8742 8653 12042 2756 1427 11950 1586
4199,11151 4064 8439 268 1160 1300 7286 6306 2059 8631
4200,9826 14281 1269 10867 8227 230 3859 11712 13406 15026
4201,8390 9511 839 467 6411 11320 162 794 10055 170
4202,5003 2498 7113 10406 159 15230 7116 7120 49 11563
4203,11347 14283 6805 9173 2379 2375 9174 8982 6431 2372
4204,14284 1475 11848 731 11409 2166 3138 6116 14362 9911
4205,11243 12168 2657 323 873 466 11844 3811 476 162
4206,14285 14286 14209 12440 15173 14596 14458 14595 14213 13680
4207,2930 1252 748 1408 838 6645 11170 1255 169 745
4208,2764 9439 2826 9518 871 3094 3748 2825 10762 601
4209,14287 467 1423 6216 12847 10454 12084 5971 3222 794
4210,3654 6656 3656 13398 14290 14291 14288 11971 14099 6664
4211,232 10485 14175 7195 11292 10153 10406 6667 233 229
4212,8999 14085 13725 1560 6670 14207 14086 12486 13537 15148
4213,7848 2291 9051 2287 10270 10078 4090 14940 7849 2294
4214,12513 14295 14088 14930 14427 14929 3021 11229 3498 14558
4215,5417 7633 794 618 6063 6005 971 2082 11393 5418
4216,4426 13587 6148 7115 13940 2326 10602 8653 15045 15263
4217,14154 10731 11410 6129 13856 12587 9945 12823 9533 529
4218,12670 14055 13722 5508 323 14298 881 5938 9613 1619
4219,14299 870 8106 3956 3276 15009 10904 2703 14926 466
4220,10401 10400 6652 10402 10399 10395 10393 10405 10396 10403
4221,14301 14302 14097 14096 12556 10392 6668 10394 6654 3654
4222,7632 3160 7109 11230 7310 14921 13395 14415 10093 14132
4223,8999 14163 9054 5415 15148 14951 14166 14690 15248 7124
4224,14303 14304 11384 2623 5516 6574 13652 9945 9827 10675
4225,7719 9143 6766 15260 14674 9144 14894 13524 14886 3470
4226,14305 9762 10278 12352 8488 10432 3449 12176 9763 15242
4227,3500 2155 4031 8500 82 2493 4965 4669 2106 4760
4228,9054 13587 13940 7124 14555 14826 9055 14306 14824 8999
4229,9054 14306 739 14852 14555 7124 8999 15147 12206 13587
4230,8999 9054 7124 14166 5335 13912 3921 78 14555 2156
4231,740 14979 14089 1351 14348 14980 14907 14296 14547 9106
4232,9570 2235 7235 11363 10462 2709 3909 5283 6801 138
4233,11955 14308 10076 14562 13353 405 5998 7282 14802 13332
4234,14311 2602 14310 323 7967 13741 32 4601 9902 9906
4235,14312 3511 13124 11140 4339 12803 2178 3615 3253 7914
4236,2739 5415 13015 11482 6868 13012 14560 2986 13017 14851
4237,10746 11447 240 5010 8527 14313 4359 2856 5619 6562
4238,13669 14100 7773 13971 11646 5233 3501 10015 9904 5567
4239,13481 13480 5471 6086 11047 4443 10838 295 3934 10839
4240,11152 13666 11475 6069 13951 6513 2731 13029 13267 7891
4241,12980 14314 12250 13029 1196 9972 15047 6670 13040 13027
4242,13628 13245 13576 13650 13128 13244 404 13271 1166 13323
4243,405 3465 12426 1323 2820 13187 1533 6352 4514 2742
4244,13849 11389 14290 10397 6655 6664 14288 6661 11388 10402
4245,1532 5998 13329 2614 2742 11112 2820 3465 13344 2741
4246,14315 14316 13431 13310 4118 3067 1632 5516 5563 13904
4247,12420 11069 7731 2123 5543 7727 5097 2496 2527 2128
4248,11429 9340 14317 14617 14034 10407 5753 3972 14544 12764
4249,14058 14318 8509 11585 11579 14357 8320 14358 6403 11581
4250,13571 6327 1304 12342 1761 15127 6331 12090 12089 11779
4251,692 14320 14208 11403 693 14136 11405 14383 14512 11402
4252,14321 8976 5106 7952 9600 9246 9508 3155 12195 413
4253,14322 11790 10064 10191 3403 8484 8523 7671 11035 11066
4254,11917 12855 6023 9340 8621 9773 5748 7716 11915 12854
4255,2957 12666 11480 9024 733 12918 374 381 3500 10566
4256,14319 8760 7781 8747 11952 7782 5229 4336 8807 1740
4257,14311 13898 6232 13741 12577 12864 14739 9291 10427 6229
4258,14323 11555 11554 13924 10127 13315 2614 8362 5998 14805
4259,2741 12425 13189 14138 14308 8827 14324 7686 13343 13730
4260,1531 14326 1330 1525 11394 1530 13672 1526 1323 14122
4261,1532 3465 4515 2614 2742 8830 2820 6994 1166 405
4262,13349 12302 13734 3465 13189 4514 1533 9786 2814 2820
4263,13343 12271 8808 14138 6353 14328 5194 6995 12786 1532
4264,13344 10208 10680 11122 1532 2741 2820 11112 13329 9784
4265,2614 14329 12905 13409 12906 11286 2742 3465 14196 12903
4266,2741 14014 13323 2742 1165 12426 2614 6001 13629 12425
4267,14199 3507 11560 9690 11399 9049 13518 11974 726 5752
4268,13578 2614 3465 1529 2742 2820 5998 1532 1323 1166
4269,13578 2614 3465 5998 1529 6352 2742 2820 15152 1532
4270,405 13332 11955 14562 2820 1323 1535 2742 1166 13539
4271,8892 12070 6990 11111 13854 14803 1475 11112 6996 8893
4272,13248 13672 3463 3464 2614 1166 10525 14326 12426 2741
4273,2820 10410 13926 14331 1165 2824 13353 13575 2742 15096
4274,13201 2822 8907 13202 13347 2820 12426 405 2742 2614
4275,13244 13245 13128 13576 14802 12882 13730 1535 13357 14308
4276,2742 1166 2743 2820 1165 3464 2614 13327 405 1535
4277,9784 4515 1532 2820 2742 2365 405 3465 2741 8826
4278,14332 405 13661 13203 14084 10411 1535 8058 13452 11051
4279,14323 2614 5998 13924 14007 11555 10127 2742 15152 11554
4280,5998 11112 13319 2614 10508 2742 1532 13321 2741 14337
4281,6996 2742 2741 13327 2743 11112 1535 8730 1165 1166
4282,5998 14007 10127 2742 2614 14323 15152 2741 5189 405
4283,14336 14335 13990 407 14326 11112 9784 13574 10260 13672
4284,2742 405 1535 2820 1166 1165 1323 2614 12426 2815
4285,10963 2614 13625 13931 1323 9791 3464 13330 8906 1166
4286,2742 13629 2741 13352 3465 1165 2743 6353 13327 2820
4287,10410 14331 13926 1535 13260 8730 13575 13329 11524 14122
4288,2820 2741 405 5998 2742 12426 2614 1166 3465 1535
4289,2742 1323 2743 14122 14326 405 13700 11394 2820 2614
4290,2614 11112 1532 2742 3465 2820 5998 1529 2741 1323
4291,1166 3464 13731 13187 2820 1326 2742 11052 1535 404
4292,2741 1529 13423 4514 2814 3463 6416 2742 2614 12426
4293,2820 3464 1530 4516 1166 8907 11394 2742 3465 12426
4294,2742 2614 2741 13562 1165 12380 13574 13672 2820 13327
4295,1367 2029 5547 2208 15276 3018 7128 14387 6038 8999
4296,14338 14339 12627 12628 12632 9421 3486 12630 13121 12629
4297,6784 12985 12025 10986 11661 9807 14340 9661 13667 11883
4298,7401 4755 11872 13830 13829 14582 15099 13828 7253 14353
4299,4138 1719 2373 12929 7067 4687 4132 7057 2371 1354
4300,12025 6097 13644 6685 6616 1786 8372 11244 5197 11883
4301,13785 4687 3083 7784 4688 1721 12209 4132 2369 3084
4302,8029 8026 9128 8885 8039 1122 8024 2451 12808 13014
4303,1354 11777 10199 1355 1357 2371 4138 7427 2378 5447
4304,12370 7427 7554 10749 7785 10088 7095 10198 10987 13442
4305,14342 14181 10351 12536 10353 6298 10354 8454 9233 14153
4306,3083 1315 12211 12210 13450 4687 7784 1317 10461 4132
4307,1317 4403 13519 4687 12917 3083 4037 1318 4688 7427
4308,10255 11265 14064 576 5782 8423 7625 12048 5783 12009
4309,12891 13258 7436 13698 13377 5985 8321 10413 13797 2658
4310,2930 14344 9688 8176 14128 14227 10200 9783 1252 11260
4311,7427 10461 4599 7077 12735 12725 10992 10569 12934 13785
4312,10911 13557 7702 13556 14762 7014 11614 11612 11613 11273
4313,1011 11537 13380 8541 4134 12332 11536 7964 1862 14751
4314,2869 11120 7215 1318 4403 7096 10992 7064 5673 11118
4315,7427 7498 4402 10199 10899 7554 11598 4687 1354 1011
4316,11949 4437 3980 5421 10706 14158 13113 7408 8748 2739
4317,6849 13742 10195 10103 8605 13719 13934 11260 1897 12879
4318,14345 1011 4687 1317 11347 1778 2372 7215 8152 9194
4319,3429 4350 3428 3427 1119 11979 3857 8016 13312 9393
4320,2953 14111 756 5579 14110 6332 995 12673 11186 9124
4321,2869 7215 12332 11347 4134 10088 6738 10072 14736 11598
4322,13215 13214 691 13213 13216 14721 13217 5601 14147 10561
4323,1709 8542 4461 10994 4145 10990 10627 10998 8982 10628
4324,4687 4132 3083 397 11347 4688 9850 7093 5690 1317
4325,12036 9807 2422 10224 12035 9661 12025 7934 2421 5428
4326,14348 740 8479 11818 4847 14089 14979 14669 14980 1351
4327,14350 14349 14351 7215 11347 1771 5875 14843 13111 2375
4328,13776 10969 1524 14117 13034 14725 11774 13691 3491 13688
4329,11248 7714 12527 11249 4373 13280 7713 10253 11620 12519
4330,10627 11099 7095 7215 8982 7099 6804 3083 8536 7554
4331,14206 6163 13417 5788 6537 4550 11218 2108 6623 7625
4332,618 11963 6605 612 7377 5782 9942 13138 10388 1852
4333,14352 13176 2840 12486 6231 1360 9659 1947 14752 9127
4334,14353 7242 4447 7571 7401 11219 7240 7376 7375 7244
4335,11840 11842 7168 10658 11841 11839 6510 6513 12986 12888
4336,14354 10216 10219 5195 10217 10218 1028 14845 14737 3813
4337,1136 1145 5686 6847 3003 10751 5857 1146 4596 7215
4338,14356 14355 4589 2729 2274 4582 5288 9879 5592 9880
4339,3075 8167 8166 3083 7221 3079 10461 3077 1003 8848
4340,2742 2820 3465 13327 1165 8727 14084 13660 1166 8906
4341,7217 2891 12936 1003 7065 1704 3667 6363 1773 1353
4342,6226 4567 7506 13604 14012 10271 10269 13069 12030 11964
4343,3555 4196 9309 4483 8704 4821 10299 7420 3247 4238
4344,11626 3667 3074 3666 11892 7065 11778 3688 7078 1007
4345,12831 13823 5625 6095 12830 12834 12835 12832 5624 10797
4346,7057 1719 4607 4138 12929 2869 4687 1011 2373 9851
4347,14357 14254 14358 14318 14253 11579 13525 873 13524 10058
4348,13723 1317 13209 10627 4413 10097 6804 10990 12589 5845
4349,3465 14359 8906 2614 2820 2742 1532 12744 1166 13711
4350,6939 12142 13122 7682 13771 13121 11888 13024 7201 14215
4351,13785 1314 1317 2880 6847 8542 2881 7077 4461 3085
4352,4687 4138 4132 2373 1719 12929 4600 7067 3667 4688
4353,14362 14284 5012 10491 13312 14507 8058 12483 2197 217
4354,9554 14363 1354 1357 2369 2376 12756 11099 1355 6364
4355,11019 2058 5795 13305 13899 7688 2061 10121 8210 9199
4356,14027 1907 12623 14002 13763 9999 9650 4350 6685 7745
4357,5355 6729 13841 11453 4463 12285 13715 7544 11358 3537
4358,12987 11665 5352 14219 6185 6541 12264 6785 8968 5353
4359,7186 4484 7270 2950 9319 8241 1447 9531 11623 5163
4360,8210 11019 9199 13899 7688 2058 13728 14666 14667 10121
4361,1011 1354 11777 2371 1357 1355 4138 2378 2374 4134
4362,1374 56 2958 9359 13413 9206 11473 8326 13699 5748
4363,2023 10463 13767 10256 6173 285 1392 1895 4872 8505
4364,14364 7220 11632 73 2585 15189 14579 14534 11902 10265
4365,4139 10069 2378 9626 5849 11808 11805 5848 9889 396
4366,13710 9857 14365 14109 3492 4527 14177 8231 5354 7172
4367,2928 6143 8762 13906 11902 12785 14583 7627 9055 1443
4368,2582 5151 14185 5150 11599 14086 5906 10481 3069 8855
4369,1447 344 12916 15265 13657 13656 13636 9889 6812 1474
4370,8144 13696 10052 7529 11115 12351 13220 14886 13217 11730
4371,2375 11347 2372 9853 2379 2380 3072 14072 2371 13111
4372,1174 10644 12985 3854 11983 13667 6784 4932 11846 5975
4373,14010 9100 7009 10429 8736 9808 10428 9101 9798 7008
4374,9759 13307 8095 9796 13 14026 8096 12 12049 2664
4375,692 11366 659 14136 8250 11405 15196 14491 14208 693
4376,14367 9430 6128 157 8617 8414 2599 8171 154 5634
4377,2428 10985 1506 2790 486 1660 6220 2750 643 12546
4378,12067 14373 10223 10900 8712 3563 10081 8901 13995 7781
4379,14374 14375 14376 15093 2365 9784 13440 9785 4329 9200
4380,5998 7752 10674 2742 4984 7565 3368 2614 2041 7751
4381,14378 10125 9650 5904 14219 7935 5917 10126 632 8059
4382,14313 9611 11794 9565 4950 8383 7369 5731 3974 7811
4383,5555 5294 10958 5289 638 8668 1254 5556 4015 10862
4384,12008 2742 405 1168 1165 1323 11121 14807 2820 12007
4385,2820 13453 13717 13421 12426 1166 2742 3465 2614 405
4386,2185 4196 3276 6134 3555 14299 11595 8873 8871 9309
4387,11413 11411 11412 11414 11417 11415 11416 6069 10024 7640
4388,4515 1535 11899 8732 2820 405 4591 2742 1166 1532
4389,692 14379 14380 5519 11366 14424 693 5518 14136 8250
4390,14382 14129 10060 11084 11932 4772 4711 5405 2770 10061
4391,14384 14383 692 12081 11366 6228 14586 14136 8250 693
4392,14385 9044 3351 13403 8686 11182 3215 6843 5491 3652
4393,10899 2375 7427 1721 11850 4599 2371 1344 13111 5687
4394,2742 1165 1535 4516 2820 1166 1339 10260 405 13327
4395,14386 2951 2687 13168 13806 13804 10670 13807 13017 9041
4396,8995 5016 589 14680 4316 14527 14132 5507 2508 8704
4397,2814 13672 14326 2742 1535 2815 1166 2741 12426 3465
4398,14387 11405 999 14388 14389 14950 14455 2029 14512 14136
4399,2820 2614 404 2742 13651 13574 1166 3465 10260 12426
4400,7631 463 12019 1187 5544 3792 4230 9093 11090 15128
4401,11809 3943 3263 3260 8140 1270 13618 1805 14436 1311
4402,10431 13066 13067 13064 11208 6755 2793 10082 12618 8899
4403,14393 3895 13930 3134 4298 14955 14517 15059 14693 10865
4404,2944 1947 13221 8965 4524 8035 5743 9127 2943 10157
4405,10920 611 3014 11317 10369 1491 5538 4757 2448 5552
4406,14395 14254 11035 8300 1633 14525 14198 14253 7824 3403
4407,14185 2582 11599 5151 14186 14187 14188 14189 14133 14192
4408,3811 2519 10673 14893 10347 2309 1101 466 686 9604
4409,14396 2448 8705 1732 5538 170 651 1572 8651 5547
4410,2742 1532 3465 13327 12742 360 2614 2820 1165 1166
4411,12290 12291 12674 12289 12293 12673 12292 13381 12675 15253
4412,1679 11964 10272 5264 6850 13563 11743 10269 10271 6226
4413,2457 10784 548 2855 6264 7054 476 11985 661 2845
4414,1532 405 1323 8904 14122 2820 2742 2614 3465 1166
4415,3805 7860 7970 14178 13669 3804 12584 12326 10558 476
4416,14398 352 9077 13945 8102 3953 8093 14399 9660 12647
4417,14400 46 2308 12205 6825 6002 3857 2538 56 578
4418,14402 2837 2604 6799 4659 4658 10836 5349 12495 12740
4419,612 12440 7915 618 14286 14285 14717 611 2448 11092
4420,645 11406 7049 14853 12752 15046 6400 11361 14541 14997
4421,4975 3819 1611 10236 5427 4974 7369 222 1517 3544
4422,2742 2614 14405 13352 3465 1532 5998 404 13574 14079
4423,9276 12308 10061 6064 702 7275 856 12463 7299 5736
4424,46 10370 2677 12205 14400 10371 10372 10373 11809 6825
4425,14406 8999 7121 3903 3899 2951 9041 3901 3022 4427
4426,14217 8735 14407 3067 10562 13166 15129 15270 8734 12900
4427,14410 14409 12961 4034 13101 12760 137 13472 13476 13478
4428,13217 10052 12879 8144 13718 12351 5273 2269 13696 13213
4429,10148 8119 8787 12136 13726 8842 10151 13564 12137 11590
4430,7719 6766 3470 13524 9158 3729 9143 15260 14674 14894
4431,757 7504 1198 10517 879 1661 889 12297 2259 6983
4432,12678 13877 10243 9558 13484 12996 14412 14399 2801 14413
4433,1136 7065 1146 1145 10843 4609 3667 1003 4596 1721
4434,1665 9810 9809 12987 6506 1939 10441 1522 6783 1662
4435,13719 13742 13934 1897 12482 5492 12038 10868 13941 12557
4436,7235 5283 11745 10482 7841 12014 12005 11916 10209 8926
4437,13732 1893 14414 13979 7804 13547 10869 2906 13971 12373
4438,14415 1028 11230 9244 1397 3180 14694 13395 14222 14223
4439,14416 10259 12504 11261 13342 14440 12410 13813 4840 7767
4440,403 405 1166 404 12426 1323 14308 5998 2820 2742
4441,14417 714 2291 257 9131 14490 14984 14887 14142 14674
4442,11747 10056 1576 3034 13038 14805 15242 10732 6141 4336
4443,4350 14419 6178 3308 8139 14675 11082 13312 3428 6176
4444,10000 3086 2050 7166 7165 13779 1795 12930 11594 3087
4445,10517 6328 1686 1732 1661 1198 13048 8813 6331 2781
4446,14420 13117 12437 7356 6392 5255 13123 2425 13980 11020
4447,2741 2742 11283 2614 1165 5998 12425 6416 12426 13561
4448,14423 14422 2699 5197 11238 7527 5196 249 6477 1752
4449,14424 5519 13570 12779 10163 14379 14380 5518 14873 5520
4450,692 14426 3771 11366 8434 14524 14540 14136 8250 11405
4451,5929 13430 15129 8735 8736 14471 14714 8534 8733 5935
4452,8983 12487 1826 12349 4035 2886 1777 4605 14745 3843
4453,8999 14427 8226 8786 14166 8426 3031 5368 1368 13134
4454,2086 14428 13307 12316 6102 9076 1301 8097 11154 2486
4455,11405 12669 1475 14512 14136 14591 11403 726 13286 11402
4456,13807 8581 13805 3333 14120 12689 13806 9306 13804 9208
4457,13000 12612 14164 1886 12963 14255 15166 5559 5324 12184
4458,14431 1243 10871 3700 2066 12462 5078 2106 5982 5069
4459,6364 7554 4596 2888 4603 5686 1724 2877 3668 2875
4460,2108 10821 6622 13286 14959 14206 12159 14685 4173 4168
4461,13221 10150 14221 10157 1467 13220 11956 13464 10557 8325
4462,5788 6884 12155 6885 11979 6952 1179 9226 12154 12157
4463,2278 6978 10276 11090 6087 2431 7704 12019 876 8200
4464,14434 8517 6451 6493 9995 4927 8890 4451 14717 14716
4465,1277 12152 9554 1916 12153 1279 1278 1270 6815 1281
4466,11038 7236 12971 12968 12970 529 12969 12967 13402 12329
4467,13898 12864 10986 9291 10427 13368 10252 8781 7999 5909
4468,230 10488 7978 10256 11869 229 4672 3862 11712 9826
4469,4350 14185 8940 5881 6264 13312 11024 14187 3428 14192
4470,12681 13103 14182 266 265 14172 267 13104 12683 12521
4471,5206 2259 8004 12135 12297 6835 2260 10130 8000 7963
4472,8887 14437 13550 11984 4593 11885 14050 12910 11887 11692
4473,6557 13702 12637 14439 12644 13075 13060 7819 10989 13985
4474,6814 13437 1604 13664 7090 3548 7185 5586 6815 5294
4475,13998 5782 7742 14137 13905 6624 7743 10255 5781 9826
4476,14442 7527 14443 15015 2699 9277 10244 1596 14967 5819
4477,3090 2729 1436 3372 5276 12910 2724 4041 14356 2723
4478,4665 12030 11592 13706 4697 9714 8237 12496 628 6513
4479,14409 4034 12760 137 14410 14038 14445 12761 4590 4724
4480,740 9106 14979 14089 14348 1351 14980 726 11405 14592
4481,2950 1817 6980 4484 11905 8957 8241 11935 9531 7053
4482,14444 11410 1473 5374 5368 5371 6115 14128 5364 1471
4483,7013 7014 14445 7015 12632 9308 12803 7147 14571 14921
4484,14119 12685 14446 5297 11620 1561 11249 1554 4731 14177
4485,10185 10189 1678 8001 4518 9103 906 7949 5983 8430
4486,12550 8478 1327 11076 6730 9198 9838 1331 8042 7016
4487,11525 4964 1872 12523 12522 8144 10122 5896 13407 11887
4488,12910 3090 4041 4593 4047 4042 4043 5819 5276 2729
4489,7749 2170 10973 7750 7751 7752 2178 2928 2176 2173
4490,13015 5415 2739 14560 14851 11482 11718 3960 11045 3471
4491,7533 7526 6667 14289 14915 6658 5114 6666 6662 6653
4492,14447 312 1578 7842 7843 13340 13338 2092 2091 11367
4493,14448 14205 693 9522 12103 11124 630 14361 13167 14212
4494,7699 13943 8421 14563 3801 7700 13892 13520 12324 14960
4495,9784 2815 2742 2820 1166 1532 3465 2814 1535 2365
4496,5222 12649 8103 1911 8903 3274 12310 1890 3318 13451
4497,7843 7842 7844 14447 11367 3838 5336 7849 12480 4645
4498,12722 10726 1715 12723 12721 12464 8088 684 7673 10722
4499,9254 3579 3578 876 994 11977 8499 102 6332 9020
4500,7704 2431 6978 11656 2432 13564 12138 10151 4561 10276
4501,8000 10700 4389 8004 2653 5920 8001 8003 2078 4403
4502,6668 6659 14097 14098 10394 14096 109 6662 6666 6665
4503,12676 10975 8758 6852 14066 13031 5472 14018 14019 14371
4504,726 11880 11405 7676 14512 12535 13852 8590 14996 9106
4505,13182 13183 8144 7521 13178 10707 14462 7517 7520 13696
4506,692 14452 14208 626 4966 11366 14136 14889 11402 11405
4507,9071 12992 688 8393 10281 13222 5565 9072 9202 6549
4508,14454 14453 12969 12970 1743 8215 12968 9001 12971 12967
4509,14455 14456 14388 14950 14951 7700 14387 12494 15009 14706
4510,2820 1166 405 13271 2742 12426 404 14457 13651 1323
4511,14209 14458 14596 14595 14213 13680 15188 14286 11120 14285
4512,10372 10373 155 10371 12337 4396 10370 11071 156 4869
4513,14459 5673 11120 13878 12551 14236 13852 2869 12756 2887
4514,14462 14461 14205 11221 13183 14460 13424 14889 14204 13182
4515,5998 14463 13974 4356 5403 1335 9775 9681 12619 2742
4516,495 6155 6427 1440 488 794 3811 12012 1833 10835
4517,10715 14690 14702 52 14875 14100 1351 9935 14307 8474
4518,14464 1354 1357 6550 2369 1826 8541 6551 1355 2371
4519,10830 10827 10828 10825 10826 10829 7476 6243 1094 9326
4520,6432 670 4598 672 671 10090 12657 11808 12655 7554
4521,11850 5688 6806 1706 5857 1353 13185 12378 7427 5447
4522,12280 4772 11193 4774 4776 2220 7266 10060 7725 13552
4523,794 5980 8936 476 323 873 6411 6812 12386 7633
4524,14466 14465 14168 11737 12837 3884 3883 13627 8860 5369
4525,9034 14468 4566 13382 14467 14317 12181 1543 9812 1542
4526,14469 13219 11232 2435 2434 11231 2432 10412 2436 13428
4527,9129 6401 4337 6514 14470 13551 12464 14172 2900 9542
4528,7015 7016 7014 10832 2003 260 7013 14571 10850 859
4529,2215 4067 8467 13195 10934 5347 3670 1738 8832 7184
4530,14136 14208 692 11405 11402 14889 693 14137 13838 12497
4531,149 14472 6605 5521 14548 873 169 6608 6606 466
4532,13849 6663 14473 2281 6763 7210 10579 6661 2197 6657
4533,11405 11403 859 14512 6877 14136 11402 726 14591 692
4534,13885 11366 12850 14130 14480 5267 5268 14488 14500 14131
4535,13885 12850 11366 14480 14130 5268 14506 5267 14500 14488
4536,14476 14475 12390 14923 15006 12391 15007 13920 12392 8272
4537,13885 12850 11366 15120 3665 10701 14488 14480 12156 2652
4538,13885 12850 11366 14480 14130 5268 14506 5267 14500 14488
4539,11366 13885 12850 14488 5267 14130 14479 14480 14500 14131
4540,13885 11366 12850 14456 14455 14130 14480 8428 5267 14944
4541,11366 13885 12850 5267 14477 14486 692 5266 14479 14481
4542,13885 12850 11366 14480 14130 5268 14506 5267 14500 14488
4543,11366 13885 14478 10200 12850 3898 14487 13511 14488 14513
4544,13885 12850 11366 14488 14480 5267 5268 14131 14130 14506
4545,13885 12850 11366 14480 14130 5268 14506 5267 14500 14488
4546,13885 11366 12850 14130 14480 5267 5268 14500 14488 14131
4547,13885 11366 12850 14130 14480 5267 5268 14488 14500 14131
4548,13885 12850 11366 14480 14130 5268 14506 5267 14500 14488
4549,13885 12850 11366 14488 14480 5267 5268 14131 14130 14506
4550,13885 12850 11366 14480 14130 5268 14506 5267 14500 14488
4551,13885 12850 14479 11366 5267 14480 5268 14130 14506 14491
4552,13885 12850 11366 14480 14130 5268 14506 5267 14500 14488
4553,13885 12850 5267 11366 14506 14130 14480 14479 5268 14491
4554,13885 12850 11366 14480 14130 5268 14506 5267 14500 14488
4555,13885 12850 11366 14480 14130 5268 14506 5267 14500 14488
4556,13885 12850 11366 14488 14480 5267 5268 14131 14130 14506
4557,11366 13885 12850 14488 5267 14130 14479 14480 14500 14131
4558,13885 12850 11366 14480 14130 5268 14506 5267 14500 14488
4559,13885 12850 11366 14480 14130 5268 14506 5267 14500 14488
4560,13885 12850 11366 14488 14480 5267 5268 14131 14130 14506
4561,14482 13025 6196 5890 13667 14496 4028 7110 6270 13026
4562,11366 13885 692 12850 14488 5267 14479 14491 5266 14130
4563,13885 11366 12850 14130 14480 5267 5268 14488 14500 14131
4564,13845 8688 12859 12715 13846 12236 1558 13798 9324 3858
4565,12850 692 13885 11366 14480 14130 5268 14136 13897 5267
4566,13885 12850 5268 11366 14480 14130 5267 14506 14500 14488
4567,13885 12850 11366 14488 14480 5267 5268 14131 14130 14506
4568,11366 5267 14131 13885 12850 14479 14130 14506 14491 5266
4569,11366 12850 13885 5267 14130 14500 14477 5266 14486 14480
4570,11366 13885 12850 14477 5267 14486 692 5266 14479 14481
4571,13885 12850 11366 14488 14480 5267 5268 14131 14130 14506
4572,12850 14429 14483 12787 13885 366 8575 11366 4399 14471
4573,11366 13885 12632 11273 12850 14477 14339 5267 14338 7013
4574,5266 14486 14485 11366 14491 13885 14481 14479 15175 12850
4575,11366 13885 5267 12850 14479 14506 14488 14491 14130 5266
4576,14487 10200 5019 14565 14564 13511 14478 4756 14227 3898
4577,13885 14488 12850 11366 14480 5267 5268 14131 14130 14500
4578,13885 12850 11366 14488 14480 5267 5268 14131 14130 14506
4579,11366 14489 13885 12850 14477 5267 14486 5383 692 13079
4580,11366 13885 12850 14488 5267 4412 14130 14479 14480 14500
4581,13885 12850 5267 11366 14506 14130 14480 14479 5268 14491
4582,12850 692 13885 11366 14480 14130 5268 14136 13897 5267
4583,12850 13885 11366 14480 5267 14130 5268 14538 14938 14506
4584,13885 12850 11366 14480 14130 5268 14506 5267 14500 14488
4585,13885 11366 12850 14130 14480 5267 5268 14488 14500 14131
4586,7719 14492 4532 15260 9143 14674 6293 6766 14575 14691
4587,14130 11366 5267 12850 13885 14506 14479 14923 14480 11266
4588,11366 14130 13885 12850 5267 14488 14480 202 5266 14923
4589,11366 13885 12850 14488 5267 14130 14479 14500 14131 14480
4590,13885 11366 12850 14131 8042 14130 14480 5267 14923 5268
4591,13885 11366 12850 14130 14480 5267 5268 14488 14500 14131
4592,13885 12850 11366 14488 11608 14480 5267 5268 14131 14130
4593,12850 13885 11273 11366 9307 13557 15106 7014 14480 14130
4594,13885 11366 12850 5267 5266 14479 14506 14130 14491 14480
4595,13885 11366 12850 14130 14480 5267 5268 14488 14500 14131
4596,11366 13885 14137 3815 12850 14488 14497 5267 14130 14479
4597,13885 14494 14495 14131 14432 12850 11366 14480 14130 14488
4598,13885 11366 12850 14496 5267 9026 14130 14480 5268 14488
4599,13885 12850 11366 14480 14130 5268 14506 5267 14500 14488
4600,14498 14497 11366 5266 12298 13885 14137 14897 14574 14486
4601,13885 12850 11366 14480 14130 5268 14506 5267 14500 14488
4602,11366 13885 12850 14488 5267 14130 14479 14500 14480 14131
4603,11366 692 13885 14477 14486 12850 5267 14479 14491 5266
4604,11366 14499 14481 14486 4339 13885 15176 5266 14491 14485
4605,11366 13885 12850 14477 5267 14486 692 5266 14479 14481
4606,11366 13885 12850 14488 5267 14130 14479 14480 14500 14131
4607,13513 10330 3990 14579 10332 15277 1670 14036 14577 14576
4608,14085 1561 12486 266 14446 14086 13725 5297 14119 14087
4609,14500 11366 12850 13885 5267 14130 14477 5266 14486 14480
4610,14501 8676 2725 7804 5426 12880 2724 6613 8788 14118
4611,13885 12850 5757 11366 553 14480 14130 5268 14506 5267
4612,14503 14502 607 6479 5707 12466 3070 6226 14579 12254
4613,11366 13885 14131 12850 14130 5267 14488 14480 14494 14923
4614,13885 12850 11366 14480 14130 5268 14506 5267 14500 14488
4615,13885 11366 12850 14130 14480 5267 5268 14488 14500 14131
4616,13885 12850 11366 14504 14480 14130 5268 14506 5267 14500
4617,9830 10986 4753 11896 7855 10941 14279 1558 6784 9324
4618,13885 14506 12850 5267 11366 14130 14480 14479 5268 14491
4619,6623 11912 1864 1510 11227 1845 5783 11005 6162 13070
4620,2742 1166 5998 1535 13187 2823 2820 405 2614 1165
4621,2614 2742 6352 3465 2820 5998 13578 1532 2741 1165
4622,12850 13885 5267 11366 14506 14479 14130 14491 14480 5268
4623,10464 13458 12623 12081 13457 5899 5196 13253 13832 2468
4624,14507 10764 6227 5793 6483 431 9835 8605 10491 13312
4625,2265 14235 3887 4068 13889 238 2264 14152 12156 11177
4626,14508 15177 12338 14860 7937 13780 11820 10871 15069 7110
4627,14509 13227 15191 5972 13228 4977 20 17 7770 8404
4628,8999 13282 15148 3486 15248 14545 14690 14163 7121 11185
4629,14510 4953 14458 990 7017 1577 13414 14607 14824 14578
4630,14381 9430 6003 6128 15109 8617 160 14970 4738 14329
4631,14511 1337 11873 1269 4933 6982 8589 5675 8590 11212
4632,10870 5527 7626 15207 15206 12567 1268 10867 7106 5488
4633,14512 726 2657 11405 11403 14082 10094 13852 8590 14996
4634,14513 14478 14277 14610 14848 14204 13420 4549 14706 8547
4635,740 14296 14979 14089 1351 14348 14980 15079 14907 14547
4636,4016 4074 8182 12838 11260 14055 6105 611 10820 4357
4637,7844 11367 14165 14447 7842 7843 7632 14486 14930 14824
4638,14432 11367 4382 11030 5026 3536 2836 14494 14165 14495
4639,14166 2210 14514 8999 9054 91 14929 14951 14555 10464
4640,10542 13000 14413 11586 14683 1886 1184 2800 13995 12612
4641,14516 10874 10872 10873 10976 14515 2099 3834 1298 7237
4642,1721 8152 3693 4407 9664 13573 11578 1776 11119 10246
4643,13 9759 8096 13307 8095 4565 12 15 12049 13382
4644,7643 14517 3895 7649 1127 7984 4073 14393 12901 13930
4645,11366 14486 13885 5266 14481 14491 14485 5267 14479 14499
4646,612 3629 12713 3462 618 611 14717 14975 11092 1880
4647,14422 11238 14423 2699 11731 5206 11732 3369 6780 11733
4648,10591 14519 320 15011 13056 15247 3841 14913 14213 12877
4649,234 235 1617 1618 1619 1622 1621 1620 11254 3213
4650,10180 11784 9251 9412 539 8 4285 4076 14708 12962
4651,5107 13430 7109 3751 14921 14952 14471 14714 14224 7110
4652,13723 7057 560 5367 4137 1011 8164 4138 4605 1719
4653,12101 10981 14156 13646 10977 5431 8993 11002 12134 5036
4654,14520 13036 12437 14521 13408 12297 13533 7251 3855 5973
4655,8892 12251 7776 11861 11860 1475 7152 8893 6996 11859
4656,14094 14522 577 13286 14095 15026 712 731 3600 11405
4657,2820 3465 2742 2614 1166 12426 405 1532 404 1165
4658,9830 8244 5485 1558 9324 9323 10986 8646 3480 7982
4659,2742 5998 13327 8727 2817 2820 2614 1165 3465 1166
4660,4515 13324 13271 2820 13628 2742 405 2741 13323 1532
4661,1166 12426 13187 2820 13660 8830 11524 2818 3464 1535
4662,405 11112 8904 1532 13007 2820 1323 2742 1535 3465
4663,2820 1166 3464 1165 13187 2742 13452 2816 12426 13731
4664,11384 14222 5518 14581 14223 692 13895 5519 14889 14415
4665,14523 6057 12881 14460 1376 14389 12233 12194 6764 3004
4666,14478 14513 14204 4549 14848 14581 14277 6606 5518 14706
4667,11405 13053 11217 14136 14512 726 14591 11403 13286 11402
4668,14205 13949 7381 14889 14460 14526 14462 14873 14854 14203
4669,14524 360 14426 13831 14586 2742 8434 14142 2820 2614
4670,14198 14525 14395 9201 14197 14254 1633 8300 11035 9210
4671,14204 14523 6606 14581 6605 13183 5518 14846 14203 14478
4672,11405 13266 13207 6476 14193 14136 14512 14591 726 11403
4673,14379 14380 11384 693 692 5519 11405 14205 14889 14383
4674,4757 14526 12013 5965 14854 10920 13018 12966 12362 7381
4675,2591 14527 14528 7663 1181 11786 13988 14723 14132 7664
4676,14530 692 3801 14529 11366 14441 14961 14136 12324 13520
4677,1907 14531 5674 12387 10565 13405 7660 11894 14065 13368
4678,173 5216 61 14539 14903 14543 478 14971 13388 6833
4679,2591 7581 11289 15265 14159 14157 14203 1181 14527 12044
4680,13167 14212 14448 14211 415 9522 12103 14205 693 630
4681,11366 13885 12850 14477 5267 14486 692 5266 14479 14481
4682,7844 1180 2303 11367 7842 7843 14165 14447 1178 1170
4683,13756 13272 13757 13759 13669 237 10810 10107 2417 13758
4684,6077 11144 2321 15176 7182 14481 6072 1957 11129 11303
4685,10868 12373 3537 3540 6613 3541 10869 13971 7172 8788
4686,8892 7384 13335 12989 14452 8894 1475 4671 13329 8893
4687,14532 557 9217 10182 11366 552 553 555 10223 1004
4688,12898 5715 1846 6484 1864 6183 2627 6485 1700 13961
4689,4605 8164 4133 1357 5673 15238 14459 11120 7016 13665
4690,2820 1529 2614 12426 2742 1166 405 3465 13578 3464
4691,13606 14495 5352 7935 14494 14378 14008 14432 12590 14004
4692,14039 7648 10254 10593 8686 12486 10253 12716 12282 12719
4693,3993 14534 7863 9339 12571 7430 9443 4351 3662 73
4694,11120 5673 8164 12756 12551 4133 10818 14459 4605 2887
4695,14311 12577 13741 14739 12470 13078 14310 13898 2602 12565
4696,13846 12567 12566 6785 6685 13459 6349 6524 2979 10870
4697,13900 9015 13114 13040 14783 10917 14077 14075 10085 14074
4698,1884 10542 7565 13246 13247 12997 10976 7752 1184 12003
4699,13353 2742 13926 14331 2815 2814 2824 10410 2820 1166
4700,5514 9114 5515 15163 5513 14224 12009 12840 12059 5516
4701,7050 5592 14356 4191 1836 10171 15000 7051 14355 7052
4702,9238 7455 6909 9960 1886 7466 1896 14729 13000 14255
4703,13978 9239 7343 6761 11358 10782 11357 5896 10112 4971
4704,7427 5687 6806 10899 10199 5447 7554 1011 8513 4132
4705,14535 14240 7268 11124 8871 11481 13933 11125 5375 9777
4706,12850 14537 14536 13885 14943 11366 14067 14480 14130 5267
4707,3771 5369 6329 924 15008 14660 259 12406 13627 14168
4708,14131 8517 13885 11366 14494 12850 14495 6725 14432 8042
4709,14540 14541 7231 8434 12752 15046 11406 15144 15145 11361
4710,626 8397 9365 6488 7544 8396 5377 13479 14167 4966
4711,14542 5337 7946 5336 4126 2673 5339 5338 5335 7136
4712,12850 12298 13885 11366 14497 14480 14130 5267 5268 14538
4713,13885 14498 12850 11366 14488 14497 14480 14897 5266 5267
4714,14543 6729 9563 14566 3841 15007 13058 4595 11884 14689
4715,14545 9406 13282 3486 11725 9412 9307 9422 7014 15145
4716,12850 14538 13885 14938 14973 11366 14264 14480 14130 5268
4717,1721 1357 6553 1354 2369 9851 3083 6360 2371 9235
4718,14538 12850 14973 14938 14264 14415 7229 14222 14223 13623
4719,14538 12850 14973 14938 14264 14415 7229 14222 14223 13623
4720,13652 11009 13653 11105 14303 9827 2623 14304 5516 6574
4721,11405 14512 11403 726 14136 11402 14591 692 693 13286
4722,11405 14512 726 11403 14136 14591 13286 11402 692 9106
4723,14545 9406 13282 3486 11725 9412 9307 9422 7014 15145
4724,12850 13885 11366 14480 5267 14130 5268 14538 14938 14506
4725,12850 13885 11366 14480 5267 14130 5268 14538 14938 14506
4726,12850 13885 11366 14480 5267 14130 5268 14538 14938 14506
4727,3500 2957 5751 5752 12918 11480 5749 5753 13052 7798
4728,14264 101 14547 14579 14690 8999 315 15233 14898 14618
4729,14548 149 478 476 873 466 794 169 686 611
4730,101 1808 14690 14264 15233 14898 12362 8999 15270 14547
4731,12134 12101 10977 14696 14697 13899 12850 14887 12574 8993
4732,58 9013 11126 14163 14980 15285 14605 14604 8999 11737
4733,1001 2887 12756 10818 13878 11120 11319 11318 14464 5673
4734,14551 14552 14553 14557 14556 14081 14558 6850 14554 14555
4735,1166 1165 4516 2742 2743 2820 3464 1535 3465 2741
4736,12850 13885 12134 11366 14696 14697 14538 14887 14480 14130
4737,14490 12321 13885 14417 14142 14674 14470 11217 10268 1670
4738,3465 12426 2820 8828 2614 2742 1166 404 405 1532
4739,692 14561 11366 14136 15173 8250 12206 11405 15196 14491
4740,1173 12481 11055 1174 1172 8997 2009 2635 2086 8921
4741,692 11366 4465 5197 14136 8250 11405 6627 15196 14491
4742,9682 1655 1939 2438 5383 5384 14489 1663 5385 2439
4743,14404 5786 5787 7000 11366 3177 3178 13784 14843 14449
4744,14563 12465 13350 13943 12467 12468 35 11077 12466 11949
4745,14565 14564 4756 5019 15180 14487 10200 13511 11994 9144
4746,13838 14213 10591 692 13056 12340 15188 14209 14519 14366
4747,1001 11768 2893 1002 9968 1011 2996 6703 7062 9194
4748,14566 14543 3841 11884 9300 13056 15007 11883 14804 14163
4749,13896 13897 13894 1858 15195 13895 14285 692 13838 5516
4750,692 14316 383 11366 14570 14136 4497 8250 14315 15196
4751,14567 6583 13058 6582 692 6584 6581 12494 2013 6044
4752,14268 11630 8454 5226 11253 14819 4451 12536 11310 14985
4753,14569 12339 8250 14575 12338 2273 6303 14492 14574 14238
4754,14570 14316 14241 15060 692 10441 14315 9113 4497 383
4755,6036 3180 330 10709 14415 6963 12085 12543 219 1738
4756,14464 14226 8477 5689 2887 11120 14225 7450 14571 5673
4757,692 14573 14572 8250 12340 14964 11366 13558 259 6581
4758,14575 692 14574 14238 14492 6581 8250 12339 14009 14569
4759,692 13558 8250 11366 12340 14572 14964 14573 14569 14136
4760,14209 14596 14458 14595 14213 13680 15188 14286 14285 11120
4761,14082 13172 2657 2501 13174 13173 11963 8138 9214 10715
4762,14576 14577 10741 15277 13513 5344 13074 14434 8811 1948
4763,11883 2391 12025 15163 10011 11884 9807 6784 12651 9055
4764,53 14578 14510 14826 12877 3055 15270 15013 7124 14320
4765,2230 13192 7944 14168 9341 14128 1893 14232 10653 12594
4766,14579 101 14503 7223 14615 14690 7228 15189 315 14264
4767,8591 10382 10383 15028 2325 15029 8999 117 3662 12875
4768,14582 4755 4434 15099 10095 6951 11872 12669 12537 14587
4769,13999 7351 9202 6618 7349 15133 12565 11038 7352 12564
4770,10115 6797 8128 7179 14822 13560 6795 14821 14592 11731
4771,11947 11426 11205 11948 7755 11427 3838 844 11425 6269
4772,14583 14584 12427 113 14585 11458 12785 11473 13587 14163
4773,10035 5620 5380 1889 221 8025 5891 3878 4948 2723
4774,908 6483 6181 11622 6170 11407 6180 399 11005 8605
4775,6885 6884 12318 12709 6883 4924 5788 12155 11979 10519
4776,14319 426 3190 11048 6022 8760 10797 1343 5624 8959
4777,4755 14587 5559 14451 14582 15099 1636 8545 8543 14779
4778,10456 10407 7556 11426 12648 13946 14034 11427 11947 844
4779,2741 5998 9793 2742 13574 2614 6416 2820 12425 15152
4780,12892 8688 7648 13655 5399 14039 13654 6748 12520 12300
4781,4605 8164 4133 15238 9852 7016 13665 1357 1721 7015
4782,14281 7639 13365 10810 6622 13457 6520 7853 8575 13170
4783,13726 8410 12216 12215 12439 13642 13643 5964 13564 10148
4784,13653 14365 11781 5923 11177 15197 12846 11245 2627 13070
4785,2636 12612 12092 8545 12316 1997 14164 13818 13000 12963
4786,11366 5226 13885 14268 12850 14477 5267 14486 692 5266
4787,14110 9022 14111 12673 11186 11630 8211 12104 12675 12293
4788,2650 13828 6487 13830 13829 6537 12536 11872 12303 8373
4789,13885 12850 11366 14480 14130 5268 14506 5267 14500 14488
4790,11366 13885 12850 14488 5267 14130 14479 14480 14500 14131
4791,7402 12981 13679 12055 3265 11647 8142 7401 12682 11152
4792,14589 12772 12778 12774 12781 10877 12152 12771 10677 6407
4793,1475 11759 2820 5345 12535 11524 11880 8892 4516 2741
4794,8324 5 5814 8323 13936 5742 12093 5759 12032 611
4795,3720 5525 6984 15092 14957 12829 14958 5524 3986 3893
4796,13885 12850 11366 14480 14130 5268 14506 5267 14500 14488
4797,13079 1949 8580 11366 9060 13078 12512 3800 1955 2016
4798,726 8590 11405 8589 14512 11212 14511 9106 13852 14996
4799,11405 14591 14136 14512 726 11403 692 11402 13286 14200
4800,4424 5929 13513 13017 2951 15129 14386 14579 8735 15277
4801,9106 14592 1605 14821 15252 14822 726 11405 10115 11731
4802,13336 1475 8832 3677 8334 7751 7750 405 11880 12535
4803,12850 14538 553 13737 13262 13681 13885 13365 11384 6622
4804,4351 6004 7941 6002 11872 3662 1673 407 2468 13623
4805,11880 12838 8832 4074 11877 12535 1475 13336 12837 1631
4806,9555 13617 14593 12928 3582 2978 14730 12927 14976 13278
4807,14594 5729 2847 6162 6096 6781 1898 6097 8206 8204
4808,10820 4016 6105 11365 11188 11473 13699 11260 14055 14227
4809,3542 13435 2152 13618 1805 12233 8852 11809 7453 8325
4810,11405 726 9106 14512 14136 11403 14591 13286 11402 692
4811,11405 726 9106 14512 6719 14136 11403 14591 13286 11402
4812,611 593 6474 15020 4321 10893 14680 9781 618 11092
4813,14301 6654 12556 14302 14097 10392 14096 13429 4997 6660
4814,6687 9655 7689 3672 9656 6187 9650 586 5664 4169
4815,14596 14595 14209 13680 14458 14213 15188 14286 14285 13682
4816,8999 13680 14595 14596 15148 15248 14690 14163 7121 11185
4817,13013 1485 1483 14597 11316 13012 1489 5415 10840 1487
4818,2742 2614 405 12426 2820 2822 1323 1166 3465 13201
4819,2742 5998 13327 2614 2820 3465 14562 1165 2741 405
4820,14598 4550 13417 4151 14206 617 13420 4149 4150 4148
4821,3046 2614 14599 3465 8834 5998 6352 14324 1534 3463
4822,8397 6488 8574 5131 626 9365 578 6118 7544 629
4823,12949 14600 13815 1996 1997 3572 12964 15110 1998 8629
4824,2291 7341 2412 9051 2294 14417 10968 1804 2289 13606
4825,11017 6147 13645 6702 4946 1989 8070 8670 9688 1491
4826,11440 3237 11444 2031 1988 54 47 14049 14586 4887
4827,14450 11388 9825 9150 11389 3656 7709 10402 3654 10401
4828,14602 14601 5182 12163 4773 7765 9582 7493 7838 9285
4829,14211 14214 14009 13736 8020 14213 15086 15169 13050 14212
4830,5415 14603 8798 1496 7158 10890 13012 15023 13015 7461
4831,14605 14604 58 14080 8802 100 7324 15287 10651 5513
4832,14606 10252 12235 10250 5678 12574 14971 10251 7954 12236
4833,6622 7352 7350 13892 10609 7351 7349 10610 14889 14885
4834,2574 9921 13042 181 87 7285 570 7758 9907 6888
4835,14607 9399 3365 725 9342 14307 8892 7908 9350 476
4836,3242 705 989 12941 4568 3241 6563 11260 240 3240
4837,14355 14608 9910 13632 14356 1538 10158 4454 7758 12762
4838,2441 12762 12761 938 977 3663 9880 966 967 12760
4839,14223 14610 10266 14222 9935 14415 14224 14513 107 13420
4840,14611 3000 11807 10857 10753 3413 195 8069 10261 2026
4841,9650 8059 10151 1926 7434 1937 13763 12148 7745 11232
4842,1268 10870 7106 10867 8967 11621 13762 230 6174 1592
4843,7698 10618 340 4994 6817 13437 3196 5631 5037 632
4844,12786 13233 5194 12380 6995 2742 6351 1166 2741 13423
4845,6917 10539 2464 10159 291 5312 10550 6882 9479 8391
4846,14613 14614 7586 13205 280 2592 230 12522 9944 6481
4847,107 8074 821 1216 5512 3306 14297 634 7821 5488
4848,12028 13577 5261 3410 4439 2726 1480 6039 7647 5911
4849,6572 6570 6571 10790 7389 8071 6569 4363 7120 8494
4850,488 13603 6339 611 14363 10884 495 476 15007 12044
4851,12316 11094 3350 11717 1944 10486 8545 10149 2636 1134
4852,167 2460 6575 1047 145 786 215 15241 6579 14792
4853,14617 379 3228 10780 13973 11429 6576 3227 3229 1160
4854,7051 466 658 794 169 686 462 489 4260 14260
4855,7802 7803 12081 6146 7801 2728 14384 2898 10745 14383
4856,14367 9430 6128 157 8617 8414 2599 8171 154 5634
4857,6809 9757 10814 4688 9753 4132 3442 7554 9756 4687
4858,8892 8893 8894 1475 11112 8889 6996 1535 13335 8896
4859,4668 10151 7704 4561 2432 11566 10842 4560 10145 10147
4860,12785 3972 14544 8902 14317 1537 5607 12266 3274 3275
4861,12044 488 11289 5410 3743 8515 1518 15265 14886 8516
4862,651 12845 13264 10484 1415 216 5438 15088 2838 2956
4863,14619 14618 611 14550 169 1702 2262 12421 1409 15065
4864,14621 14620 3956 11213 7230 242 6762 611 7164 104
4865,1910 12602 6467 2310 2037 11165 9995 5637 14622 5557
4866,4599 13556 10911 13557 14762 3486 10912 14764 13212 7702
4867,11265 8325 4902 2287 13826 2716 1276 11264 9088 10255
4868,14623 12296 12135 4670 3410 13759 6773 7939 5654 4169
4869,5252 12594 14624 9813 14232 13073 9960 12003 12649 13192
4870,364 2061 13039 9694 11562 12568 611 11561 3213 7236
4871,11878 12426 1535 11110 2822 2814 2820 405 1166 2742
4872,4861 690 9255 7875 14893 14224 14903 1404 12197 7876
4873,13611 14076 12311 12253 14075 14077 13613 14074 13612 14783
4874,5338 5289 6108 8677 3547 1053 2673 5339 5336 5292
4875,14625 1365 14626 14640 10197 10194 11419 9140 6385 13799
4876,10484 2956 12845 8408 14854 651 14970 13132 14329 13018
4877,3916 4575 8200 4741 760 4742 12134 14538 14619 14486
4878,14627 14628 14630 14629 3787 12170 12814 1801 10694 7687
4879,14632 5887 1585 5986 8471 7233 6263 1893 8515 3837
4880,14297 634 8074 9706 5488 107 7428 169 6689 10304
4881,9292 6096 1262 1264 13417 2451 7886 7887 1548 6559
4882,794 7580 5488 7577 7578 5490 476 251 7579 7357
4883,10424 8453 12043 5062 6052 5078 9592 5082 3913 11751
4884,8397 6118 1746 6330 6488 3980 14275 2256 7852 629
4885,7359 14635 5481 4956 7430 8737 9443 8700 3993 10304
4886,14636 5740 7232 10968 3765 11550 2309 7233 7231 4027
4887,14637 10507 11259 10834 5986 10633 586 882 9495 1040
4888,11315 14638 11306 14238 14572 8374 13559 14260 12626 8250
4889,3500 1282 8195 4850 1905 5351 7051 7050 7052 9590
4890,8063 7388 587 2332 3153 4319 324 2337 2537 3398
4891,4416 2748 14639 73 1102 2704 2876 3843 1826 14364
4892,11082 4507 9209 3483 11252 8224 6178 1832 4000 4645
4893,14625 14640 14726 9436 14626 1365 7085 13457 13459 9700
4894,2795 10242 12696 12695 13907 14782 1958 1544 8213 2797
4895,9650 9826 9655 6187 6528 6687 8059 3952 14378 7689
4896,14641 3009 10344 10345 12899 3005 10455 10457 10346 3010
4897,3749 10737 1029 4907 9912 10459 9040 5047 5180 1034
4898,2943 2116 1047 11323 9089 7708 7836 2944 10521 10520
4899,611 14621 3214 15078 4251 11483 15020 10893 14620 2296
4900,8434 83 6054 7822 8432 8431 8433 7357 10297 10306
4901,9540 365 7427 11569 7554 10199 2875 3415 1862 1828
4902,8898 14611 224 12652 4120 4117 3040 13036 4067 1424
4903,10126 3811 476 2739 870 228 4862 7495 6868 10017
4904,11366 692 13885 14477 14486 12850 5267 14479 14491 5266
4905,13162 13069 8657 7851 7986 13691 9128 8035 8751 6482
4906,3945 1660 4419 14378 15096 7552 2428 2824 2457 11820
4907,7683 323 10573 7996 11134 11836 10181 7763 11720 347
4908,8572 13017 14979 740 3719 4424 1489 14891 2951 5929
4909,10193 9535 3074 1003 3667 2891 10857 8167 3688 7096
4910,2938 9397 12852 4771 9396 6436 3253 7348 1452 7622
4911,46 10883 10915 12433 8724 9902 5233 1018 10547 188
4912,8243 8047 7397 3624 4127 5083 1083 10045 1812 11083
4913,8363 14071 8543 10789 12091 8102 11200 10456 13400 1134
4914,7691 5408 2821 7694 8058 5406 339 11157 14284 5407
4915,1354 11777 2378 1355 1357 2371 9235 4138 4141 2369
4916,14643 14642 14644 13739 3259 13602 8507 12650 13211 8576
4917,5711 8341 4577 192 6511 13342 8869 13632 10056 7165
4918,3443 12376 3003 1136 7215 1011 10246 4692 7817 12936
4919,7697 232 162 7196 229 2448 2829 7195 7696 6596
4920,12295 6592 11196 1474 6380 5958 7335 1600 6648 5082
4921,5570 13314 8713 8316 10731 13144 6415 6284 8710 4840
4922,11315 14638 11306 8374 13559 14572 14238 12626 13558 10251
4923,169 2133 10832 2748 1569 12094 149 260 14903 466
4924,14646 5780 14645 10441 13919 14304 5775 5781 5779 5778
4925,8591 10840 11316 1485 586 13013 11662 3510 3149 11035
4926,14653 14650 14649 14651 14648 5670 7082 6465 14647 14652
4927,4726 2472 6434 6834 6522 5004 2956 117 118 383
4928,8838 8964 5498 1661 3241 10281 8570 12132 11994 131
4929,10672 12840 11849 11836 12034 12103 3662 4408 389 10205
4930,9373 9374 3392 3393 3888 8977 7234 10917 3394 15242
4931,645 6477 6823 8836 5866 10599 14853 14997 8561 9228
4932,578 6849 10267 8397 8605 6002 13742 11260 10195 4350
4933,14654 14862 692 8434 14540 14352 14426 14752 15175 9700
4934,14309 14655 13186 15091 14029 405 1166 14335 13660 12426
4935,1655 14645 5384 5382 14656 8298 1663 13823 5385 1094
4936,14139 2820 2614 3465 2745 404 13187 2743 2742 13540
4937,2614 13201 1323 12426 2822 13202 13330 2820 405 2742
4938,405 12426 1535 13425 2822 4516 2814 2820 9786 6866
4939,2741 4515 13628 2742 2820 6416 13271 13323 1165 2614
4940,2742 2614 2820 2743 360 2822 1326 6866 3465 1166
4941,5998 1529 10730 2614 2742 13578 13850 2820 2741 3465
4942,2820 12426 5998 1529 2742 2614 405 13578 1166 3465
4943,12426 1535 4516 14657 11524 1339 2820 626 1166 405
4944,2614 405 1323 1529 2742 2820 13330 13578 3465 12426
4945,2614 11393 1529 3464 13578 1166 2820 2742 3465 5998
4946,3602 1752 2699 14423 14422 5197 13585 3043 3044 7527
4947,12911 14315 11261 13904 12480 2614 13431 14316 4118 13310
4948,14107 1489 1493 12016 1487 1497 1481 10158 5137 5233
4949,12440 1262 5498 9242 8693 1979 7495 12133 9989 5333
4950,11254 234 235 2959 6716 1617 1619 1618 14985 13954
4951,14043 14659 3894 12480 5559 13020 14658 8545 14587 8543
4952,1160 665 3369 10245 10780 11731 1161 10430 666 6003
4953,9799 14660 15242 259 924 4381 14609 15268 9533 5417
4954,11079 14175 6060 2901 5766 5333 6059 14104 10153 9542
4955,506 5573 1943 1197 7501 6919 2162 11741 5539 10415
4956,10491 13312 14284 14507 14362 14174 14173 8218 13986 9519
4957,12762 1538 3663 14608 8695 938 977 7039 12761 2441
4958,14661 6517 1194 9090 4096 1198 775 6519 8970 422
4959,7249 14330 14662 7236 6726 14800 14183 13854 14180 6415
4960,1028 2807 5277 3171 12160 8313 5653 8311 8399 8312
4961,2078 2249 9253 2352 9693 2952 8196 5814 3192 10700
4962,8075 14663 3222 1742 11201 9352 5808 11253 2805 15245
4963,9793 14139 2823 13260 1535 10410 2820 13187 404 2742
4964,12366 13072 10407 14034 6819 14664 11425 14024 10967 8698
4965,8363 8102 10789 14071 5370 14373 9566 8093 5258 3953
4966,14666 14667 13077 8210 394 7276 8133 12606 14143 10011
4967,5351 8376 8195 4850 9590 12421 14619 7051 9588 14510
4968,14668 12420 10528 6589 10390 2121 1479 873 11320 4280
4969,5452 2296 11483 4251 2653 14621 2651 611 2655 14127
4970,8999 15148 14670 15248 14690 7121 14163 11185 9054 14166
4971,10237 11746 3605 1484 10235 8347 1085 5666 1103 13894
4972,5577 1806 149 1483 12714 9911 170 1814 7001 13012
4973,13722 1732 502 6825 8651 10166 347 4479 1820 9277
4974,13721 3663 1539 14534 3759 73 3626 4305 967 945
4975,13651 13332 405 2820 1166 11524 2742 404 13576 8730
4976,4818 11461 2809 10275 4061 11462 10039 2936 9562 3110
4977,5287 13951 12285 12159 11357 12207 4971 12208 7172 7878
4978,3222 1734 10787 3893 476 15245 794 216 478 15187
4979,14518 3375 6822 4994 4319 12132 3382 6882 4776 8286
4980,10909 3955 1347 7920 12286 5053 12387 7502 8449 13883
4981,4363 467 1381 447 3510 10547 1453 8722 14287 7670
4982,6068 13631 337 9829 6069 13714 4536 1292 14060 14061
4983,134 6679 2333 13402 14776 12187 11042 1419 13130 11040
4984,3906 6836 5785 13588 14278 15181 10321 14452 14787 11027
4985,11777 1916 10072 7358 1354 2371 4138 11420 3442 10071
4986,3222 6577 651 216 4085 15113 1993 794 2448 15245
4987,14673 13488 9172 14672 14671 11577 13956 9174 8833 13935
4988,1011 1773 7217 1774 1704 5255 10936 1770 12936 1353
4989,8056 8555 2710 9976 14342 11711 7405 304 9233 7174
4990,11366 13885 230 229 14477 12850 10867 5267 14486 692
4991,3831 3339 5829 2540 2473 4301 5220 3316 4341 9576
4992,11419 14626 9140 12653 6385 13799 12399 10983 1365 8612
4993,14490 14674 14142 14417 14470 11217 14886 7719 15132 13053
4994,1880 12574 5678 6868 14887 14606 14717 23 14971 7726
4995,13055 7397 10452 9469 8705 11707 9186 6642 1574 2448
4996,10305 7400 12185 7330 10301 11935 11905 10249 12336 8877
4997,1011 4062 4063 11120 9853 14236 1769 5846 5876 14753
4998,6785 13640 6244 12082 9856 14959 10716 12566 6476 279
4999,14676 10077 10266 8754 14675 12852 5610 10885 9499 9678
5000,3270 3271 3272 5740 6872 2794 174 3269 7118 11373
5001,3549 5145 7415 6477 7416 11589 5790 11074 2988 1308
5002,2372 1778 10626 9851 6432 11808 2375 2371 1357 6360
5003,14677 10808 13236 12757 5685 5444 2621 12209 8680 7108
5004,10845 10844 12677 12676 13703 13666 14679 12678 12184 12998
5005,12375 13444 396 12374 5847 12145 13789 10367 2997 1859
5006,14680 611 3909 2750 4848 2313 5016 15020 4316 8995
5007,14681 2011 11252 11368 11370 2010 11251 13684 4663 4660
5008,14265 12472 14064 3889 5781 9826 6540 3425 9806 6476
5009,14145 11188 10084 4053 11365 6105 15109 11187 11405 2593
5010,13983 4624 11386 13450 5844 13911 4611 4619 4618 4615
5011,3863 1451 5988 8181 290 5997 5992 11023 10143 5205
5012,2875 14682 5857 1705 12259 6067 12261 7554 12146 4139
5013,780 89 10929 7339 7968 476 2231 11116 2249 2363
5014,14684 14683 12911 10524 10809 13210 12978 13307 12172 8427
5015,14121 14258 5623 12621 5398 1834 1619 234 3989 2994
5016,14579 53 13513 10820 315 13991 14578 14615 15277 15189
5017,14685 10821 13559 13928 4073 8921 1808 14259 9267 941
5018,8999 7121 11185 15148 15069 15248 14690 14163 91 9054
5019,3069 13692 10951 3072 3071 9803 7571 10481 5151 10937
5020,10798 5210 6786 2227 13277 13276 12571 6444 14534 7467
5021,10591 1765 3553 4313 7380 198 6603 544 13056 14519
5022,10839 13637 8471 13636 13028 13027 11398 7746 7632 6610
5023,13231 5123 13716 274 9890 5629 9667 986 6266 7248
5024,14687 9511 15146 10124 14931 7845 6202 740 4871 14092
5025,6836 8190 12886 12966 14452 14710 8189 13884 713 14579
5026,14688 10384 14689 14887 6581 10884 14543 15254 14914 5595
5027,14690 8999 10715 101 15148 14547 11185 14163 14264 15248
5028,14691 5788 14492 11397 5708 6489 12950 14949 14575 11400
5029,11962 4532 12276 11961 12337 10516 13020 1697 10596 1752
5030,14694 7229 14539 14693 9486 7244 9244 11932 15199 14415
5031,5612 3969 5950 7176 3455 3963 9695 3191 5615 5620
5032,14695 8348 466 7487 3117 8863 10620 1684 4127 2753
5033,12134 14697 14696 13899 12850 14887 12101 12574 10977 14886
5034,14698 273 13716 12620 1541 572 11026 4109 1542 550
5035,14699 6191 1186 5059 4385 6365 5477 1620 10700 773
5036,14700 15289 11045 6301 11216 9471 14171 1889 8175 9874
5037,7554 6323 9753 4688 6809 2875 7427 9756 9628 4132
5038,2834 2514 5789 2129 71 3818 2338 3607 2532 4849
5039,14702 14703 14220 10715 14100 1351 610 740 8376 14307
5040,643 12546 642 639 13571 2428 4111 9657 638 2287
5041,8334 13336 3677 8832 13232 13346 1475 405 12426 8329
5042,611 2075 15020 2073 12714 10893 9781 618 14680 612
5043,14705 14707 14704 14706 13430 8428 7545 1885 10906 10369
5044,12340 692 14572 8250 13838 14964 14573 11366 13558 14136
5045,14708 12565 9845 9251 7205 12470 8355 8353 14739 12564
5046,14646 14304 13919 1078 4881 5780 14848 14960 10865 14961
5047,14710 14709 12886 11189 12269 11865 7945 8576 8640 8944
5048,11384 10441 14316 6484 9113 14570 692 14889 14964 12065
5049,101 11148 8272 2498 1696 11563 14923 14690 14547 12065
5050,692 11405 14136 11402 11366 14208 14512 14591 693 11403
5051,11405 14711 1627 1628 14136 14512 726 14591 11403 13286
5052,12850 14538 13885 12134 14938 14973 8200 11366 14696 14697
5053,2556 6202 11574 424 149 10833 12087 4668 12406 10834
5054,8999 14163 15148 9054 15248 14690 14547 15233 11185 7121
5055,3464 1166 14712 11111 11109 13348 2820 10179 11108 3465
5056,4020 2748 6411 753 2318 3049 12420 11593 163 794
5057,14511 11089 11134 8589 8590 11212 1337 7174 4939 323
5058,3457 5459 9943 9979 13139 14838 8399 5454 6604 10591
5059,8042 3002 8730 11894 11895 8031 9198 1535 14480 11893
5060,14295 14310 5721 12668 11671 14298 502 2320 8580 6088
5061,58 11126 14163 14980 15285 14605 14604 8999 14824 14742
5062,14669 2360 113 9367 2358 2438 10664 7140 11473 13699
5063,3266 11924 10884 794 10100 1686 1516 775 488 3218
5064,2614 14587 1134 11717 9374 7 13367 11425 12480 1883
5065,14227 10200 2930 11654 10102 10625 14487 7012 14740 13511
5066,3216 6527 8963 5087 3539 3682 3215 6530 462 1103
5067,7996 7385 11958 3833 10294 5917 8988 370 3811 5904
5068,14319 8760 8747 7781 11952 5299 5229 14052 13851 4336
5069,11303 11144 3753 11129 10764 14028 6077 13119 12362 9830
5070,7960 2607 7961 2609 3197 10233 8324 10231 2929 10134
5071,6331 6327 2059 12200 15127 6328 12090 12089 12188 2058
5072,14715 9557 13690 5161 2409 15186 13537 13265 14012 13725
5073,14416 14440 2830 11137 4359 7857 6333 212 13567 10259
5074,9088 11466 4075 10642 9030 7863 15185 10985 2928 12819
5075,11478 10612 8367 14701 14899 15285 3055 8480 1490 1880
5076,14108 12668 14210 15118 10541 2201 14504 9056 6881 14295
5077,2428 486 2790 1660 10985 6220 2750 643 1506 12546
5078,2820 12426 7396 13235 2742 1166 405 3465 2614 404
5079,14717 14716 6493 6505 14141 6495 5788 6494 4962 4700
5080,1670 14036 8780 13513 14718 14997 14579 15277 1078 4881
5081,10346 6754 7347 2811 13485 2812 10094 10345 10344 2813
5082,11586 9660 2800 14413 12336 11688 11305 3717 4451 13000
5083,692 7452 11366 3903 1058 14136 8250 11405 15196 14491
5084,12292 12293 12675 12290 12289 13381 15253 12673 12674 14631
5085,7453 3542 7971 8303 4210 2718 11063 2719 7455 13435
5086,14720 14719 4671 14721 7967 1351 1028 13947 14089 1350
5087,12683 11355 11988 13666 10254 265 12681 710 12679 11353
5088,10461 8167 7784 8166 3083 2399 1003 4688 2869 12934
5089,10027 12858 1178 9661 9807 10982 7934 14725 9957 12025
5090,13779 13777 2050 14109 13778 2728 10869 13678 3491 13776
5091,14722 7853 7855 14281 7639 13365 13457 7854 10810 6520
5092,10229 14723 13839 7712 2726 14724 7713 7715 13840 2724
5093,14725 12846 13776 10027 7107 3491 1178 11245 11490 13116
5094,14726 9436 14640 7085 13459 13457 14625 13544 13458 2468
5095,14728 14727 13796 13769 10104 12650 6397 7471 2992 7662
5096,14598 6503 4151 13417 4550 8204 8206 1942 8205 8208
5097,14410 12961 13101 14409 15235 15106 12962 10180 13100 11790
5098,3387 14173 3388 8884 14174 3411 8218 14507 6435 13986
5099,14174 14173 8218 13760 7522 13986 14507 409 9843 2439
5100,231 13950 7107 5638 229 230 14725 13988 12981 7568
5101,13254 5387 14178 5390 13502 13497 13509 13496 13501 13492
5102,14721 9718 691 9264 8716 13215 9716 9717 14720 14740
5103,12055 12682 12981 4645 4658 798 4659 4661 4647 4648
5104,3798 2436 1784 14437 2434 13769 13768 13120 2435 10145
5105,7057 11346 1719 9851 4687 1011 2869 4138 7427 4413
5106,14161 11620 7801 11249 9857 12159 14119 13286 4731 14177
5107,2959 12854 5818 9024 13081 13133 13939 14805 15257 13082
5108,1120 8055 13396 1119 10116 11984 12948 10244 5249 8021
5109,14730 6614 9555 14731 3894 7670 14593 14028 12254 12651
5110,12037 7302 10032 4257 14861 13726 1208 6196 6778 14953
5111,14733 5759 9828 3469 9126 13962 3423 10714 6607 5729
5112,13116 14725 10027 12846 12520 13776 13845 3858 7107 13719
5113,1863 7222 3077 6703 3079 3076 1011 1721 3078 3075
5114,13705 12219 3789 8256 4404 678 8746 12218 3512 12221
5115,4707 13777 12389 1126 13418 14169 12926 12827 5124 4706
5116,12928 8649 12927 13962 10714 1846 6173 5716 6490 11907
5117,13571 9 3977 11092 12044 11424 643 2148 4973 1659
5118,6356 1321 9308 2998 15017 7147 6363 2996 1320 1778
5119,12981 13988 7568 230 231 3753 13950 3862 5614 12804
5120,14735 11486 2526 3879 587 5789 9050 8067 8836 10432
5121,7065 3667 3688 3074 1003 7078 10193 2891 3666 9536
5122,10749 2375 9853 9850 1001 10461 3083 8982 7554 2379
5123,1354 3416 11778 1355 9236 4141 9237 1357 13450 2378
5124,13351 1532 5193 3464 11899 2816 1166 2614 2820 2947
5125,14736 2372 12332 2375 2869 11347 11598 15027 2379 1011
5126,4275 10156 14737 4274 12424 11303 9823 4273 4272 9442
5127,873 585 1204 466 323 9658 149 686 9424 1686
5128,9194 12209 8167 2874 10461 5690 12210 2875 2869 4687
5129,1001 2370 7062 9640 2374 2371 1002 2996 1320 9194
5130,2371 11777 2375 1354 1778 1320 2374 6361 4606 9192
5131,1777 9640 1012 1008 1826 1317 6705 9194 6364 1001
5132,11777 7784 2371 3083 7057 1357 9851 1719 1003 10818
5133,1011 4687 4693 4132 4688 11387 4138 1317 7057 3083
5134,14739 3435 943 3432 3430 3431 3433 3434 12470 14311
5135,3843 14105 11382 1826 2876 3844 4416 3846 10627 10952
5136,7554 5447 6806 6555 10199 7427 4139 2875 5687 6809
5137,7179 10115 13560 10416 14822 7178 7180 14821 14592 6797
5138,4327 14096 2281 5097 6062 3589 2351 14097 14152 14473
5139,2820 11122 1166 1532 404 11121 2742 3465 405 3464
5140,1136 1145 7215 1146 4596 2628 5686 1721 9537 11091
5141,4276 6660 14099 6666 8141 6653 6662 7253 6665 6664
5142,9308 12079 12078 7147 6356 12663 12662 12661 12664 4132
5143,9682 12082 6476 6244 10716 8575 4674 10810 6520 6785
5144,14742 13768 10108 13119 3993 7432 725 6849 7869 764
5145,14284 8058 12483 2821 10387 14362 10491 13312 5408 11932
5146,14744 2086 6284 11003 2093 11039 8909 12904 13314 14784
5147,2869 12933 7215 5673 5845 7057 14459 11120 12934 12932
5148,14745 4037 4035 2880 4039 13380 10071 13426 10073 1317
5149,14749 10568 14746 14747 14748 12807 12942 10570 5668 14750
5150,673 4035 10073 1316 4036 13426 10817 13982 1344 4037
5151,643 12546 13571 2428 2287 9657 4111 9658 10111 15128
5152,101 14690 14264 15233 14898 8999 15270 14547 15013 14578
5153,14751 1011 7817 10246 1862 4407 9851 12376 9625 12656
5154,4403 9195 11724 4138 11691 7080 1354 4599 4402 4687
5155,12846 11245 14365 11490 6090 14725 11491 13653 10027 10449
5156,10316 13760 10110 13407 14174 8218 13986 14173 7522 1872
5157,3091 14062 2730 2896 2905 2895 2900 13281 2901 14061
5158,12833 6614 5468 2927 5467 7913 2581 12848 14730 12834
5159,1354 4138 13573 1003 4110 1355 1357 11777 4132 2371
5160,14752 14352 8434 14540 7264 10560 13176 2840 12439 13642
5161,5399 12300 12520 12892 1933 10971 12299 13116 13837 2842
5162,14753 12657 4062 4063 7014 8708 7015 670 7067 4138
5163,14527 14723 13121 14754 3861 7715 275 1181 7952 5614
5164,7426 4687 4132 4688 1317 1354 3083 4138 8167 1777
5165,7936 1837 4851 1222 4358 7940 1847 6187 5157 6240
5166,11712 14281 8135 15026 13419 10023 4273 1269 7978 9826
5167,12520 13617 11620 11249 13278 12685 5399 14161 12300 14119
5168,14752 14352 7264 10560 12439 13642 13643 12522 14540 13741
5169,1001 1002 3083 9173 8932 9174 4687 14283 2869 11703
5170,12764 67 10293 3501 8817 9340 8142 8811 12169 2270
5171,10035 8025 5244 11357 5620 5380 1889 5243 11772 13404
5172,14756 14755 14707 12503 13350 11046 12507 12506 10160 15031
5173,5669 5671 9665 4608 1917 1914 1915 4136 10367 8165
5174,13881 9124 11660 995 11256 13882 2925 6330 2017 6158
5175,9952 9950 1344 9949 9951 9948 8382 13833 13835 13834
5176,2858 12379 5954 6939 12612 5511 3900 3852 11117 11378
5177,6589 13548 7532 13970 12035 13972 1479 12036 5737 7539
5178,11589 1547 6048 3549 10902 1545 2054 8678 1546 3745
5179,3429 1119 8016 3428 9393 3427 8021 1122 15070 14266
5180,2614 1532 8526 4515 9784 1323 2742 2820 3465 405
5181,13667 12985 10104 5975 5890 13025 1174 10644 7662 14728
5182,12682 6748 1561 12892 15267 12486 12055 14085 266 5399
5183,14270 14758 14759 14761 14760 9758 12658 4613 4614 12078
5184,9127 14394 9659 1947 7259 8035 12486 11344 1560 14186
5185,5687 2618 11107 10199 7427 5447 1011 10899 2620 1730
5186,7014 13556 14762 13557 10911 7015 11273 14764 14763 3486
5187,1011 6360 9851 12895 1357 7057 2371 1317 4134 11347
5188,1498 315 5219 14579 9695 1499 9286 10019 1500 4939
5189,9075 5254 4755 3562 7748 2088 2746 12544 13814 8593
5190,12328 14664 13318 12329 14024 11965 11429 14617 11687 11246
5191,6940 12740 12495 1630 8825 14262 10262 14402 3451 3804
5192,13000 12311 13995 12253 13611 1886 2636 10542 9025 12612
5193,14766 14768 14767 12317 8044 9891 4554 12318 10258 3111
5194,14770 14769 10085 10695 13907 13019 9558 3896 14066 14781
5195,14665 14773 14772 12182 12274 8757 13433 12179 14451 3578
5196,13003 6136 6139 7309 7563 10080 3572 4890 6137 2087
5197,14774 9501 8040 4482 2178 5699 9874 1645 3257 9685
5198,13032 11943 10343 10592 11029 13714 10001 8003 11793 6626
5199,337 13714 10666 6068 13631 11732 3961 4536 1292 14059
5200,11429 14617 14664 4766 6576 7248 12328 8464 13318 14317
5201,13019 9575 9572 14781 11095 14775 4909 13463 13064 14769
5202,14775 10696 13019 4654 14769 13945 13907 14781 9575 14234
5203,9077 10696 8487 13945 9076 14775 13914 9078 11365 14234
5204,13402 11042 11038 12187 11040 134 5409 11039 12971 11004
5205,14776 13816 6672 5564 14782 6679 2795 14622 13528 5824
5206,4056 4058 13944 2665 4057 2663 13818 13451 1635 13817
5207,14071 13400 1134 11717 11980 2614 12003 9374 12311 11163
5208,1997 12092 13818 8594 1996 2668 12949 11095 4058 15110
5209,5328 5330 14370 5327 5326 1882 5329 3482 4452 13382
5210,1130 8814 14600 2665 12003 7565 8813 12964 12949 12288
5211,11365 5324 6824 12480 8487 6002 7395 11188 14255 11261
5212,13 8096 5254 12314 1298 9759 4565 8095 13740 15
5213,14779 13461 14587 3380 10872 13463 13974 11715 4715 9027
5214,6268 5556 8211 13927 14658 4657 14019 9112 4655 5409
5215,13 11427 13740 8096 9759 12 13307 12314 15 13382
5216,1883 14454 8631 9026 12969 12968 12617 1743 14453 12970
5217,13461 13975 8903 10975 9573 12993 15077 5222 13463 10977
5218,14769 13019 14066 14781 14770 15077 14775 4654 9575 13907
5219,13114 14780 6139 12614 13917 6136 13900 11096 9575 14515
5220,1884 13432 13247 13433 13246 12997 13532 14031 13424 14809
5221,14782 5564 2795 13816 5566 6797 11858 6795 1743 12696
5222,14453 13936 12093 14454 1743 12970 12969 1128 12274 11844
5223,1883 9015 14783 13900 9026 13040 14076 10917 12091 14075
5224,2086 9077 14784 11003 14744 9076 2093 11039 9078 13383
5225,5565 9083 4643 4642 4644 5566 13427 14659 8634 12992
5226,14785 5407 14392 11187 1884 10976 12997 13929 3330 13246
5227,6099 12997 13433 13532 13246 14031 13432 13247 1884 14809
5228,14026 5328 2664 13307 5326 8095 4064 5327 9759 1882
5229,6333 13567 2830 7694 2831 13615 5346 7695 14416 14057
5230,8102 14373 5258 8363 8099 8100 13907 10789 8093 14769
5231,8389 5413 14787 12481 8210 5570 10497 1369 1082 3368
5232,9576 10874 3831 10873 13820 3339 10872 7759 13821 14234
5233,13954 5253 293 11254 14985 6716 13681 2011 2010 3005
5234,14454 12969 12968 12970 12971 1743 14453 12967 1129 11038
5235,14035 13383 14788 14784 8617 13780 12601 7443 13720 8663
5236,13974 14779 10872 13461 10874 10873 14587 12618 4715 9027
5237,13900 14783 1475 14392 14377 7746 11284 8416 13040 14785
5238,13399 14789 13527 3896 10918 12998 13819 15198 5517 14200
5239,5327 5328 5326 3482 3568 7562 8631 1882 14026 5330
5240,13822 13019 12963 5559 10086 14790 11004 11040 6139 13720
5241,8488 13612 13611 13613 14305 13614 2637 8489 9762 7188
5242,12274 12182 14772 2805 4643 13020 8757 12275 13608 4642
5243,9576 12618 12999 11191 13067 13820 14783 8899 10874 13821
5244,4594 6795 9558 4641 9559 14770 4644 4642 6797 2787
5245,13780 14780 13531 11096 2593 14515 14034 10978 10873 14233
5246,14089 740 1351 636 1350 15273 15274 12286 14979 2031
5247,13781 12331 8759 8100 9708 14018 11211 4053 14231 8099
5248,13529 6139 9772 13304 9353 9649 12977 6136 8899 13114
5249,14794 7014 8441 14113 8295 13883 3342 1634 10605 6373
5250,14787 13099 5377 615 13100 626 5785 13118 5250 13101
5251,12274 12182 8757 14795 14066 11207 1294 13118 6099 6101
5252,3480 11096 14369 3481 13917 13780 8646 14780 8244 8901
5253,2636 14796 12647 11206 8544 13995 2989 8545 13463 2988
5254,14128 5374 11210 6115 14444 5371 5364 5368 1473 11410
5255,14797 7443 12614 9575 14515 8101 1074 12613 12616 12617
5256,4714 12601 11202 4718 4715 4719 13969 4713 13974 13975
5257,8545 2636 12316 8543 8544 8508 12601 1343 7753 12313
5258,12274 12182 13608 13432 12275 8757 13424 2805 13433 13609
5259,13946 12648 2789 14234 11472 13071 12310 13073 13072 11426
5260,5332 6788 6 7701 2567 5331 3482 7702 10080 11268
5261,13974 2567 4909 6788 14779 10872 13969 14463 13975 10080
5262,14399 9896 10057 4834 10322 6094 10058 3113 7687 5349
5263,5565 4644 8634 4642 5566 4643 9083 5563 5564 4647
5264,8759 13486 11211 13916 11543 14798 12069 12066 12614 6136
5265,6101 6102 6100 6099 13996 7556 9025 9566 13997 14781
5266,2611 2612 2610 2613 4059 13451 8629 12268 4058 3274
5267,13059 1166 404 2820 3464 405 1535 2742 12426 3465
5268,2614 1529 13731 13578 2742 2820 3465 5998 1532 3464
5269,2614 3465 1323 2742 2820 13578 405 1532 1166 5998
5270,13326 2614 1532 405 14457 4515 14079 2742 13333 2743
5271,13708 13052 405 5998 11112 14053 2742 2614 2820 1532
5272,10730 2820 2614 13650 407 2817 5998 8727 13628 6868
5273,1165 1535 13323 1325 4330 2742 1166 2820 14326 405
5274,405 12826 11403 2820 1323 14512 12475 1535 2742 1166
5275,14800 2614 7249 13854 8731 2742 3465 2820 1532 5998
5276,405 1166 1535 13186 1475 2820 6113 2742 8892 14309
5277,1166 8526 1165 12426 2820 8727 2817 2742 3464 405
5278,14801 2820 405 11052 12426 1323 13332 3464 1166 14912
5279,1165 11112 6989 2742 1532 2820 2741 2614 1166 13327
5280,405 13201 11112 2822 6351 2820 2742 1532 1535 2614
5281,2741 1165 9784 2742 2743 2820 1166 1532 6996 13327
5282,2820 2742 12426 13232 13202 2822 1535 1529 13518 13201
5283,2614 3465 1323 13352 2742 2822 2820 405 13578 1532
5284,14599 13346 13347 2820 11051 13005 13323 13717 12426 6001
5285,14802 13245 13730 13128 14308 13357 6350 8831 14124 9115
5286,2742 2820 2614 1166 3465 13327 404 8732 2816 1165
5287,2742 1532 5998 2614 2820 3465 2741 405 11112 13327
5288,5998 13315 12905 1527 2959 7917 14007 12906 2614 2742
5289,2742 12742 2820 13661 13327 2614 1165 2815 1166 3465
5290,13325 2742 1165 13327 13659 13235 2820 1166 11046 10160
5291,2820 1532 405 1165 2742 11899 8301 1166 2614 12426
5292,2820 1166 403 404 13625 12426 9791 1165 2742 405
5293,2742 1532 2614 2820 3465 1165 13327 405 11112 1166
5294,2742 1532 404 1165 12426 9791 2743 2820 13187 1166
5295,5998 404 1535 1166 13187 2742 8730 2820 405 12426
5296,6416 2741 1166 1165 4515 2742 2820 3464 13327 405
5297,14803 12070 11111 11822 4514 4791 6990 13321 4329 6941
5298,2741 6416 5998 2742 2614 12425 15152 13561 1529 2820
5299,1166 405 404 1532 12426 13188 1535 9794 2820 2742
5300,13727 14804 10260 8828 14327 2614 3465 13672 12426 2742
5301,2820 4516 1475 2742 12426 1166 2614 405 3465 1535
5302,13336 1532 405 12425 9784 2835 2820 2742 11112 2614
5303,14805 13315 12820 12854 8362 11555 10056 11231 14323 12905
5304,2741 11112 9784 14806 13333 1475 1532 2742 2820 2614
5305,2741 2742 2614 1165 5998 12425 6416 12426 13561 2820
5306,2741 12425 2742 13561 2614 5998 1165 12426 6416 13336
5307,2741 5998 1529 12426 4516 2742 2614 2820 13578 6416
5308,14807 405 1323 13562 1168 2820 2742 1166 2614 12426
5309,1532 12426 13188 11754 8828 2820 404 2614 2742 3465
5310,13315 12905 8362 11555 14805 12820 14323 12906 12854 12903
5311,2741 6352 2744 2742 13561 2614 1165 4515 3465 5998
5312,11041 12748 10062 8057 13834 11219 11218 3878 7045 10063
5313,14808 538 4840 2811 4844 536 6820 2812 529 4839
5314,14808 538 529 536 4844 6820 531 532 534 4839
5315,12885 11355 11288 12035 710 12036 11353 13593 7208 10863
5316,6789 14045 14809 14043 11824 7824 14046 13342 14031 11635
5317,12885 13593 7208 10092 11270 11355 13591 8376 9936 11288
5318,14808 6820 4844 538 536 578 9656 531 532 4839
5319,5998 14007 10127 2742 2614 14323 15152 2741 5189 405
5320,5744 5325 10432 11953 12822 9467 9773 11069 10211 49
5321,8479 6005 12666 12667 13753 11480 12516 12087 5750 10566
5322,2614 12905 14196 12906 2742 3465 2820 1532 5998 13409
5323,14590 2614 8110 8108 3551 2742 3465 2820 1532 5998
5324,14180 5998 14330 14195 13409 12820 12821 11098 2614 13315
5325,3771 5036 12101 8993 5357 692 14693 11711 14517 14426
5326,1617 1618 235 1622 234 1621 1752 9694 1619 3044
5327,11790 12962 12961 10180 14322 9667 5177 10064 10191 8484
5328,12823 6129 7486 9533 14154 15036 10059 13782 8986 2243
5329,11871 5615 14127 4753 11397 10124 6231 5229 11872 7684
5330,2614 5998 14180 2742 15152 3465 2820 13578 1532 1529
5331,8111 13308 13989 13990 10130 3400 10064 8381 2891 13331
5332,2820 14811 2742 1166 12426 3465 405 2614 14812 1165
5333,6380 1575 985 2764 3372 2685 7183 6342 4324 7195
5334,14813 5208 14814 3831 13121 5220 4979 5214 5213 1477
5335,14815 14816 14817 14818 9776 13589 6224 14679 11854 12990
5336,14540 7231 14541 8075 7232 8434 5634 12309 7233 5740
5337,14819 9620 8047 1935 10494 14574 11278 11280 11279 11281
5338,10407 14034 14317 9958 11429 12366 13400 13072 11688 6818
5339,8518 7518 7809 11132 7996 6838 11862 6103 6152 4809
5340,6264 8940 548 2457 2855 5881 4944 2100 14185 4497
5341,8440 13126 13604 3245 7687 14253 12150 3882 7860 706
5342,14307 10715 14163 14875 52 14100 1351 15274 15273 740
5343,3891 1297 6210 1299 4045 8521 9517 7583 149 2411
5344,14709 7945 11049 14710 12886 12269 11865 11189 8576 8944
5345,14820 8186 8187 3986 545 2080 3127 5947 10340 10234
5346,625 5088 7863 482 178 2479 8522 13517 9296 9144
5347,5677 11835 13654 8688 6011 7523 13762 13798 13763 7742
5348,5401 6391 7155 10781 6388 5402 6392 9867 2507 2587
5349,12717 2807 9367 6053 4914 7504 4180 1028 2133 3556
5350,14147 10561 12085 476 13214 6090 3004 14148 13215 10560
5351,1374 4406 8504 8195 2548 9582 5989 7734 5078 12857
5352,11405 14200 14136 14512 726 14591 11403 11402 13286 692
5353,14821 14822 14592 1605 15252 10115 11731 10833 10834 9106
5354,383 13766 4360 7250 1169 14115 4759 12253 13600 5070
5355,14161 6399 12165 9263 6395 9857 7087 7801 286 12387
5356,9682 9805 12566 11143 14009 13893 5351 13838 12564 10263
5357,12850 13885 13616 1558 11366 9324 9323 12858 9830 13278
5358,14827 8873 14825 14826 13587 14824 12875 14997 13940 14578
5359,11729 6785 5255 2729 3091 6498 8045 11728 11730 5197
5360,692 14145 11405 14136 11366 14512 14591 11403 11402 11188
5361,13277 5689 8541 11799 14464 13276 11598 12332 1011 4401
5362,6362 1778 1319 4060 1321 1317 1320 6363 6361 1779
5363,6614 6227 11977 14730 14731 14028 4749 3579 12254 9555
5364,7966 5224 12966 9044 10076 8009 6075 6021 13353 5965
5365,11384 5757 12603 5758 553 692 14889 14964 14205 12605
5366,5690 2996 12209 3072 9850 14072 12210 9194 13785 1001
5367,6537 3665 11218 11219 12748 2650 11217 6245 14206 12536
5368,13547 2590 11764 11765 11763 3765 10244 1283 1278 2413
5369,726 13804 11405 816 14512 13806 13807 13852 9106 8590
5370,7719 14674 6589 14470 15260 14886 9143 12035 6766 14490
5371,3270 3271 3272 5740 6872 2794 174 3269 7118 11373
5372,11306 11315 13559 14638 13558 14861 14859 12626 8374 14860
5373,11692 10892 12694 11212 11693 8887 14118 2137 11773 2725
5374,14813 14814 5208 13121 9829 13699 7199 13631 2851 11114
5375,10741 13074 1880 14434 1948 451 14011 4451 6868 14576
5376,12625 11858 12624 9559 13427 6795 6797 4594 4652 9110
5377,14829 14148 3864 14147 7489 5180 11120 9789 3862 7659
5378,14830 13281 13718 8675 14062 6774 7018 9556 12889 9825
5379,14832 14831 13144 3868 9545 5572 4905 11266 4991 4638
5380,14394 8978 11359 11077 1925 11622 6589 1267 9696 4343
5381,11405 14224 5514 4861 7875 14512 14136 14952 14591 8696
5382,10011 14834 14833 14436 11400 5709 12986 14667 14143 5788
5383,58 11126 14163 14980 15285 14605 14604 8999 14824 14742
5384,726 8562 11405 14512 8561 9106 13852 8590 14996 13804
5385,611 15020 10893 9781 14680 618 3213 10421 11092 1621
5386,14522 731 14094 14095 15026 577 13729 13728 584 5569
5387,8145 4417 11760 9963 14959 12474 10821 9964 4418 10233
5388,7730 4524 9188 10648 174 14266 4530 4529 9910 5299
5389,6622 11310 3955 10414 5383 14489 8372 13892 11322 14714
5390,14101 14836 1559 12707 14167 1556 12236 1555 7544 1554
5391,14838 3457 13139 6604 14366 8399 12528 7256 13838 14913
5392,13937 699 15059 692 13930 13388 12689 15069 1394 14930
5393,12520 12683 14171 2839 14065 12679 5399 265 10253 12300
5394,14839 14686 14841 8999 653 9830 13388 14639 14840 3753
5395,14542 4126 7946 13479 15171 5337 7711 4125 4129 12326
5396,13547 11763 11765 11764 11021 2590 13549 11152 13679 10869
5397,14843 14351 106 14449 14350 14349 3093 14404 740 3092
5398,14844 13008 10731 5570 13039 6721 14021 936 13314 8316
5399,4516 10523 6417 3465 15257 10525 8709 1532 2614 2742
5400,13697 2391 4463 8112 680 2046 11883 14057 10865 14132
5401,11365 11188 6105 14145 4053 7395 10084 6824 5324 2593
5402,13491 13494 13495 13507 13497 13505 13502 13510 13503 13496
5403,12545 14845 14737 3813 13679 14846 10216 14724 11303 3265
5404,3428 14847 6435 12892 5249 13403 12893 1523 6531 3429
5405,2116 11974 7763 13041 3180 9050 1881 5493 326 656
5406,1858 1354 1859 7546 10461 9192 15195 7554 1916 12551
5407,3955 131 3149 1384 1333 7182 12387 1957 8591 6468
5408,3717 730 11977 10728 8397 4350 4553 12341 2254 198
5409,11405 14478 14848 14513 14706 14960 14136 14512 14885 14591
5410,14849 771 9223 13190 15029 8189 6206 9056 12689 14210
5411,14850 14555 14851 9510 15288 14852 14560 9054 5777 12861
5412,8325 12137 14221 14734 1471 13847 14738 3542 2410 12800
5413,14853 311 9023 645 9028 9101 10233 14076 12977 14205
5414,14329 14854 6270 8408 13018 10484 14482 13132 14526 14970
5415,14070 8999 10786 9053 15148 15248 14690 9054 14163 7121
5416,1295 5836 1766 4867 2471 1419 1871 1299 1285 12185
5417,14856 14855 6816 4928 38 3453 9142 1763 3292 6977
5418,8053 3641 4909 3619 7320 4891 7561 3236 4580 2567
5419,1222 6483 12928 12927 4358 7936 11407 13905 11005 8605
5420,4138 9192 1779 4036 8541 7065 1916 7358 1320 1319
5421,10440 12429 14857 12805 11735 11476 8689 466 5364 6904
5422,14734 8958 851 7477 383 2859 7480 709 5976 578
5423,10227 7361 8651 3696 3139 1242 4206 11168 12166 4209
5424,5689 8541 11799 13277 14464 11598 12332 1011 4401 8540
5425,12156 3887 10701 13887 3665 15120 2265 12157 12154 14235
5426,14859 14861 13559 14860 11306 7876 11315 13558 7875 14638
5427,13627 14465 14168 8860 5369 11948 14466 15008 11737 12837
5428,14864 7209 14863 11769 10063 9615 10062 7204 7203 7208
5429,13276 13737 2681 13277 14458 10798 13685 10095 11186 553
5430,6863 8427 5335 7777 3020 10210 9203 9946 7772 15128
5431,14869 14870 14868 14824 12434 14866 12019 14163 14867 14865
5432,14872 14871 4380 1452 4381 4383 4382 3690 3697 2057
5433,3093 1332 6306 7580 8560 3092 106 9509 5817 11198
5434,14873 2835 13949 1078 4960 4881 14946 11217 13336 5521
5435,10168 7336 7164 14046 14276 14208 15108 9131 982 6821
5436,14875 3055 10715 14100 14307 52 716 15274 15273 14702
5437,11124 5759 14733 9116 9522 14361 8324 5758 11125 5757
5438,2304 2081 9429 2079 9081 4515 5607 7686 13340 13338
5439,6143 1443 11017 11843 6211 1969 162 579 3188 8877
5440,14185 14190 14189 14186 14188 14191 14187 14184 14133 14192
5441,11887 8770 14437 12523 12142 4151 14040 11984 12522 13639
5442,5437 7305 5041 139 870 7974 4325 476 6860 575
5443,2814 4514 5190 408 13635 14877 3465 1529 8808 15210
5444,8110 1909 13908 8108 14590 9763 8109 3551 9762 9761
5445,14878 13825 7767 2225 3123 2962 9050 12669 6444 6378
5446,6754 8056 5664 10338 922 11685 13256 4744 10346 13620
5447,1475 14844 2820 12535 5345 6933 13008 11524 8892 11880
5448,11734 9197 9947 14001 8012 10982 133 4182 859 8184
5449,6663 14734 10329 5664 10784 2186 5134 2122 5021 5911
5450,14258 11456 13865 13193 14121 11452 11454 11457 11451 11449
5451,3253 5001 7348 10019 6968 6688 385 7799 56 1503
5452,13910 1534 13269 14879 4516 2614 2741 13561 5998 13202
5453,2137 8240 1036 11212 10892 8239 7524 13839 3421 1035
5454,10229 5199 13942 13980 10157 5201 14723 2989 13220 10444
5455,14880 8534 8361 6337 1237 6986 5935 5929 6341 8362
5456,8802 2084 111 2083 2085 11061 14605 12711 14604 4423
5457,12748 7748 2811 11529 7224 2812 15120 7228 9423 11219
5458,1311 2828 14845 3263 2829 12387 14886 13220 12388 1307
5459,3398 1161 506 9591 1943 12602 7152 1501 2796 11165
5460,7264 13879 13716 9892 10560 14752 13131 13770 9895 716
5461,692 14136 693 11405 7457 11366 14208 11402 14366 14383
5462,1011 10192 4138 4036 3442 10072 9751 14267 4035 13590
5463,13843 13029 1521 4709 7744 607 5354 6486 14692 5983
5464,11772 13404 1124 7342 12948 6761 5708 11357 11358 284
5465,7124 13912 9054 8999 14555 13587 3921 4426 14559 53
5466,13440 14884 6355 14882 13693 14883 13166 14881 6572 7219
5467,13892 6622 14885 13893 6685 14889 2979 2108 908 14706
5468,14886 13220 13696 8144 1311 12351 10052 10157 13217 9806
5469,14887 257 14688 12574 14417 5920 7177 12134 6094 256
5470,9056 8588 14080 15287 14891 3906 14430 14605 15072 14604
5471,10911 13212 4229 6260 14546 14762 13556 13557 10912 11273
5472,1618 1617 234 235 12766 1619 12178 14261 1620 873
5473,3665 6484 10679 1852 8454 6537 12536 14268 5923 6476
5474,11405 14889 14208 14136 11402 14512 11403 692 14591 726
5475,12178 14063 5974 3595 9273 1565 1564 10372 10373 10371
5476,231 7940 13950 1837 4851 5157 6170 5638 229 1352
5477,14588 1936 1268 14890 8356 7106 6070 5249 12081 6692
5478,8581 14891 8588 9056 12065 14430 8579 8583 14396 7110
5479,4515 3046 4516 5193 8826 5852 14892 8491 1532 2741
5480,9957 7940 11227 10982 1352 5157 13766 14001 4068 1178
5481,2448 182 7915 7697 176 8705 7696 769 879 4757
5482,13388 11126 3063 11914 4153 14840 14839 14686 14841 14543
5483,6055 550 2782 3341 1416 11819 8223 2460 3338 5274
5484,4964 7583 5896 4073 5895 4752 9228 14556 2277 10954
5485,626 5377 5250 9365 8397 7544 4966 13479 14167 615
5486,14893 4861 4961 7875 14874 14983 14982 4871 14903 14224
5487,3993 2415 4351 3662 1734 8028 10672 2201 7430 14504
5488,14689 10384 14688 14543 5595 6836 8272 15254 14914 14905
5489,10012 14771 14045 11427 11042 10456 4656 9770 10230 1544
5490,14894 7953 6766 5261 11296 10522 15073 7719 12196 9143
5491,7937 8081 1847 14508 12338 14860 6785 7106 14616 7948
5492,9323 9973 12860 9387 9380 9324 1558 9830 11907 12858
5493,4138 7065 12656 10754 3667 4132 4687 1354 1719 7554
5494,14334 14862 14742 714 3152 11308 14984 14654 11307 8581
5495,13401 1812 3928 6974 1807 6861 11301 11904 1083 2101
5496,420 8464 8577 1504 14113 6853 2121 3195 1641 14142
5497,4426 6785 15045 15263 15118 13016 14163 12566 7124 8999
5498,14498 14897 5266 14497 11366 13885 5170 202 3126 10434
5499,3019 2203 14100 7121 11313 52 8474 10651 14875 76
5500,12491 1445 4544 11768 12720 6778 3460 6703 11913 1099
5501,14900 13609 12266 3722 13608 3721 1956 8902 6874 8085
5502,611 9955 10372 10373 1622 10371 1621 3595 1620 383
5503,626 14699 4966 949 14452 5709 7302 13479 3548 5113
5504,14901 13050 8525 15086 14214 14213 15169 14209 8020 692
5505,14425 14463 9011 3840 14202 14505 14933 13974 4356 8423
5506,10865 8184 680 15199 12020 14955 7229 859 8187 14304
5507,14904 14903 11310 11630 14971 14985 14580 9424 9056 692
5508,10412 13428 12901 10875 5640 2435 6710 3678 2920 14469
5509,3365 27 2324 12005 14261 2750 2428 2309 12004 3214
5510,8581 14430 9299 14891 8588 14933 9306 14862 13977 12689
5511,11124 7438 3885 9522 9116 14361 11125 3798 14240 14733
5512,7643 14905 9970 5608 7649 1127 14914 9056 15254 14517
5513,14906 14907 740 15190 363 14979 3615 8143 4400 15154
5514,14908 14909 13521 14004 14441 14944 14942 8428 13520 13606
5515,13936 11550 12320 13805 6216 13807 12847 467 13806 13804
5516,10715 14690 14702 52 14875 14100 1351 9935 14307 8474
5517,9459 3476 611 839 14261 14063 871 3962 2764 5811
5518,12546 1677 10111 1183 15128 5882 1184 5483 8695 8427
5519,14911 11977 4656 10604 2982 6288 6793 13904 4657 11659
5520,14092 14163 14550 9511 14865 14687 7115 4841 15075 585
5521,13207 7663 10496 14193 14528 14858 9964 13266 1379 2914
5522,3055 11126 9957 13626 14875 8369 8999 1367 15247 53
5523,11366 14496 9026 13885 6196 15175 5267 12850 14491 14486
5524,11366 13885 14479 5266 12850 5267 14491 14488 14486 14485
5525,11366 14497 5266 14486 14574 13885 14498 14485 14491 14479
5526,726 11189 13956 8988 11405 14512 13488 14673 9172 13852
5527,11366 13885 12850 14477 5267 14486 692 5266 14479 14481
5528,14912 14801 8429 13923 7442 13332 11052 11899 1525 14122
5529,11366 14498 5266 13885 14497 14897 5267 14485 14486 12850
5530,13885 12850 5266 11366 5267 14488 14480 14479 14491 14498
5531,14461 13933 11739 6764 13370 14462 14460 13183 8871 2652
5532,11366 12298 13885 14497 12850 14498 14488 14137 5267 5266
5533,14488 11366 13885 12850 5267 14479 14130 14500 5266 14131
5534,11366 13885 8609 12850 5267 14477 14486 692 5266 14479
5535,11366 13885 12850 14477 5267 14486 692 5266 14479 14481
5536,11366 692 3857 7643 12297 7649 13885 1127 3429 3428
5537,11366 13885 12850 14477 5267 14486 692 5266 14479 14481
5538,11366 13885 13928 14477 12850 5267 4962 6750 14486 1352
5539,11366 13885 12850 14477 5267 14486 692 5266 14479 14481
5540,11366 9424 13885 12850 14477 5267 14486 4176 692 14222
5541,10441 14645 8335 14646 12576 5780 5384 8112 14316 5385
5542,13885 14491 12850 11366 14486 14479 14480 5267 5266 14488
5543,11366 13885 12850 5267 14477 14486 692 5266 14479 14481
5544,11366 14913 10591 13885 12528 14486 13056 14477 5267 12850
5545,11366 15150 13885 3828 12850 14477 5267 14486 692 5266
5546,11366 14479 692 13885 14491 5267 14486 5266 14477 12850
5547,11366 13885 12850 14477 5267 14486 692 5266 14479 14481
5548,13885 14480 12850 11366 14130 14488 14923 13897 13896 8042
5549,13885 12850 9424 14222 11366 14488 14131 14480 13895 14223
5550,11366 13885 12850 14488 5267 14130 14479 14500 14131 14480
5551,692 11886 11260 11366 4746 7874 14136 4745 8250 11405
5552,11366 692 13885 14477 14486 12850 5267 14479 14491 5266
5553,11366 12850 13885 5267 14130 14500 14477 5266 14486 14480
5554,11366 13885 13895 14486 692 12850 14491 14479 14480 14488
5555,11366 14913 13885 12528 14486 14477 12850 5267 692 5266
5556,11366 12850 13895 13885 14222 5267 14130 14131 14486 14500
5557,14222 7876 7875 14223 14859 13885 13895 14415 5518 8374
5558,13885 11366 12850 14131 14222 14130 14480 5267 14923 5268
5559,13885 14500 12850 11366 14488 14480 5267 5268 14131 14130
5560,11366 5266 13885 5267 14486 14485 12850 14479 14477 14481
5561,11366 13079 14489 13885 13392 8335 2439 5383 10441 14477
5562,11366 13885 12850 14477 5267 14486 692 5266 14479 14481
5563,11366 14479 5267 13885 14491 5266 12850 14506 14486 14477
5564,11366 13885 12850 14477 5267 9473 14486 692 5266 12838
5565,11366 14486 13885 5266 14481 14491 14485 5267 14479 14499
5566,11366 11359 13885 6761 12162 9239 14477 12850 5267 14486
5567,11366 14481 5266 13885 14499 15176 14486 5267 14485 14479
5568,11366 13885 12850 5267 14477 14486 692 5266 14479 14481
5569,5267 5266 11366 13885 12850 14479 14491 14506 14486 14485
5570,11366 11260 13885 12850 14477 5267 692 14486 5266 11886
5571,14153 13968 13566 12748 14181 14006 13207 8122 8123 8127
5572,11366 13885 12850 14477 5267 14486 692 5266 14479 14481
5573,14915 7526 6658 6657 5179 2282 6667 12484 1594 2286
5574,11366 13885 11359 4350 14477 12850 5267 14486 692 5266
5575,11366 13885 11893 8405 12850 14477 5267 14486 692 5266
5576,11366 5267 13885 14479 12850 14506 14491 5266 14477 14486
5577,11366 692 13885 14477 14486 12850 5267 14479 14491 5266
5578,11366 5267 13885 14479 12850 14506 14491 5266 14477 14486
5579,11366 13885 12850 14477 5267 14486 692 5266 14479 14481
5580,11366 13885 12850 14477 5267 14486 692 5266 14479 14481
5581,11366 14477 13885 5267 12850 14486 692 5266 14479 14481
5582,13885 12321 12850 14490 11366 14488 14480 14417 5267 5268
5583,12485 2604 2605 14402 2837 6799 10836 5349 4659 14401
5584,14137 14497 11366 14498 12298 13998 13885 3815 14136 14574
5585,11190 14790 7244 3886 14276 15108 14694 14539 14693 13114
5586,11006 8143 11007 8034 11005 11564 14970 6621 6623 4753
5587,11405 693 14136 11403 692 14512 11402 14591 726 13286
5588,14204 625 13183 6606 6605 14846 9258 14581 12545 13517
5589,11711 3771 3486 10508 13282 9412 13556 9406 14545 12391
5590,14916 14917 14032 14918 14919 6334 5180 9789 12363 6335
5591,13388 11126 3063 11914 4153 14840 14839 14686 14841 14543
5592,169 2346 8550 9703 149 8674 466 165 9277 686
5593,14167 12236 7544 1559 9365 10443 10444 8397 12858 626
5594,14920 5919 9209 9890 13507 13499 8708 6078 9889 8913
5595,11260 6849 11143 5351 11886 10506 14055 8605 13742 10195
5596,4350 8407 512 10495 15009 3428 13312 3429 8421 14910
5597,14921 9144 7109 12803 9143 4756 625 5552 7697 2067
5598,6537 3665 11218 11219 2650 10701 12536 3887 7264 2652
5599,14486 3771 11366 4575 4741 14491 5266 14481 14499 14485
5600,739 14852 15147 15230 14555 14306 9054 3790 6676 7491
5601,14307 10715 14163 14875 52 14100 1351 15274 15273 740
5602,6785 366 14429 12850 12321 12566 6244 8575 13640 12787
5603,14923 14476 8272 12390 14493 12065 14891 12876 14475 7632
5604,9054 7124 14555 8999 13912 13587 3921 14166 14306 15079
5605,6079 14926 7711 8473 2262 1301 4033 2049 15009 12497
5606,2834 11084 14129 4711 13699 14982 14983 14874 5405 13342
5607,5170 5172 5163 10615 12554 9472 7543 11391 11390 7254
5608,4474 10183 5113 4074 7977 2200 8037 14953 12838 14613
5609,4474 876 12670 994 12669 11090 12537 3579 14227 7954
5610,14449 14927 14843 14555 14404 13216 13993 14500 13112 14976
5611,13168 10670 2687 14386 10460 11957 2951 7255 3793 6319
5612,14163 8999 15233 58 14391 4426 14866 14865 14307 14668
5613,4426 9055 15045 15263 14088 15118 13016 13587 7124 8999
5614,908 9299 12264 6170 6181 6622 13892 14430 9682 399
5615,8581 10897 14928 9423 14891 8588 4552 14430 14862 8009
5616,14929 14427 12513 3021 9052 14930 13134 14166 15244 14931
5617,14449 14404 14843 14927 11366 14351 14555 15228 8377 106
5618,14396 8581 4191 14709 14933 14162 1396 747 15118 7050
5619,14924 14936 13455 6992 12584 13410 8810 3400 1533 2743
5620,9054 14824 14555 7124 8999 14165 14166 14827 13587 78
5621,8999 7124 4426 15045 15263 13912 9054 15148 3921 15118
5622,685 11259 14937 14396 169 1701 10507 14637 586 15244
5623,13208 11654 12012 7115 13191 10909 10106 8782 7509 2932
5624,14939 10321 4758 14391 5037 8748 5523 1619 12086 3906
5625,14910 14699 9278 14709 2595 10690 5137 15009 14926 14299
5626,7632 1845 8282 15189 5783 10255 12876 8272 6247 14165
5627,3471 14552 14557 14550 3470 611 14560 3469 618 14553
5628,14940 7848 10833 7849 10834 14822 14592 10115 14821 6202
5629,14163 58 11737 7115 1485 1493 14466 1489 8999 11059
5630,14941 14162 5581 4191 3793 13752 14475 14904 794 12388
5631,14942 13521 8428 14705 14944 15193 14706 14972 14908 14068
5632,14943 14536 14067 14537 13646 2630 12850 15288 12700 3220
5633,360 6836 11027 4336 2742 2820 14524 2614 11026 1532
5634,12784 14742 14334 15088 8050 9296 12620 58 625 14862
5635,14853 645 14997 11406 14986 7049 8780 9228 311 9023
5636,11401 1523 11135 12640 11398 3064 11400 11399 11402 3068
5637,14946 11784 11779 12342 8985 709 10638 6562 10333 14873
5638,9960 9373 14947 9374 7234 9959 3392 9238 9958 9814
5639,13935 14672 13585 13488 14673 9172 7768 14671 13956 1831
5640,7229 13033 5726 15199 9486 14132 11932 14694 10865 14538
5641,14484 4028 14482 6270 8340 1539 1784 2283 12538 5259
5642,14673 11577 8833 13488 9172 14672 14671 13956 7342 8834
5643,714 10820 14984 8054 14334 3152 11473 13699 14417 7124
5644,14948 14435 12700 999 15288 12815 12772 351 15182 4131
5645,14452 10124 6836 13335 6489 14127 7384 12989 14691 13753
5646,6761 1379 9239 11358 11359 9292 1380 15186 4971 9392
5647,10679 650 11812 405 10680 3288 14084 10963 648 649
5648,11366 13885 14491 692 12850 14479 5267 14488 14486 5266
5649,14949 12950 12828 14691 13577 11709 12173 12371 6613 8829
5650,14950 14388 14951 14455 14456 7700 14387 12494 15009 14706
5651,4426 15045 15263 13016 15118 14163 7124 8999 9055 6785
5652,14952 10381 2319 14341 11424 14224 11235 3811 14157 5107
5653,4426 769 8935 2290 4090 4777 4175 3221 3930 15045
5654,14471 3055 14714 14483 13430 15129 11390 14429 11391 11322
5655,13836 14224 9583 14952 2598 14222 14223 13795 14157 5107
5656,14952 14224 5107 14157 14159 7581 14158 13836 14223 14222
5657,9430 160 4738 6003 6128 2597 14381 14970 13907 14329
5658,4426 15045 15263 13016 15118 14163 7124 8999 9055 6785
5659,14129 11084 4711 14382 5405 15097 11932 13855 10060 13320
5660,337 1292 4536 6068 13631 13714 10666 14061 14060 14059
5661,14953 23 10183 1880 15185 11192 8189 10654 5621 14144
5662,5107 14952 11668 14224 14157 13430 7109 3751 5108 5101
5663,14921 7109 12803 9144 7013 14445 7110 6196 5107 13430
5664,14695 11213 5465 8348 14621 7487 3117 8863 2753 14620
5665,14574 14705 10238 14942 14819 14706 14497 8428 14575 13521
5666,14954 14955 10566 14393 6135 10865 9553 12020 15108 10968
5667,11405 13286 577 14094 14136 14512 726 14591 11403 11402
5668,8866 14505 2128 3840 14425 12254 14202 14933 12164 14671
5669,5026 9490 10743 15044 14280 14432 10797 5624 9030 15185
5670,14864 9615 14863 7209 9616 9139 9363 7439 1917 9618
5671,14157 14158 14304 8734 12032 14159 7581 14160 1131 14952
5672,10865 14304 12020 919 14955 15199 14393 14646 14848 14960
5673,1885 8323 5572 13532 8324 1958 4701 11968 1882 7349
5674,14932 3261 1311 3259 3263 3260 5287 4357 3262 9543
5675,14957 14958 3720 434 15070 13627 3986 14652 8959 6984
5676,14390 12281 2405 4121 4313 9704 6725 693 4937 13266
5677,1746 13888 6118 1938 9652 2908 4358 1747 1748 342
5678,13424 13432 11221 14462 13532 12964 13433 13608 8075 5521
5679,7229 14132 6610 15199 14527 9486 11398 11932 13637 14694
5680,14790 14276 8237 15108 7336 13257 13810 14777 7444 7642
5681,11366 13885 12850 14477 5267 14486 692 5266 14479 14481
5682,14205 14460 9590 7126 14462 14461 14889 13183 5351 11221
5683,3068 3064 11401 3065 3066 3067 1523 8735 8734 11135
5684,11405 14136 14704 692 11402 9989 14512 14591 726 11403
5685,13838 14009 9805 9682 12566 13893 10263 12340 13892 11143
5686,692 14205 10233 11366 8145 14889 14853 9963 311 14136
5687,692 11366 13937 14136 8250 11405 15196 14491 14208 693
5688,11701 11702 11232 1926 3781 11700 7962 12303 8373 9275
5689,14227 2986 6105 5708 8979 10214 74 11365 14691 5670
5690,14637 14823 15196 692 14612 14559 10507 15079 11259 5986
5691,14873 14946 12779 14424 5519 2835 11784 13570 13949 4960
5692,14848 14960 14961 14304 14706 12324 3801 13943 14646 14478
5693,12950 14949 14691 12828 14492 11397 5708 6489 5788 10478
5694,6476 6484 5923 6485 6622 13653 9841 1864 12082 11780
5695,14962 14963 7664 4958 10615 11652 4959 11229 10655 8177
5696,13892 6622 6685 14885 12567 13893 2979 14889 6257 2108
5697,13838 692 12778 12340 13895 14366 13215 5521 14472 14213
5698,5514 12009 12059 4968 7457 12386 5515 15163 12011 5513
5699,14069 14202 8423 11428 4968 7964 3840 12009 14425 14505
5700,5514 11956 12840 8452 10157 5515 15163 13221 5513 10305
5701,14472 5521 13838 11221 2835 692 13424 6608 14208 12340
5702,11366 692 13885 14477 14486 12850 5267 14479 14491 5266
5703,692 14964 11384 11366 8250 14572 14136 14379 14380 14889
5704,692 14136 13838 12340 11366 11405 14208 14366 8250 693
5705,692 14136 11405 6803 11402 11366 14208 14512 14591 693
5706,14426 13949 11217 14524 13053 14873 8434 4960 3771 14490
5707,13892 6622 908 14885 13893 6170 14889 2108 6685 6181
5708,8326 14729 14091 13004 6909 5273 10169 3602 14090 3511
5709,692 11384 13183 7663 11366 14462 14964 14528 14136 13182
5710,4968 12009 14202 8423 12011 12386 14069 3840 12010 14203
5711,14366 692 14838 13838 7256 693 6604 14136 12340 11366
5712,14858 5215 4884 187 3319 6300 5217 7561 9964 4636
5713,692 5521 14472 14208 6608 12557 6312 11366 13838 14136
5714,13673 12333 9961 13647 14956 12385 12741 14169 14013 12611
5715,14208 1701 692 14136 11402 14889 11405 6608 14452 13182
5716,692 14208 13838 5521 6608 14472 14136 12340 11366 14366
5717,8581 14102 714 4934 8272 5734 12031 1652 1647 7875
5718,8233 1680 12161 8234 7978 6629 12888 3118 10269 6540
5719,6622 6620 7936 9614 13892 2337 710 2108 11047 15026
5720,14615 12392 14968 14579 12391 12390 12389 11354 10565 6852
5721,7940 6183 8114 13961 1700 14885 1846 1352 4068 14146
5722,11221 7528 9226 6494 13191 10836 6495 13424 9841 6543
5723,7782 11172 12090 12089 12088 7781 6844 7780 6327 8339
5724,14528 7663 11786 13988 8992 8268 7664 2591 14527 13987
5725,4700 13359 13378 6487 11642 7328 12965 13828 6493 3847
5726,14885 14706 8114 6183 14705 13892 13961 14848 14960 7940
5727,14960 14706 13943 7740 6183 14848 14961 14885 14563 14705
5728,11384 13838 14205 9965 4046 9551 14889 692 9963 12340
5729,14531 7660 14065 12519 13405 13368 5614 13530 13280 3719
5730,14663 9249 14057 11289 372 191 682 15265 8075 13697
5731,9106 5383 9594 14489 726 11405 11424 8335 14592 11366
5732,611 6083 12872 9594 13675 13674 10893 15020 11424 14914
5733,3055 11424 11126 9594 14984 13388 15285 15069 1367 859
5734,14579 8190 11959 13056 14615 15189 315 14503 13513 12966
5735,14733 8351 7320 5759 7398 11124 618 9221 14419 5621
5736,383 4726 118 2956 117 611 8591 4759 10383 5004
5737,7012 9228 4964 5896 11654 4073 5895 14227 5897 4710
5738,7844 2957 6768 11367 7842 7843 14447 14165 3500 15069
5739,12574 5678 14606 14971 5676 12298 14887 14903 5675 12134
5740,14969 7183 4279 12541 10625 11967 4339 5914 2685 1575
5741,8702 12483 1988 11932 8701 14220 14284 1028 4805 8058
5742,5972 7170 12633 15191 14509 14526 14719 14854 4383 13018
5743,14538 14973 12850 14938 14264 14415 7229 14222 14223 13623
5744,14538 12850 14973 14938 14264 14415 7229 14222 14223 13623
5745,14068 14972 8428 14944 13521 15193 14942 14705 14456 14974
5746,726 11405 14512 9106 8590 13852 14996 13804 8562 14199
5747,14538 14973 12850 14938 14264 14415 7229 14222 14223 13623
5748,14538 7229 14973 14938 12850 15199 14264 14694 11932 14415
5749,14142 13831 8577 15132 14524 14490 14417 14674 14426 618
5750,14538 13623 6071 14973 14938 12850 14264 13622 6072 13624
5751,14538 14222 14415 14223 14973 12850 14938 14224 14264 14610
5752,1616 8425 10423 1615 1605 8423 8414 1599 1598 1597
5753,14542 5337 7946 4126 14497 9867 14819 14994 14574 6202
5754,14513 14610 13420 14277 14478 8547 14848 14223 14204 10266
5755,14163 14523 1697 8999 14974 1695 15233 14391 8189 14204
5756,10715 1655 8298 13584 14690 14702 14875 52 9935 5384
5757,611 14538 14973 14938 1621 14264 15020 1622 1618 12850
5758,14974 1697 1904 1695 14975 8189 14523 1694 8459 8428
5759,14974 8428 14975 10608 14944 15193 14972 14068 13521 14942
5760,13764 14976 12134 14593 12024 11575 1754 12626 14696 14697
5761,8988 13956 11189 726 11190 10459 6869 2220 6563 9274
5762,14974 1904 1697 14975 8428 10608 10334 4576 13645 3430
5763,14974 1904 1697 14975 8428 10608 10334 4576 13645 3430
5764,14977 14978 13026 13405 14656 12525 59 14531 13025 3427
5765,13056 11959 3841 14579 10591 8190 15244 14931 14937 2203
5766,1367 11404 36 15276 11126 3055 8999 15069 7128 58
5767,9851 12551 9300 9749 1357 6360 1011 8477 14804 14566
5768,9606 10497 12788 12922 1548 12787 8346 636 8389 10201
5769,11405 726 14512 14136 11403 14591 13286 11402 692 9106
5770,11366 4745 13885 4749 4746 12850 14477 5267 7874 692
5771,726 6852 12650 11405 14512 14728 8507 14727 13852 12391
5772,14980 58 14979 740 14013 8935 14089 14163 14095 14348
5773,363 14981 13125 12829 12422 365 10904 11916 364 8307
5774,14616 8081 13365 13262 13132 6622 6476 8057 7170 13366
5775,14756 13350 14755 14563 14707 13943 12503 10280 2722 11289
5776,14579 14615 15189 12392 14503 11632 14968 11959 13513 315
5777,14804 9300 9467 13727 14566 3841 14904 5752 14543 14163
5778,10865 14955 14393 12020 2210 15199 15108 14954 14304 3615
5779,14580 13268 8281 4449 11630 8250 11310 8258 692 13577
5780,6943 2449 5670 10214 1947 8979 5669 14186 14189 14191
5781,11253 14268 3116 5226 1742 14396 11630 4576 8454 7416
5782,14209 12251 14596 14458 14595 14213 13680 15188 14286 14285
5783,13896 13897 14285 14286 1858 15173 15195 12440 13894 2013
5784,10541 1287 6881 14210 14108 7898 15205 5517 5971 9056
5785,11322 14714 10414 7175 14471 11321 14483 13430 5325 1855
5786,1655 11309 11565 8298 5384 1656 1654 9682 2438 13584
5787,8590 8589 11212 14511 10892 726 10029 11134 11089 1337
5788,14874 14983 14982 2834 4961 14893 13699 11084 13342 5607
5789,14203 5373 6609 14202 7581 14204 14205 11221 13535 284
5790,14862 8586 5945 14654 8581 14334 8516 12625 12624 14061
5791,626 8397 7544 9365 6488 8396 4966 5377 13479 14167
5792,692 11366 14136 8250 11405 15196 14491 14208 693 13838
5793,14984 714 3152 14334 14742 14862 11308 8054 14985 11126
5794,9424 14985 11630 3152 9781 11310 14984 14580 11254 14334
5795,692 12748 11366 15120 14136 8250 14153 11405 15196 14491
5796,14580 692 8250 4449 11630 11310 13268 12340 13558 8281
5797,692 13058 6583 14567 11366 6582 14136 8250 11405 15196
5798,692 11366 14136 8250 11405 8022 15196 14491 14208 693
5799,14569 8250 12339 692 14572 14575 6581 12340 13558 14964
5800,692 11384 12252 11366 14964 14136 4810 4811 14379 14380
5801,7527 2699 14423 14422 5197 14442 14443 4456 9277 3602
5802,14861 13559 11306 7328 14859 8221 11315 13558 4829 14835
5803,14964 8250 14572 6581 692 12340 14573 14575 14238 12339
5804,14692 7696 13843 9466 8994 7697 6596 182 9039 1452
5805,13395 11405 10093 14888 11230 4954 14136 14512 14591 726
5806,476 13487 165 4574 2134 3874 9094 10126 466 149
5807,14861 14573 259 14660 13559 14859 11306 14572 14860 11120
5808,14861 4085 14573 259 14859 13559 11306 216 14860 1993
5809,14819 14574 11630 14497 4451 8250 14575 14268 11310 14985
5810,14209 14458 14596 14595 14213 13680 15188 14286 11120 14285
5811,8374 7876 5407 7875 8373 14859 5406 14638 11306 14222
5812,11120 14861 5673 14573 259 14859 13559 12551 13483 14860
5813,3840 14425 14202 14505 8423 14933 4968 8866 14069 12009
5814,3887 12156 3665 10701 15120 13887 6537 13179 2652 3880
5815,12083 6617 7169 3747 10765 11475 399 1898 7658 6622
5816,14987 14989 14990 14991 14992 14988 3061 14993 14840 3060
5817,12748 11219 12304 15120 11218 11041 6537 14153 14731 14353
5818,10897 10420 9347 10653 9423 4552 14128 8581 9341 14928
5819,14854 8408 10484 13018 14329 14526 14970 9430 7381 7170
5820,11405 6113 14136 14512 726 14591 11403 11402 13286 692
5821,14581 5518 14204 6606 5519 14203 14222 14523 14478 14513
5822,1627 8411 1628 14711 14199 11405 11399 11920 12201 15064
5823,12841 13997 14074 13813 9025 13247 9948 6100 13515 6102
5824,11384 9836 692 14889 14964 14205 12065 14379 14380 6622
5825,13276 2681 13737 13277 10798 2685 2713 2678 2710 2714
5826,7183 1575 6342 2685 14969 985 11902 4279 3943 4339
5827,3801 14961 8421 886 7699 12324 13520 14441 14530 13852
5828,14757 15207 8529 947 3552 6292 3437 13484 6272 914
5829,10214 5670 8979 14650 14648 14651 14653 14649 5669 6465
5830,7124 13587 13940 9054 14555 13912 14826 9055 3921 14578
5831,14995 10921 7898 5971 10215 6881 5541 149 14221 14220
5832,4756 13511 14565 14564 10200 9144 13618 1805 14478 3898
5833,14689 10384 14688 14543 5595 6836 8272 15254 14914 14905
5834,12805 9245 13831 9320 6310 140 3676 10078 6351 9321
5835,14721 13570 14102 9938 14424 5519 13215 14720 14740 691
5836,7699 8421 7700 13520 3801 5784 15009 14961 13943 8407
5837,726 13852 14996 886 11405 14512 14961 8590 9106 13804
5838,7457 12059 8299 12009 5514 14136 693 4541 692 6220
5839,10625 4279 12541 14969 14740 7183 14227 10633 10200 15034
5840,7700 14388 8421 7699 15009 14950 14455 14910 14456 3801
5841,14565 14564 11994 15180 10200 4756 13511 5019 11026 13602
5842,14997 14986 8780 645 8873 15246 14853 1670 14036 5037
5843,11405 726 14512 14136 11403 14591 13286 11402 692 9106
5844,713 14140 1499 14718 8190 4865 10522 663 14036 1670
5845,14157 5515 2985 3673 8013 14159 7581 14158 15163 14952
5846,12810 12384 6207 7134 7125 7112 7132 11658 11814 8051
5847,14998 2239 7681 8632 2666 2035 2610 4059 4722 9845
5848,11405 14512 11403 726 11402 14136 14591 692 693 13286
5849,8408 14854 13018 10484 14970 14526 13342 14329 9430 7381
5850,14199 726 11399 75 8411 11405 4703 3063 14512 1627
5851,11405 7229 14136 14512 14591 726 11403 15199 13286 11402
5852,8892 11655 1475 11112 8893 6996 1535 13335 8894 2741
5853,9423 10897 4552 5441 7748 8581 1257 14928 10420 10653
5854,365 12487 7583 4397 8983 9540 364 5438 9517 363
5855,6622 9841 9226 7017 6484 13892 309 9842 9225 6476
5856,7050 10171 15000 4191 14356 5592 7051 7052 10264 7579
5857,1916 1277 9554 7358 2372 12152 12896 11777 9192 8158
5858,2742 5998 10932 2815 11493 2614 13672 2820 1166 3465
5859,2742 2820 1166 405 1165 6351 13651 12380 1535 12426
5860,1260 1261 1259 1262 1266 1264 688 1265 1263 3857
5861,3058 3053 3056 3052 14583 14584 3057 3054 3059 3051
5862,58 11126 14163 14980 15285 14605 14604 8999 14824 14742
5863,8039 12897 8026 8029 12894 1011 12896 674 12893 11002
5864,2741 13561 1534 2742 12425 5998 2614 13910 4516 1526
5865,3465 1166 2820 2744 2742 3464 13574 2614 404 1165
5866,611 15020 10893 9781 14680 618 3213 10421 1621 11092
5867,14586 11440 2659 14524 10912 10776 11718 471 5784 10911
5868,14514 15005 13883 10603 14149 8480 8097 11920 13512 8411
5869,14475 15006 1091 14476 14162 12390 14585 15007 11462 13920
5870,15007 14475 13920 15204 14476 14566 12390 15006 14543 14941
5871,15008 5369 11332 13627 14168 14465 924 3771 6329 8860
5872,4316 5016 8691 8995 14680 14527 14132 9642 9636 13697
5873,879 6821 502 466 323 871 2312 10168 2448 6822
5874,14458 990 4953 14209 14510 11756 13737 10095 1859 7017
5875,15009 14910 8421 8407 7699 14926 14388 14299 2595 10495
5876,2820 2614 3465 405 2742 1165 1166 1323 13578 12426
5877,3045 2745 2823 14457 13540 14327 1166 13356 13334 13187
5878,5488 8074 5490 6689 10304 5489 14297 595 9706 634
5879,577 712 3600 14094 13286 14522 15147 11395 11396 11405
5880,15011 15022 14519 15247 12877 12785 14583 7430 5489 8816
5881,12671 2816 8889 12672 2820 1166 5345 404 5193 405
5882,10647 3656 13398 3654 10403 14450 6657 6663 11971 14586
5883,4519 2569 13129 851 9588 7373 3214 40 8391 3181
5884,6004 6002 1957 7941 4351 5324 407 13623 12742 5194
5885,3055 53 14578 14826 15163 11126 8999 9957 14510 14320
5886,7520 9241 570 10230 14005 10012 127 14771 7517 7521
5887,10732 46 11392 8314 1577 1576 8336 11393 11747 8311
5888,14837 9387 14171 12851 265 267 14087 13103 12519 4373
5889,14856 14855 6816 4928 9142 6977 1763 38 3292 3453
5890,15014 2448 7697 8705 3697 3033 2765 1382 1231 5015
5891,12318 4924 12343 11862 1949 4742 5455 2676 12709 3296
5892,7691 4553 339 7398 730 5408 351 11151 7448 7087
5893,14442 15015 14443 7527 3947 1816 5397 13476 13472 7051
5894,1320 1319 9192 1001 11799 8541 9853 4036 1779 6362
5895,5667 9647 4139 2875 10988 6555 4603 2874 9758 8159
5896,3839 10406 13991 2670 1116 9518 12204 3714 10616 6445
5897,13885 12850 11366 14480 14130 5268 14506 5267 14500 14488
5898,7014 7015 9412 12143 3486 9307 7013 13282 9406 14571
5899,13885 11366 12850 14130 14480 5267 5268 14500 14488 14131
5900,2428 10102 2790 8176 4830 349 9223 2750 6220 14344
5901,4596 9664 11891 10574 12726 1145 5686 7215 13565 1136
5902,15016 3663 962 963 13556 3006 14764 5058 977 967
5903,14903 611 14971 10832 4861 8 12298 7875 5678 5216
5904,14752 14352 8434 14540 7264 10560 13176 2840 12439 13642
5905,14789 14155 6273 15198 3481 3896 13399 3482 13527 12998
5906,15017 6356 1011 2996 2998 5447 10199 6807 13443 13442
5907,7129 7130 12434 12435 15269 79 12436 10537 4300 6522
5908,14609 11859 11861 11860 9782 5991 7776 475 5207 3701
5909,14719 7170 7967 6267 14720 4671 14721 12633 1351 14526
5910,3267 3027 3029 12057 72 10181 3506 73 1484 2696
5911,5266 10611 4862 11366 13885 14486 12850 14485 5267 14498
5912,15018 4674 13278 12039 12024 11575 6622 6131 7888 7649
5913,3676 6686 4559 10078 11655 14114 341 11469 6526 10780
5914,2375 2371 1354 3003 4039 3079 2370 5845 4414 7215
5915,13959 14387 999 3465 10208 5431 13354 5405 362 7229
5916,1206 9469 3209 1552 4157 1982 1981 8768 1962 9987
5917,7898 1602 8468 6881 5971 10215 14564 1826 3415 10509
5918,9686 11930 12128 15019 7389 3923 8071 2016 1738 601
5919,10968 7341 2306 14636 2291 2309 11550 2294 3176 2412
5920,7719 6491 9143 15260 14674 6766 6589 14886 12598 12599
5921,1826 4134 1777 5876 13076 6705 4415 1008 6707 4626
5922,5003 3200 3438 15065 6941 3440 11123 662 11173 618
5923,15020 611 10893 9781 14680 618 3213 10421 1621 11092
5924,1287 2798 9273 10541 5517 9265 1759 1565 1564 15205
5925,10168 466 6821 167 2312 6027 9706 879 8816 476
5926,2597 8218 14298 160 14174 13760 14173 13986 14628 7522
5927,7014 7015 9307 11273 9412 13557 3486 7013 9406 14762
5928,1295 8248 2471 5836 4341 2474 3312 6876 1299 1285
5929,15022 13957 2096 15021 6065 1300 62 9115 15179 12205
5930,13695 9966 6073 12945 13681 9893 13694 6072 576 6077
5931,36 3726 3179 1367 11404 2631 8377 15228 3178 3176
5932,11939 11936 11937 15023 14603 11938 14898 13571 2266 5078
5933,13753 1291 381 14144 3403 7798 10124 11035 12666 12918
5934,4785 10796 2174 3408 9402 10795 10791 10792 10793 10794
5935,14975 14809 12991 10978 8582 3462 919 11824 9102 13999
5936,8413 10111 12853 15255 12546 2154 15128 9055 10972 14612
5937,10595 11301 12667 12634 3456 5751 12516 11480 13373 7800
5938,7563 13803 13802 13800 13801 6136 7309 10605 1634 10079
5939,11256 13881 2925 6330 2017 10763 10765 9124 11660 13882
5940,1011 13983 5844 13911 4611 10814 13984 11386 12607 5841
5941,2095 6099 4717 4892 10967 11171 13433 9494 4714 4209
5942,13975 14377 10057 6100 12069 11544 6138 8295 13809 6412
5943,12964 12288 10916 13432 14600 4882 10917 13424 7560 13532
5944,14319 8760 11952 8747 7781 5229 4336 1740 8807 11788
5945,15024 9867 3387 2100 10417 1501 12392 14497 13092 725
5946,2294 8418 5088 2762 2239 1417 8242 4770 12359 2290
5947,692 476 11366 12325 14136 2566 8250 15196 11405 7332
5948,3699 4762 7403 6026 1452 3705 4821 14158 6596 794
5949,12326 11440 11938 10820 13134 3021 7970 4853 9588 3742
5950,7401 576 4948 7866 8424 10955 12029 14353 7253 5358
5951,11748 10910 5508 11215 1836 3359 10050 7283 3317 9741
5952,5792 15025 9433 4284 9431 9434 9432 7086 13224 5791
5953,2375 2371 9192 1320 1779 6364 9191 11352 1778 6361
5954,10042 10763 9442 2925 8052 6103 5143 10765 10766 2918
5955,5419 794 6411 163 11761 4025 9263 6086 128 9250
5956,740 101 14690 14089 14547 14979 14264 14348 15233 14980
5957,715 7047 1760 10664 14669 4834 1515 2201 2993 5894
5958,13958 3479 4946 1834 4305 2333 2118 9149 7286 11298
5959,15026 14281 6620 637 8409 13832 2301 14522 14095 639
5960,11780 13597 716 9805 6944 6484 6349 6623 6476 1713
5961,2457 661 1282 9248 10471 1212 4201 7054 7823 12945
5962,6468 8142 46 7385 10292 6969 8364 10893 1206 5281
5963,710 11355 1222 4358 1896 7936 2908 1938 11711 11353
5964,2516 2532 9906 1395 9164 1190 392 2514 9917 2026
5965,49 1374 7346 8874 8871 8873 3599 56 611 9773
5966,10607 4128 6178 6176 2307 3945 11194 793 4496 749
5967,13380 2880 5535 4039 4037 14745 11385 11537 5449 12914
5968,8215 2662 13072 1635 8214 8216 2663 7916 12092 7444
5969,342 1205 11864 9142 6981 12776 14856 5965 8374 10093
5970,12862 6047 141 6999 4201 5553 10418 15069 5547 5543
5971,7430 9443 8700 3993 5481 9370 10304 7364 7359 9371
5972,1282 2342 2588 2457 2210 6132 12847 12714 2586 5555
5973,13388 4153 3052 3051 9610 3053 3056 3058 3054 3057
5974,5580 11654 2277 1346 711 7012 2276 14227 5896 8893
5975,12935 15027 12227 9289 14750 11385 7754 4687 4132 6276
5976,10383 10382 15028 8591 15029 8999 14163 12875 9200 127
5977,4350 13312 9519 10491 13836 3428 14284 14507 3429 15226
5978,2614 15030 12507 12506 12503 11046 6430 11880 4791 8480
5979,14811 14812 361 15032 6325 406 14054 12502 11533 8691
5980,15033 14421 8236 4496 5469 12753 7805 13116 14010 5762
5981,3094 2375 2371 3001 4138 7215 1001 6847 5686 10072
5982,1317 4687 2719 4017 7453 2987 3684 10494 4132 9561
5983,7719 14321 12410 7046 4392 14252 4884 1297 4045 3236
5984,4068 11265 12939 14313 11264 7940 7625 9088 11034 5782
5985,12748 10353 8997 15120 11219 14153 10351 6537 11218 10354
5986,13777 7138 13610 13778 13779 3491 13776 4637 2050 14109
5987,2742 2820 1165 13562 2815 2822 1166 12007 405 2614
5988,5999 13960 15034 2820 1326 1166 13259 13651 14150 13717
5989,3465 12744 1168 12007 2820 2742 2614 1167 13200 405
5990,2820 1166 3464 14084 14712 2815 1323 13661 405 2742
5991,10206 14806 12032 13623 12742 14879 14324 13202 10207 2820
5992,12746 11955 14079 2742 2820 13518 14150 2948 2744 1166
5993,10192 1011 12075 6360 2371 1357 5689 9851 5672 7554
5994,14440 1145 14363 2096 13237 8741 11350 11891 1136 1146
5995,5418 14113 2409 11659 3406 5416 5831 9595 11918 11810
5996,1011 5687 7427 9534 7057 10199 7091 10899 5447 4687
5997,512 90 5312 4350 7438 8407 510 1449 838 55
5998,3365 12916 1642 6702 768 1474 6575 2224 89 6127
5999,248 12176 8888 10063 14305 8851 6574 244 9762 10062
6000,11493 14657 9894 10131 10529 6094 12984 10128 7748 5650
6001,9533 15036 10059 6129 7630 11098 8986 12823 2243 13585
6002,6471 182 3310 10300 9530 2448 634 1586 7928 7723
6003,10092 13593 3393 421 11270 13591 9936 3392 7334 15242
6004,15038 12842 8761 7393 12027 1740 7908 4790 5850 7333
6005,4406 9441 5622 11139 5186 6375 10433 9601 15082 15083
6006,7552 4139 9171 4606 8553 7062 3543 12730 13677 13676
6007,12656 7449 7817 1011 9084 8982 10246 10627 7554 6805
6008,8307 363 10230 5791 27 715 8455 2366 9252 5750
6009,4179 11317 1835 8970 873 4496 49 8349 1478 5810
6010,4020 13923 708 8429 10694 14801 13924 753 7680 13647
6011,15039 15040 14282 12759 2600 5196 3226 9551 5595 7965
6012,383 7913 1301 12848 3983 6079 1299 4759 5592 12253
6013,3367 10891 2575 9467 5541 12573 161 166 5017 12105
6014,10671 6406 11735 46 885 5460 197 5462 4126 1787
6015,15041 14682 1774 10258 11074 6447 1704 2883 7217 2876
6016,4516 14127 13452 2614 3465 2742 3464 2741 2820 1165
6017,5199 3847 10154 2859 13634 5901 11740 3849 10157 10229
6018,12020 4424 9056 14163 0 14647 12031 12689 100 14210
6019,2579 2504 47 54 87 11440 2583 11444 45 8999
6020,13905 1302 9495 13998 13904 4670 1300 1299 1040 1222
6021,771 14849 9223 13190 15029 8189 6206 9056 12689 14210
6022,1475 8889 11583 12671 8892 5345 12535 2820 15210 8894
6023,15042 15043 1536 14608 15021 2526 12559 9079 1537 10883
6024,14844 6933 1475 13008 10731 6721 13039 14021 6938 5570
6025,11440 11718 10776 14586 14560 14851 2659 10459 3749 10771
6026,149 5577 420 11658 11574 2645 6382 1641 6829 1814
6027,4660 4663 11368 11370 4653 2804 4650 11369 4662 11371
6028,9249 9372 3821 6489 3304 14452 14226 14691 7234 12362
6029,8104 10901 3394 14358 9814 10900 14357 14318 14254 3392
6030,14280 15044 12741 10667 372 12307 5026 8768 14891 14956
6031,14163 14307 8999 14875 10715 15233 14866 14391 14868 14865
6032,323 873 1565 1564 6374 6411 7420 4821 4468 176
6033,11406 12752 15046 14541 7049 11361 467 6400 6463 13124
6034,1351 5858 242 10390 14089 1350 12286 740 10715 14720
6035,4028 1784 1539 2283 12538 14484 5259 14482 13840 1541
6036,6360 4413 7096 9851 2371 3083 1357 1317 6364 7057
6037,2741 11881 2742 5998 12994 2614 1165 12426 12425 6416
6038,14752 7264 10560 14352 2635 13879 10561 2634 13770 14540
6039,13486 11545 13084 11380 11543 11544 1160 9358 2480 11211
6040,1011 7366 11528 5535 3333 5508 10913 1317 4037 13380
6041,3717 5116 314 9934 16 659 12816 14900 6128 1342
6042,1354 1355 1357 2369 4141 2378 2371 1356 11777 2886
6043,14636 2309 10968 11550 3765 3811 169 5561 13936 14710
6044,11231 560 14805 11232 13723 10056 13238 8562 3842 1145
6045,3465 6992 3464 11121 8828 4514 1166 14799 2820 2614
6046,9784 14803 11111 12070 1532 11822 6990 14359 2820 13711
6047,4642 4643 5565 4644 4647 9083 13427 5566 12992 4646
6048,12283 4160 3914 12284 4156 4155 988 4165 4162 4161
6049,8846 12435 8499 7374 12436 10546 9617 8766 6898 11803
6050,15047 12250 9984 12980 32 14314 13029 1196 12252 10584
6051,1721 3080 6219 7215 10246 12756 4407 8152 1776 2881
6052,8452 10305 5037 6968 5718 4157 9390 3041 3518 3248
6053,1512 3957 1514 1513 9497 9955 9954 874 8482 1516
6054,4344 2799 4906 1371 7561 2697 3237 6301 3826 7559
6055,9390 9048 5076 5079 7516 14112 5082 6444 12865 9047
6056,2225 6378 8198 15082 15083 8146 14878 3023 8196 2249
6057,11970 2488 7321 5209 4342 2495 7724 120 3359 3348
6058,15048 14151 15030 12783 11111 12506 9244 2109 5818 5188
6059,3553 10657 2962 14878 2959 10963 954 13825 7767 8595
6060,15049 6360 10716 1709 3667 4072 9851 7057 7065 8477
6061,4117 4116 11707 11673 4118 15050 3040 12763 4581 203
6062,9784 6990 5190 1532 6995 9935 12070 11111 2365 2820
6063,3160 1960 4370 6908 11954 8503 9911 3174 6899 1018
6064,905 10322 7740 9805 6228 3423 7487 5247 14960 12566
6065,15051 13047 8023 15241 15168 15119 12508 12507 8130 5376
6066,9880 9879 4589 12946 966 2196 4590 15052 967 15053
6067,15052 12946 15053 12943 7655 15054 9880 8263 4589 2196
6068,6391 4355 9053 586 6402 7869 3881 4843 10439 7961
6069,11634 9847 6109 6065 13948 11633 11635 11636 15022 9845
6070,5078 3383 6322 3148 5812 3350 10660 15222 5822 3368
6071,6095 13080 13823 13078 12831 13074 13079 5625 1228 12459
6072,13342 10259 2402 8408 6789 2834 5607 12797 4577 14810
6073,1537 10066 3025 1536 10182 1541 1538 3972 14544 1539
6074,5414 420 7181 3195 1641 5011 13649 7921 4188 9250
6075,15055 2990 6148 323 1979 668 864 4167 420 4779
6076,14265 4861 11293 1404 2117 12197 7875 14893 14347 2121
6077,4718 11036 4713 1541 10085 4714 13114 14377 4715 4719
6078,3838 7843 12480 5336 4645 2015 911 10609 11947 11948
6079,4663 11368 4660 11370 4653 2804 11369 4650 11371 4662
6080,10382 8591 10383 2325 117 15028 15029 8999 12875 3662
6081,625 8239 14585 13517 12966 10637 15006 12178 9296 6881
6082,149 13673 13647 708 12333 9961 14956 12659 14548 12385
6083,8999 14163 13919 58 1078 4881 3021 14646 14929 15148
6084,10920 4757 425 1666 11643 9000 944 10369 14526 12362
6085,14713 15057 13390 4822 15006 14475 7392 4816 9779 14585
6086,9367 9667 12800 11391 9 10659 10263 2659 3503 1044
6087,7014 7015 9412 9406 9307 3486 7013 13282 14571 11273
6088,15058 271 2865 3088 269 13425 273 9695 4044 7623
6089,2869 13682 14616 10095 2374 9410 9407 8997 14582 3483
6090,8702 14220 4805 8701 1028 12483 1988 14702 14703 8700
6091,15059 13930 1394 699 15168 15119 6822 13937 14393 3895
6092,3058 3056 3053 8370 3052 15060 3054 3057 15063 3059
6093,14306 11126 12206 1858 6106 15195 15248 13897 13896 14561
6094,14891 14910 10667 15009 12065 2595 15044 14280 14926 8581
6095,15064 771 8411 2129 9024 12201 3405 11920 14849 1627
6096,12324 14961 3801 13943 11087 14960 14441 7699 14530 8421
6097,12574 14887 5678 14606 1880 12134 14971 5676 15207 10133
6098,15065 14550 3471 15184 14619 3200 618 14092 14618 11820
6099,11125 9777 10053 14240 14639 33 15067 15066 101 11124
6100,14163 9300 8999 14566 14804 14543 15233 14391 3841 58
6101,8241 3903 6971 10173 5586 2282 6592 11257 2764 5540
6102,10715 8474 52 14875 15274 15273 14100 14690 14307 1351
6103,14951 8999 9054 14166 14950 4162 9472 15148 7124 15184
6104,14209 14213 3153 14596 15188 11043 14458 14595 15086 13050
6105,14088 12513 6521 14558 7284 14868 14930 14295 14929 14427
6106,13517 625 12178 9296 14585 9144 12784 8239 3407 7697
6107,14508 12338 14860 7937 15177 14859 14861 1847 12339 12717
6108,7177 2084 2083 12711 7113 7134 7116 4423 9113 7127
6109,12134 13899 7688 14696 14697 11019 12850 14887 12101 12574
6110,14854 14526 13018 8408 7170 7381 14329 10484 14970 9430
6111,3713 7723 9299 4771 2448 3015 5538 11070 879 176
6112,12868 578 12819 876 3587 5140 328 9211 5313 2197
6113,15070 14958 13627 14652 14957 14465 15187 8860 11948 14168
6114,8560 11195 11694 11697 11696 11695 11698 6306 14473 13429
6115,232 2829 11299 229 7697 10153 7196 10485 2835 231
6116,14473 8560 13429 11847 14096 11299 6869 10153 6306 9509
6117,3841 8256 13526 13056 14566 13705 678 3789 10591 14543
6118,12387 5674 1907 10565 11894 12386 5675 14531 11354 12388
6119,14450 3654 3656 13211 5599 11762 13398 2991 11388 7450
6120,8871 13933 14240 5375 11124 2324 287 6411 8500 5325
6121,7002 1500 15072 14620 12689 8690 13949 11563 12811 15287
6122,5415 2986 74 541 10026 8561 13012 13015 13017 13016
6123,15075 12017 15074 14092 12497 740 7579 7898 14564 11914
6124,4 11459 12178 6596 9262 6374 625 7697 176 794
6125,14529 10483 10559 9060 12512 13847 3800 3055 4417 1949
6126,14792 15076 13369 14296 9227 15072 10256 12013 796 7622
6127,14255 4564 1886 13929 8095 3561 2015 7962 14026 9759
6128,13560 2781 11993 2938 2933 7179 10115 13181 13083 2750
6129,13917 11096 14780 8901 13780 10873 8899 14369 14372 3480
6130,7433 12549 11934 5928 5028 5541 7831 3100 1284 5280
6131,46 2277 9683 12205 14400 6825 6002 1346 7583 13697
6132,14080 15287 12440 14605 14604 1500 9056 8588 8587 9821
6133,5329 5330 14022 5327 5328 1882 3482 13256 5326 14370
6134,15077 7240 14781 9573 13019 14066 6971 14769 13975 13461
6135,12995 9132 7370 9134 3738 2585 2571 11643 1496 2123
6136,11654 6543 6495 6494 14227 7012 4474 9226 6544 10106
6137,14631 12290 12293 12292 12289 12675 13381 12291 12674 12673
6138,13969 12277 2089 8087 12613 8101 9566 14371 1637 10133
6139,11836 8196 12852 12034 13886 323 4408 2249 12144 2016
6140,15078 3214 14621 2309 11483 169 611 10291 10163 11485
6141,15007 13603 14578 15013 3055 8050 611 15270 4426 15002
6142,2086 8921 1173 11003 14744 12492 2093 1174 11039 11055
6143,12328 11247 11246 11687 14076 14664 4594 14024 14025 13586
6144,14307 10715 14163 14875 52 14100 1351 15274 15273 740
6145,14612 14559 14823 15079 8999 14163 14866 14865 641 14867
6146,7960 2607 9092 10134 2929 7961 2609 3197 10782 1392
6147,13388 13937 12689 11126 3063 14493 15088 15069 11914 15072
6148,10696 2717 13945 9077 4654 14775 14234 8487 13019 8619
6149,6812 3691 5823 6697 14114 884 3676 14128 11149 6813
6150,15013 14578 15270 101 14407 13587 13603 15007 8050 15002
6151,14223 14160 6614 8737 10121 6346 14106 14222 13899 14730
6152,12386 794 12388 12387 10321 476 3906 323 6411 12009
6153,12387 12388 2828 9343 12386 14845 12362 5674 1311 12009
6154,14703 200 14702 192 14220 14100 610 1351 204 106
6155,15081 14840 3061 3062 14993 14989 14990 14991 14992 14988
6156,13527 5634 1883 10918 12104 8663 1886 1544 9770 8416
6157,1798 3441 6964 6366 4215 6963 4 14052 5079 7955
6158,3548 8666 656 15182 2598 13208 7256 297 6815 2023
6159,7632 13637 11398 6610 4238 10839 13636 14132 4349 11401
6160,15082 15083 692 8198 11366 4406 14136 8250 11405 15196
6161,13838 14721 13215 13214 692 12340 691 13213 14720 14740
6162,15060 14826 15134 14570 13414 13587 15063 14827 53 14825
6163,12134 14696 14697 13899 12850 14887 12101 12574 10977 14886
6164,14543 14689 6836 5595 8272 14566 10384 14923 4349 11867
6165,58 14742 8050 14334 11126 12784 14980 14163 15285 14605
6166,6099 6101 13433 2095 8212 4655 6100 4892 11166 12997
6167,9054 7124 14555 15079 13587 14296 3921 15288 13940 14583
6168,14299 14120 1456 15245 12011 15009 10904 14674 14926 10042
6169,2748 7723 182 11461 580 2949 2103 2107 15113 13071
6170,12463 713 798 12055 8190 10053 1625 12479 12308 3055
6171,15085 1028 12313 7440 1238 1239 8508 1343 14415 7753
6172,3411 11665 5452 11733 4973 2653 6558 1304 2296 3412
6173,12966 10637 6881 625 14585 15006 11462 5376 3821 8007
6174,6785 7170 8081 14526 12633 14719 14854 12566 14616 6244
6175,13538 15086 13050 14214 14213 14890 644 11610 12653 15169
6176,12983 1553 9319 794 7223 518 8483 11653 383 9715
6177,14268 14396 4576 15107 5226 11253 9892 14144 9893 11630
6178,9056 8588 15072 3906 14891 12689 14080 14430 8581 14210
6179,8904 1533 1532 11112 3465 1529 13329 14324 1323 405
6180,859 8184 9947 749 2317 11196 4112 11424 10865 8187
6181,5850 7393 11157 5746 12027 15038 8312 7395 5747 8700
6182,12828 6613 13577 11709 12371 14949 12950 8788 13268 1893
6183,11073 14215 7380 13771 13040 7828 13606 3824 13607 14314
6184,14039 7648 12282 12719 12520 13175 11610 10254 2839 7528
6185,2133 4 6826 2774 10138 6255 4349 4864 1569 1206
6186,8999 11632 7572 10798 12237 6065 10508 11529 10737 45
6187,6329 413 4265 8960 12406 5180 5369 9789 6682 624
6188,14482 4028 6270 8340 14484 13025 14854 14329 6196 11690
6189,11405 11402 14136 2151 11403 14512 726 13182 14591 692
6190,4700 12385 4963 14956 3894 6487 9555 6493 14739 4964
6191,405 13932 6415 2820 1323 1535 2742 1166 11755 12426
6192,14858 9964 7663 4450 12247 7163 1018 9963 14528 15188
6193,8376 2204 14702 14703 106 14220 7208 5351 14510 14100
6194,15016 13556 14764 962 963 3006 5058 14762 3663 10911
6195,15088 5438 478 1004 651 1069 14548 12784 10182 476
6196,15089 10695 6268 352 14398 11654 12276 6276 10085 14200
6197,9071 10281 688 5498 12992 11272 9072 6549 1252 440
6198,2930 1752 2240 1747 5132 12667 3043 3044 5752 5070
6199,2556 11480 12087 56 1919 12847 2527 7805 12918 12666
6200,14180 5430 12843 8729 13409 4516 5998 3465 8642 2614
6201,14416 4840 13813 14074 14075 14077 12841 538 11470 14262
6202,15090 5747 4705 5746 11157 8700 4696 2 6092 4698
6203,13315 12820 528 14805 10880 13314 11555 8362 12905 12854
6204,2365 2742 2614 2820 1532 1167 13200 3465 11112 9784
6205,2742 5998 2614 2820 2741 13327 3465 405 1165 2815
6206,13244 405 2614 1528 13128 1323 6000 1535 12509 2742
6207,1166 405 1535 2815 2820 2742 14084 3464 2816 404
6208,404 1165 13327 13271 13628 13650 2742 1166 13574 2820
6209,11418 14405 2820 2742 13232 405 12426 6001 404 2741
6210,1880 177 13129 7923 6868 14717 23 7726 2549 15147
6211,13422 12502 6326 6867 9792 12825 406 12826 9791 14812
6212,14374 14375 14376 15093 2365 9784 13440 15271 9785 14183
6213,1166 3464 1529 2815 2820 2742 8904 3465 405 2614
6214,2820 1166 2614 3464 13326 13187 2742 3465 12426 405
6215,12475 12826 403 14122 13345 405 1323 2820 404 12426
6216,1166 3464 11052 2820 13731 405 2742 1535 404 3465
6217,14015 405 13562 1166 13346 1323 13186 13005 8730 2822
6218,14811 14812 11123 12502 14408 406 15032 12825 13422 15223
6219,6867 13422 1166 404 3464 9791 9792 12502 2820 9793
6220,2742 1532 11112 12742 9784 2815 2820 2614 3465 2365
6221,15091 14812 9792 14811 15032 12502 14029 14655 406 9791
6222,405 1323 404 13562 14807 1166 2820 12426 13334 2742
6223,14029 15091 14655 15032 14309 14812 12825 14335 1532 14811
6224,14562 3465 5998 13327 2742 11955 2614 2820 13578 1166
6225,2742 1165 13327 12426 2820 1166 2741 405 3465 2614
6226,13625 14405 1166 404 1532 13650 13323 1165 1535 9784
6227,15093 14374 14375 9784 2365 14376 1532 2820 11112 404
6228,13423 2742 1166 1326 2614 2741 13651 1532 3464 14327
6229,2742 3465 5998 2815 2614 2820 2822 405 1166 13327
6230,13731 2741 11052 1324 3464 1165 13327 2744 1166 3463
6231,12426 6351 13248 2820 405 1166 10525 404 2742 1535
6232,1323 14183 14662 405 2614 12426 2820 2742 3465 15097
6233,1532 2365 2614 15093 11112 9784 2742 3465 2820 8904
6234,12743 1530 11392 2820 1330 11052 405 2614 3465 1323
6235,13932 13660 1168 1533 13186 12006 13628 8402 13700 14016
6236,2742 2820 1165 4515 1535 2744 1166 405 13327 12747
6237,362 1532 13959 3465 13562 405 11121 9791 14807 2820
6238,405 4515 2744 2820 2742 1535 1166 1323 1532 3465
6239,14325 13671 14799 15095 14712 8731 13328 13348 12301 8109
6240,2614 3465 5344 13339 6350 7686 14016 2742 2820 13578
6241,3465 15097 2614 2820 2742 1166 1532 6417 4711 13578
6242,5998 11112 1534 1339 2614 2742 1532 2741 6991 13708
6243,6353 14655 14335 14309 15091 4516 14029 2742 3465 12301
6244,2614 12425 13339 3465 5998 11112 6350 8904 2742 2815
6245,2614 2741 2742 5998 3465 2820 1532 1529 6416 12425
6246,13806 13804 13807 13805 2951 3333 13957 477 9575 305
6247,1532 1165 14138 2742 8830 2820 15257 2614 1166 404
6248,4516 8907 4330 2741 2820 3465 12426 1532 4515 2742
6249,11418 13324 13188 2364 2820 12426 2741 1529 9786 13187
6250,2820 11899 408 2614 12426 2742 1166 405 3465 1532
6251,404 6989 1166 14150 2820 9791 12426 3465 405 1532
6252,2741 8907 2742 6994 2820 1165 2614 5998 12426 12425
6253,2742 2741 1165 12994 2820 13327 2614 1166 2743 5998
6254,6994 2741 11898 8907 8830 2742 12426 2820 1165 5998
6255,1381 4315 6109 10790 2628 11634 9847 12157 12154 15240
6256,6923 15098 13117 14446 11689 11782 14890 1557 3955 2498
6257,14674 14120 5359 7719 14470 1101 15245 14490 12011 14886
6258,6162 1874 13070 1844 14588 12432 6623 9810 6781 2627
6259,7571 11620 6069 10254 1912 6068 14353 11249 11414 11411
6260,14000 12494 947 11011 13552 14706 14388 6583 1999 2079
6261,14090 13004 11153 10868 1669 6613 11763 13971 2946 13046
6262,10184 6090 13765 14147 8887 10034 10185 10561 12846 11245
6263,2614 13482 8869 14657 13452 2742 3465 13855 2820 1532
6264,8647 11780 4459 8318 7481 11781 7659 3086 13597 6944
6265,1133 12559 10866 9287 1549 8486 9288 8525 3040 2670
6266,9712 10377 10376 12924 5111 7764 12923 10378 9395 12718
6267,11537 9547 9666 1011 4611 9548 1135 12607 1141 5535
6268,286 478 1684 10818 4285 10417 816 14548 13804 11691
6269,15099 4755 5728 8038 10838 968 14582 13481 11047 11424
6270,14546 7014 14762 10911 4450 2009 11571 13212 7015 14764
6271,12934 12332 15027 10461 8164 6432 14736 12933 7072 4605
6272,1018 1226 7474 1117 3421 11085 10785 1036 1707 6159
6273,4605 11120 8164 4133 15238 5673 7016 13665 1721 8477
6274,9249 14226 14464 12362 14225 7310 10489 14663 5742 9648
6275,12611 12333 14182 13647 9961 13103 267 6842 13368 7827
6276,1011 13483 1861 2874 7817 5687 2875 4134 12585 8302
6277,2014 9851 4599 1357 6360 10365 9236 1011 2375 2371
6278,14729 14091 3602 13004 6909 8326 10169 5273 15192 14090
6279,13142 10519 6884 2946 5287 7018 12959 2418 6885 12026
6280,560 13238 7628 14170 7253 11642 4523 6548 13605 13241
6281,14342 13459 6782 9233 8555 13544 10351 14726 9436 7085
6282,12765 14237 6228 13070 12229 6163 6225 6623 1253 14384
6283,9807 12025 9661 900 3878 7934 6784 10027 13204 1178
6284,6174 6510 13880 1268 7106 7948 2627 15100 4069 4358
6285,14533 13770 11908 13841 14006 1126 4458 10490 8032 11907
6286,13961 14146 13893 5714 14314 14002 2008 6670 11649 1700
6287,12196 21 13479 13418 7953 626 7946 9438 2859 4787
6288,14731 12748 1665 11219 6168 11529 6240 6479 14730 8136
6289,12432 8144 6781 1844 11648 7938 6162 6783 4068 9806
6290,13285 7302 127 12037 4966 10123 1836 3577 133 12620
6291,8516 3862 13782 230 6129 8462 9954 9849 12138 7659
6292,2820 1532 11112 11418 2742 2614 3465 405 12426 1166
6293,8590 6548 10029 8589 4357 11212 14511 10881 6549 726
6294,14091 13184 5895 5896 4964 14090 14729 13535 4073 10450
6295,7394 11273 3947 9183 9307 7014 12714 14764 12231 13557
6296,13537 14001 7660 6669 14182 13530 4368 14207 3719 13725
6297,13665 15101 11996 15238 13685 8057 6780 6567 8164 4605
6298,10441 8335 12576 5385 2439 14645 8112 13392 5716 11908
6299,15102 9795 10041 12500 13441 12534 12505 6571 13082 8808
6300,14353 7401 7571 7253 4447 7242 7573 11940 11872 9803
6301,1011 4035 10073 11420 10071 14745 8645 673 13426 8983
6302,7571 9803 13692 14353 10257 13950 6783 9809 6780 10951
6303,11387 12077 13519 4687 4132 4688 12071 12917 4403 11385
6304,13556 7702 12147 10911 11614 11612 11613 13557 11776 7701
6305,10986 14085 13725 12486 9830 1561 14086 266 6784 14446
6306,13585 14672 1752 7630 3044 1751 10435 3043 13935 2560
6307,2820 2742 1166 12426 405 2614 3465 1165 1535 3464
6308,3092 10282 3093 106 4552 1257 4554 9604 4558 3769
6309,15104 15105 13108 15164 1473 15159 7857 1471 1472 13438
6310,13697 14057 11190 10941 9199 9683 6486 8320 14058 10937
6311,2869 1001 1002 1145 1136 1146 7215 999 1011 11768
6312,9194 7217 6363 12936 4134 2869 5876 6705 7065 1001
6313,11025 5129 4285 1772 2885 4336 5667 5125 5128 10807
6314,12802 4387 1011 12798 12795 12799 12794 12796 3268 12801
6315,1354 6360 2378 1355 1357 2371 2369 9851 11777 9235
6316,1003 5673 4430 14459 11120 13878 2891 12551 14236 12850
6317,11703 8476 6550 2869 12297 10191 11002 8167 3083 8166
6318,8210 13728 13729 11019 14666 14667 5569 5405 8649 11372
6319,2014 10365 9236 10366 9851 1357 2378 9235 1354 6360
6320,3676 11469 6526 8181 12941 8396 4559 14114 5988 10780
6321,14740 14721 1527 15034 9510 10625 5363 3197 14850 12286
6322,11054 13105 12717 7623 4752 12568 15202 15171 12234 4751
6323,13668 13105 9965 15019 11117 12717 2592 344 11375 323
6324,12499 12719 13795 13171 12498 10450 353 13766 5878 13175
6325,4672 10488 11248 13848 13793 14229 12527 4671 1694 13278
6326,4605 2875 4135 8164 4133 9751 4139 4138 7554 15238
6327,8541 11537 9747 9748 11648 11799 8540 11797 5662 1011
6328,13766 14115 4360 7250 13600 12719 383 13253 10982 14116
6329,1354 2371 4138 2375 1357 11777 1355 4132 4687 2373
6330,10892 10251 14118 2725 7539 6764 1809 10250 11692 2724
6331,5005 5006 5007 5008 5009 5010 4381 7850 10755 7399
6332,13567 5452 14057 9085 6333 13697 2296 14663 14127 8320
6333,14739 14311 12470 12565 13741 7408 4700 1127 12577 14708
6334,7014 14764 11273 2881 14762 7015 8296 14546 15156 9307
6335,8844 102 5793 574 10332 12459 8677 564 10330 6227
6336,2023 11477 7960 102 3197 12221 2607 3736 14740 8844
6337,15107 4576 14268 14396 9892 14144 9893 9894 11042 9895
6338,9053 10786 4787 14070 1672 10435 13585 8999 1313 1678
6339,12253 383 12311 4045 8386 13611 995 12091 9074 4759
6340,625 9296 14475 14162 12178 7697 6596 2311 6576 167
6341,3055 1367 7121 8621 11185 8999 15276 514 11126 15069
6342,12975 7441 10860 12976 12974 12977 7443 7440 3716 5833
6343,12617 10037 1883 10036 1128 10038 5634 7909 8759 14797
6344,4655 4657 9361 4656 4646 4648 11369 4645 4647 4660
6345,9470 9473 2093 12838 12837 1631 905 9658 2086 431
6346,2086 2093 10086 6347 416 14744 11003 12068 2092 2091
6347,1998 13065 3573 12949 3572 1996 3571 1997 14600 8214
6348,11038 9202 12565 12971 14708 7351 6549 13402 12470 13999
6349,15108 14790 14276 13257 14777 7444 13810 7336 8215 8237
6350,13721 13811 11714 1635 2087 11543 13720 4892 1539 3759
6351,6136 7563 7309 13003 13803 6139 4903 14231 6137 6138
6352,1884 12647 13703 13246 12068 13247 12646 13620 14796 12997
6353,5374 5364 6334 6115 5371 14919 14918 14444 5368 5366
6354,6303 7230 12338 12339 2273 2263 6467 11036 9778 6083
6355,15109 10084 3716 3784 6111 8636 9004 14381 14145 8617
6356,12274 12182 1956 8757 12275 13608 14772 14900 2805 13432
6357,14031 13532 13432 14809 12997 13433 12172 10918 9760 13247
6358,4056 3572 2663 1997 12949 8214 3566 1996 1998 2668
6359,14381 15109 8617 6128 12870 9430 6003 14035 1184 12093
6360,9759 13 12049 8096 4565 8095 13382 15 13307 12
6361,14381 15109 8617 12870 12871 6128 14035 6003 9430 1184
6362,9027 14428 8560 8638 12602 14777 11165 3233 9494 11198
6363,3451 12740 4651 8825 3448 3447 3450 14257 3445 12495
6364,11366 12977 12183 14041 12544 1542 4056 12066 13944 8663
6365,11261 10259 12410 14416 13342 12911 12504 7767 12480 12415
6366,15110 1997 12949 14600 12092 11191 10083 1996 14777 8215
6367,3804 6852 13904 13031 12391 14060 14061 14059 12650 12740
6368,14916 14917 14032 14918 14919 6334 5374 5180 9789 5364
6369,13461 10872 9027 14779 10874 10873 13463 14587 13974 3834
6370,8899 14796 12069 13063 25 9571 3712 13311 13309 14797
6371,15112 12877 11184 14578 14519 15011 15247 8999 15028 11126
6372,15113 13071 6577 7723 2311 580 7225 7228 11472 5538
6373,14388 14706 12494 14455 14950 14000 14885 14705 14456 13552
6374,611 794 3222 10919 3596 4762 9781 170 2311 612
6375,14900 1956 5116 6874 13609 1955 3722 12274 9574 12182
6376,15115 15116 15117 8708 15138 15137 15136 15245 10287 15135
6377,5758 1247 4217 2761 8918 1248 5757 15228 1249 5759
6378,15118 4426 12668 1396 14108 15045 15263 13016 2201 14504
6379,14891 14396 13848 1489 14937 8572 1488 14278 12065 14268
6380,14320 10215 14306 10745 8999 7898 5971 14869 9052 11403
6381,14582 10095 14458 6280 4755 13737 4434 13682 1859 14616
6382,11631 9350 4451 12179 4057 4058 13307 13451 11630 6269
6383,14436 7993 8140 14833 14834 8860 11400 5709 11809 6378
6384,363 4180 3791 1797 14981 12829 1801 10904 365 1197
6385,6522 6523 9924 5044 5567 3309 15269 12434 12436 11882
6386,12233 13435 8852 2152 3542 9147 14523 6057 12881 1376
6387,4451 14434 14228 11631 13074 10741 11630 9660 6451 14230
6388,4031 3367 12097 6701 3860 8201 3167 11258 12098 11146
6389,7579 4191 15074 11914 14307 10171 1204 7050 744 7577
6390,11317 7145 13364 8970 7143 14661 12388 8971 5155 6338
6391,15120 12748 10701 14153 11219 12156 8057 3887 3665 11218
6392,10558 12708 3805 11873 2912 881 8322 2867 979 5985
6393,4348 7326 4985 4900 10675 4901 1371 9499 4897 14303
6394,3811 1796 7344 1310 14893 10347 466 1452 2309 1101
6395,15124 15122 692 15121 15123 11366 14136 8250 11405 15196
6396,9853 2380 2379 12238 2375 11347 2372 12240 2869 12241
6397,14095 12973 14013 11249 4731 11856 10050 12972 14119 14980
6398,10441 9810 1665 9809 11908 2979 5385 12576 2438 5716
6399,14776 12924 13251 6070 12938 7796 11475 4971 12208 7935
6400,13673 1119 1360 8885 8041 9128 14050 13267 1122 8029
6401,12361 4769 1390 9974 4503 5063 4490 805 11681 12053
6402,2672 1804 15100 3466 8973 323 12043 9098 3536 5325
6403,4424 11147 2760 13017 2951 13513 5929 12020 4432 4433
6404,13879 13716 9895 13131 9892 13231 7264 13376 13375 13374
6405,2614 8489 7333 8761 5571 6940 7334 529 2742 3465
6406,3266 1499 1901 1047 8403 871 115 857 6317 713
6407,13821 3561 6137 13820 6139 8105 14255 8090 9576 6138
6408,10369 10227 3016 8671 4943 11174 14707 10920 14705 14704
6409,1166 1535 12742 13623 407 5194 2820 6004 2742 405
6410,14944 8428 13521 14942 14705 15193 14972 14068 14908 14909
6411,7611 5074 209 2987 4422 6961 10645 2719 5400 4423
6412,11366 13885 12850 14477 5267 14486 692 5266 14479 14481
6413,15065 618 3200 612 5003 287 611 14550 3811 10914
6414,13462 12593 12649 4909 8100 9566 3330 158 13463 4053
6415,14986 14483 258 12568 15246 8027 14429 14471 14714 9190
6416,4424 11147 13406 12694 2760 8496 12623 11140 13770 13017
6417,4132 9308 9406 4687 7147 4311 4688 9302 14545 6356
6418,14787 9111 11210 11209 9110 12649 7 12625 12624 4594
6419,15125 5198 2982 1269 9404 4173 4168 5201 4749 2632
6420,12439 13642 13643 5358 5338 14754 14967 13024 11888 1621
6421,15060 4964 5896 4073 4754 771 9228 4710 5325 7012
6422,12713 12517 1481 6179 3902 8724 2232 3071 9310 9312
6423,3811 14893 4871 11353 10347 2309 1101 686 769 4961
6424,11126 12877 15112 14984 3055 13388 14578 14519 15011 58
6425,15060 14570 15063 15134 14826 14316 14241 15028 13414 4754
6426,26 7992 2340 2117 4467 3910 5224 11082 5225 5223
6427,2201 14504 12668 13805 2415 2457 15072 715 7904 5140
6428,15126 11787 14225 13568 9852 2887 12756 13982 4036 6360
6429,15127 6327 6331 12090 12089 7782 12088 6844 12200 2059
6430,138 7462 836 323 6833 865 11485 7928 9613 3328
6431,4757 9306 9299 11462 14493 8581 14526 9319 10920 13640
6432,15128 12546 10111 8427 10210 8695 5882 8921 4572 115
6433,15129 5929 8735 14217 8736 8733 8734 14471 8739 3068
6434,1789 15131 13252 9233 1788 9232 13253 14340 13255 12931
6435,625 3407 13517 12178 9296 5792 9144 8254 14585 12406
6436,7399 5523 2139 1807 4237 458 9064 8450 1391 6999
6437,11884 13548 14117 11783 14521 12653 9126 9713 13024 8613
6438,9810 1665 9809 6887 1522 2627 13070 13889 4069 11177
6439,611 12032 4020 5 15020 8324 14158 13936 6003 14806
6440,2319 11235 516 14952 10381 3811 323 11424 466 12164
6441,4688 2369 11537 4687 4132 1354 1357 3083 2372 2371
6442,12298 14971 5678 14497 14606 12574 14903 12850 13885 11366
6443,11120 8141 5673 10622 8374 12551 13483 14148 14147 2869
6444,9393 11358 4971 7796 13404 6761 9239 9392 1119 11359
6445,4363 12877 6990 6572 7120 8494 7113 2155 137 81
6446,3017 14743 13366 406 14040 13741 3210 11255 14311 12825
6447,13587 9055 13940 14826 14088 7124 14306 9054 14555 15270
6448,14997 8873 14718 5037 8780 14827 1670 14036 12875 14493
6449,14299 10904 10042 571 11192 15009 3853 14926 2918 2655
6450,13430 5929 14471 14714 5107 7109 14483 3751 13431 11391
6451,13957 10746 3437 15179 6281 15022 13806 14046 10031 5112
6452,14306 9055 14555 7124 13587 14427 91 14865 3921 9054
6453,15132 14142 11167 9544 13831 14490 14417 14674 12383 8577
6454,13999 15133 12991 10429 10428 9798 9797 7351 9100 13620
6455,5783 10255 5781 1253 1845 5782 5917 6228 6623 2287
6456,15134 8999 15060 15064 14826 92 8587 53 2178 5699
6457,8999 15134 14826 53 8587 3063 14578 15148 14320 14827
6458,12134 14886 1518 14696 14697 13899 12850 12044 14887 12101
6459,13937 14930 2498 5545 1385 6902 12423 14391 14929 14165
6460,8108 14196 13409 5430 1785 2669 3171 8110 14590 14195
6461,15136 15117 15138 15137 10287 8708 15116 15139 13594 15135
6462,12469 15143 10287 15139 15142 8708 10481 2626 15140 14855
6463,6785 9826 3859 230 1467 1269 12566 12041 6244 4274
6464,7249 6415 2958 10277 14800 10279 6416 13729 405 13314
6465,15144 15145 14847 14541 10048 4066 11619 412 2013 7718
6466,11319 11318 12756 2887 13568 10818 11120 5673 13590 13878
6467,8057 6780 15101 13366 13685 13665 1665 11041 14616 10813
6468,14824 78 9054 8999 14166 14555 14827 58 14510 14868
6469,15146 9511 14931 7845 14687 10124 15244 7849 7115 6202
6470,739 15147 3790 14852 15230 14306 14555 6676 9054 3792
6471,3021 3160 14427 13033 14929 12513 13134 14930 14166 15230
6472,8164 4605 5689 7015 1721 15238 4133 8477 7554 7014
6473,15148 8999 15248 14690 14163 7121 11185 15134 9054 14166
6474,1883 12617 7909 9026 14783 14797 10037 12091 5634 13462
6475,11405 3019 13424 14136 14512 14591 726 11403 13286 11402
6476,15149 15162 3548 13804 5568 8666 14957 12620 1455 12835
6477,1532 8860 6378 5365 15264 7993 13627 2614 11112 2742
6478,15150 3828 11366 3824 3830 3829 657 3832 3833 1285
6479,10910 11669 11904 12191 10571 5397 7400 1830 11748 1836
6480,6784 7855 1126 13416 6502 10986 13418 4947 14533 11661
6481,14128 14344 8176 2230 10653 8462 3691 9341 2189 11473
6482,15059 15119 7002 15168 14143 14911 15051 12083 15121 13930
6483,15152 2614 5998 2742 3465 2820 13578 1532 1529 2741
6484,15027 14736 12934 1724 2869 12332 10461 6432 8164 7072
6485,14234 10696 10874 13914 12648 10873 7759 6796 14467 11210
6486,14616 8057 10701 8409 15120 12156 3887 12748 11041 15026
6487,6788 4909 10080 2567 14413 5332 13974 14164 4713 11586
6488,1532 15153 9784 6866 7237 2614 11112 13855 2820 6941
6489,13067 8899 12618 13064 13916 9348 9574 10959 2793 14779
6490,14699 664 15021 1620 1436 8798 11080 1622 15022 1621
6491,4437 4978 15057 4199 10606 380 8748 2739 9527 8558
6492,5896 4966 13184 4964 4073 5895 9228 626 7012 7302
6493,11424 859 1516 8038 15099 9277 7016 3055 11403 5140
6494,12748 12717 7937 12234 15120 11219 14153 14508 12338 14860
6495,15101 13685 6567 13665 8057 6780 13737 11996 11186 3483
6496,11148 2643 8479 8419 5281 8195 6872 9774 4288 14348
6497,13065 3573 7560 10242 3565 9372 4882 7558 3567 2797
6498,15106 15156 13557 13101 7014 11273 15235 15155 3486 9406
6499,14218 11382 11028 10999 10998 11987 1771 11000 9850 5845
6500,5552 9779 2709 11462 5538 9144 11458 784 7723 11460
6501,13399 4909 13484 12998 13462 8302 12585 14789 13463 14413
6502,14775 3896 11042 10976 8087 13819 14200 5409 13402 14770
6503,2767 11934 6381 5084 1238 10471 8453 1567 458 9065
6504,3037 1880 6473 7463 6445 2241 4147 1033 4240 3500
6505,9779 11461 9367 1989 11462 10039 9071 2936 4406 8753
6506,9348 11544 12066 14377 11543 13916 14798 9358 12069 13064
6507,13617 9803 1665 13887 6783 9809 6781 14340 14219 4551
6508,9319 4736 3186 5012 2021 6636 5042 14362 14493 9306
6509,323 1028 11328 15085 873 466 2133 3811 14415 14720
6510,8591 10382 10383 3662 15028 10672 2325 8999 15029 117
6511,3055 11126 9957 13626 8369 14875 8999 1367 15247 53
6512,1047 2168 5618 1901 2943 8959 11323 3266 1499 8403
6513,4295 593 1583 589 6962 4321 6474 4828 4322 611
6514,12928 12927 5246 11475 6513 14732 4444 11907 1789 8649
6515,1558 9323 9324 10373 9830 13278 13654 10372 12860 155
6516,13286 10821 12159 11405 14959 2108 577 14161 14685 9857
6517,8526 10898 3040 1166 9287 1549 2824 1133 11755 13734
6518,2457 1201 5090 7823 4219 2468 2994 7054 4243 476
6519,10917 9015 5331 13040 13900 5332 10916 14075 14077 13114
6520,12655 12211 13621 11721 4597 9969 7784 11722 1011 4137
6521,11813 1870 6275 6470 3289 11016 9030 896 15185 10985
6522,11254 13954 14985 5253 6716 293 9424 13681 2011 2010
6523,15162 15161 1799 4306 568 274 3074 7952 723 4300
6524,10407 49 7844 13051 10086 11945 14025 12068 14034 14024
6525,13954 2010 2011 13681 3005 5253 12624 5732 9407 4398
6526,13590 3442 6360 3083 6553 7057 4134 8166 8164 9751
6527,13571 11113 296 82 4973 56 7184 10664 38 2584
6528,14493 9319 14718 12875 9306 2206 8873 1670 14036 14827
6529,15128 6103 1187 5997 9442 10042 10763 12546 4230 10111
6530,5222 12171 14780 1636 14451 637 2793 2480 3274 13917
6531,15163 11883 53 11911 14578 14826 11884 3055 5515 717
6532,1166 3464 8526 2820 2742 405 1535 404 1165 12426
6533,11257 3808 8554 3804 10494 3809 11146 3801 3806 8241
6534,7643 1874 12470 1554 12129 1127 7649 9963 14588 14739
6535,15105 15164 1473 13108 1471 7857 1472 15159 10642 23
6536,14274 12620 12714 15088 4346 12784 11865 11271 12689 12621
6537,14956 12385 12333 13673 13647 9961 11384 12741 14013 14169
6538,1367 2804 1496 13022 4653 15276 4660 11369 11370 4650
6539,115 1901 8695 82 857 12546 871 15128 1047 1538
6540,3395 8948 1613 5513 14159 1131 9497 796 9140 7972
6541,10310 7724 3696 1456 8970 8975 3185 1233 1574 10305
6542,1796 6789 12418 6576 11824 14809 14043 13342 14975 14378
6543,11405 14136 12497 692 11402 14512 14591 726 11403 14208
6544,794 149 4462 2306 4695 5581 3574 14548 873 476
6545,15119 15051 8130 15168 15059 5376 13047 7002 8023 7345
6546,14361 11124 9522 14448 9116 12103 15175 11125 14205 14146
6547,2741 6120 12198 2742 6124 6121 2614 5998 1165 12425
6548,9143 15046 12600 9241 7205 10247 11291 233 15260 14708
6549,14377 9348 2788 11544 1541 4713 13900 2789 8274 13071
6550,618 385 2313 3144 14680 612 611 3811 15065 287
6551,2597 14628 7687 14627 3787 14630 14629 160 12170 8218
6552,15166 14164 13160 11197 15165 14658 6280 14371 6410 8646
6553,11128 9101 13703 14796 10036 14795 8899 14231 7309 14791
6554,14770 4594 3896 9558 13819 6795 14200 9559 14769 9560
6555,5565 14659 12366 12365 9083 5566 4643 4644 14043 4642
6556,13361 15167 13306 1636 14798 11544 14451 1637 11944 8739
6557,5332 3482 5331 5327 10917 3481 5326 10455 10457 5328
6558,13936 14453 12093 12274 1128 5 11844 12182 12275 1184
6559,14783 12091 14076 12999 7909 1883 12253 8543 14077 14075
6560,10542 10872 14683 8295 10874 14413 10873 14779 13969 1184
6561,13256 1883 1544 6796 14022 8420 9026 14234 13620 10918
6562,9814 2010 11850 2011 642 10901 14681 9959 11022 10900
6563,12274 12182 8663 8634 12275 8757 12993 13608 14772 1956
6564,11427 13382 11199 11426 13 14370 15167 844 13740 12184
6565,12748 10456 2015 15120 14153 11219 10457 10455 13399 14255
6566,14624 13818 12967 13944 5557 13817 9772 11165 13814 4056
6567,4594 6795 9350 2787 9558 4641 6797 9559 11210 6794
6568,13399 10456 12998 14789 13527 10918 3896 10455 10457 10721
6569,11143 5351 11260 6849 10506 9805 12566 9682 4850 9590
6570,7699 13520 3801 8421 5784 7700 14961 14441 14530 10912
6571,15168 15059 15119 15051 7002 13930 5376 699 1394 1631
6572,3058 3056 3053 3052 3057 8370 3054 3059 15061 15001
6573,6622 4671 7384 8575 13892 4672 14720 14429 6520 14719
6574,11776 11120 12866 13590 12147 14038 13992 5673 13557 12756
6575,11352 6362 6361 1320 2375 1778 9192 6363 4060 1779
6576,3723 11837 2945 3128 1328 3729 8176 1419 10654 4341
6577,8491 14892 8596 14262 11470 13054 13485 13613 13002 15165
6578,771 15029 14849 14825 5517 9223 14668 13190 15205 3055
6579,11373 11378 8793 11375 6788 6603 8501 7769 7113 174
6580,4035 5535 1140 10073 4037 10071 1011 1148 5532 5530
6581,1532 14262 11470 13613 4840 14892 8491 2614 11112 13611
6582,871 7696 5732 3015 11383 14692 8994 879 176 857
6583,7865 611 8397 14056 5601 3213 8460 618 1374 287
6584,14635 4956 8737 7359 14986 8733 5481 7082 8661 8739
6585,15045 4426 15263 13016 15118 14163 8999 7124 9055 6785
6586,8935 6084 9834 14980 15058 14979 1284 13425 14013 4044
6587,15031 14408 12783 11868 12503 11046 12150 2959 10160 3141
6588,10931 5987 10930 1752 1521 3984 2735 4568 40 328
6589,2869 2875 4139 2881 5447 2883 10199 7427 7554 4134
6590,8479 14669 2310 14348 2808 11818 15205 11863 15154 2360
6591,8659 7311 7040 9049 7340 5074 8661 7041 7036 8660
6592,14384 14383 12081 6228 692 12663 7872 9287 83 15225
6593,15086 13050 14214 692 14213 14209 15169 8525 14901 14211
6594,4590 2442 7654 4589 9879 4087 12761 12760 2988 966
6595,5205 10225 2180 5795 8221 11602 7409 5466 7709 7265
6596,12533 1568 9390 8742 5079 4353 6964 1685 579 13824
6597,12065 14891 11384 12312 13 8272 12697 10082 14923 9759
6598,2614 8869 6414 2742 7224 3465 13855 1532 6416 2820
6599,15171 4126 4752 15100 4751 14542 9842 11054 15172 4966
6600,12850 13885 11366 14480 5267 14130 5268 14538 14938 14506
6601,1840 13214 6617 13215 13213 14147 9226 10561 12083 11567
6602,8409 2705 6160 6167 6161 6165 15026 14616 8057 2008
6603,1011 10091 6739 14269 4616 8849 8541 11102 12608 3085
6604,9406 14764 14762 14546 7014 14545 13212 15156 3486 11273
6605,14887 14688 10384 6581 12574 14689 257 7177 12134 12850
6606,14887 14688 12574 257 7177 12134 12850 14090 8679 9998
6607,10125 5917 633 5904 632 14378 11050 2005 10126 6228
6608,15000 5225 14718 7631 11130 7398 3403 1463 7054 1395
6609,13057 15172 14502 5499 10558 8238 14967 562 5604 4742
6610,12850 13885 11366 5497 14480 1061 14130 5267 5268 14538
6611,8999 78 15148 9054 14166 14163 15248 14690 7121 11185
6612,12254 12164 14505 14671 5788 13761 11575 6935 7470 8866
6613,2468 551 3939 11300 6682 12212 8769 5888 7840 7211
6614,14986 4956 15246 14635 14997 7082 8780 8737 14483 225
6615,14996 4557 7841 13852 886 726 7849 4552 1257 7842
6616,9051 7717 6902 2291 624 2294 5719 686 2290 846
6617,15009 14910 14299 14926 14388 2595 14455 14950 8421 6079
6618,14561 14209 15173 12206 8456 14276 14596 14286 14285 14458
6619,10169 9789 9588 15192 5180 7489 12085 14729 12084 13025
6620,3578 5764 3401 12329 7983 7982 7981 3579 5766 12832
6621,15174 10268 13104 6155 11934 6072 132 7431 14447 11904
6622,7014 7015 1709 7013 14571 9412 7016 9307 14445 3486
6623,12850 14887 13885 7177 11767 11366 14688 14480 14130 5268
6624,12825 1532 3465 14811 14812 15032 8904 15091 2614 406
6625,478 14539 173 8950 14694 14548 476 14693 149 1734
6626,14140 1796 1452 12320 11758 126 1397 9265 713 11759
6627,1732 8971 12144 3134 9061 10517 12143 13930 14393 14614
6628,14353 4447 11219 8316 12748 4448 6537 10680 11218 7264
6629,4434 6951 4630 14582 12669 12537 4755 12670 6947 13542
6630,1390 4 3439 1389 3441 4503 12361 868 1900 1901
6631,5938 7847 14704 12321 9989 15175 10552 13181 14136 995
6632,5938 10552 7847 12321 11366 2332 15175 9221 6834 14704
6633,12321 5938 7847 14704 14490 15175 10552 13181 995 4727
6634,11366 13885 5938 12321 12850 14477 5267 14486 692 15175
6635,15175 5938 14496 12321 7847 11366 14485 14361 14481 14540
6636,12321 5938 7847 14704 14490 15175 10552 13181 995 4727
6637,9026 14496 1883 15175 11366 14491 12617 14454 13256 14783
6638,11366 13079 13885 14477 12850 5267 14486 692 13078 5266
6639,15175 14496 11366 9026 14485 14361 14486 14491 14481 14540
6640,11366 14477 13885 12850 5267 14486 692 5266 14479 14481
6641,15175 14496 11366 9026 14485 14361 14486 14491 14481 14540
6642,5267 14491 14496 11366 13885 14479 9026 12850 15175 14486
6643,11366 14496 14486 13885 9026 14491 15175 5267 5266 14481
6644,15175 14361 14146 14496 14485 11366 9522 14481 5938 14540
6645,11366 13885 12850 14477 5267 14486 692 994 15092 5266
6646,15175 14496 14485 14361 11366 5938 14146 14481 14486 14540
6647,13885 14480 12850 11366 14130 14488 14923 13896 13897 14131
6648,14481 15176 6077 11366 14499 14486 15175 6072 11144 5266
6649,13885 12850 5266 11366 14486 14480 14479 5267 14491 5268
6650,11366 5267 13885 14479 12850 14506 14491 5266 14477 14486
6651,11366 14532 13885 12850 14477 5267 14486 692 5266 14479
6652,11366 14491 13885 5267 14479 14486 12850 5266 14477 692
6653,5267 10210 8427 11366 13885 12850 14506 14479 15128 14491
6654,11366 13885 13697 12850 14477 5267 14486 692 5266 14479
6655,11366 13885 12850 14477 5267 14486 14527 692 5266 1181
6656,11366 692 10552 13885 14477 2332 14486 14479 12850 5267
6657,11366 12528 14913 14838 14486 13885 14366 14481 14491 5266
6658,11366 14481 14499 13885 15176 14486 5266 14477 5267 12850
6659,14508 15177 12338 14860 7937 13780 8419 10478 11820 12497
6660,15178 15144 15145 14847 10048 4066 14541 11619 412 2919
6661,10552 6834 2332 11366 14485 4324 692 9221 12974 3023
6662,15179 13957 10746 5112 15022 14046 3437 2354 11635 14045
6663,4126 5163 5170 5172 15171 14542 8513 14897 7543 10615
6664,11260 4016 14055 11886 11143 11366 4074 8182 6105 10820
6665,11366 13885 12850 14477 5267 14486 692 5266 14479 14481
6666,11366 13885 12850 14477 5267 14486 692 5266 14479 14481
6667,11366 15175 14481 14486 14499 14485 13885 15176 14496 5266
6668,11366 14485 15175 13885 14496 14486 5266 14481 14477 5267
6669,11366 12785 14486 13885 14583 14481 5266 14491 14485 5267
6670,11366 13885 12850 14477 5267 14486 692 5266 14479 14481
6671,11366 14485 13885 14486 5266 15175 14477 5267 12850 692
6672,11366 14897 5266 14498 5170 13885 202 5267 14485 476
6673,11366 13885 12850 14477 5267 14486 692 5266 14479 14481
6674,11366 11050 13885 12850 14477 5267 14486 692 5266 14479
6675,11366 692 13885 14477 14486 12850 5267 14479 14491 5266
6676,11366 13885 12850 14477 5267 14486 692 5266 14479 14481
6677,11366 13885 12850 14477 5267 14486 692 5266 14479 14481
6678,692 14491 5266 11366 14479 14486 5267 13885 14136 14485
6679,11366 13885 12850 14477 5267 14486 6467 692 5266 12338
6680,11366 13885 12850 5267 14477 14486 692 5266 14479 14481
6681,11366 14486 13885 5266 14481 14491 14485 5267 14479 14499
6682,11366 13885 12850 14477 5267 14486 692 5266 14479 14481
6683,12850 14480 13885 14486 11366 14130 14923 4430 5266 5267
6684,11059 3019 7115 2154 9223 13424 3018 108 10651 11405
6685,8882 12429 4345 10135 12996 2703 4852 10481 10766 10155
6686,7233 8891 10658 7232 11840 11842 11363 7168 11690 1585
6687,11405 693 6725 14136 11403 692 14512 11402 14591 726
6688,14959 13640 279 11237 6345 9856 10821 5997 6600 13668
6689,11124 3798 9116 11125 9522 14361 11126 7438 14240 2436
6690,14835 8221 11700 7328 11701 14861 6202 1728 13559 9966
6691,15180 14564 14565 10200 13511 11994 4756 7898 5019 15074
6692,14042 2089 14233 2094 2090 2091 2092 14232 13969 12277
6693,14193 13207 8564 1379 13266 10496 7663 1380 2914 14153
6694,14555 14449 14927 15288 14852 14843 9054 5777 14850 7124
6695,14555 14721 15288 14852 9054 5777 14850 3921 7124 14449
6696,3793 14941 13752 7251 7252 14162 13796 5581 7253 9321
6697,15181 4191 13588 14162 3906 7050 10321 14278 10171 5785
6698,4191 14162 15181 7050 14396 14933 14709 14941 8581 1396
6699,14166 8999 91 9054 14929 14555 9052 14951 14930 3906
6700,14706 14705 14942 8428 14885 14848 14707 14960 13521 14704
6701,9055 2391 12651 14088 11883 13587 10011 12025 10007 4426
6702,11734 9197 8012 14001 9947 10982 133 4182 4673 10972
6703,15182 8666 2598 3548 13836 2596 13208 7256 2591 22
6704,9014 11973 776 3952 4468 794 6958 10249 9045 454
6705,14716 14141 4591 15281 14717 11965 12837 8732 7141 14140
6706,10042 10210 2918 8427 2925 10904 3853 14299 571 2655
6707,11654 14227 4474 7012 10200 2930 6495 10102 10625 9228
6708,13836 2598 22 15182 14224 8666 2596 9583 9519 2591
6709,14925 14741 2637 8488 7188 5522 11919 9097 6153 6152
6710,7124 13912 3921 9054 8999 8377 15228 14555 13587 4426
6711,14821 14822 14592 10115 10833 10834 11731 15252 14940 7849
6712,1855 6544 8444 4962 4753 4964 6731 6732 4073 12296
6713,14970 8143 9578 11564 14329 13018 9430 11006 1665 11007
6714,9055 8413 8762 15255 14088 2154 13587 14583 12785 14612
6715,15184 8999 11820 14550 14555 14166 91 14620 14081 15288
6716,138 5412 9613 11485 4384 4729 14418 15229 323 2130
6717,611 8335 15020 5381 10441 13079 5385 12575 12576 10893
6718,3548 8666 15182 656 2598 13208 7256 6815 6816 6814
6719,14163 4426 15045 8999 15263 15118 15233 13016 58 14391
6720,14834 14833 14436 5788 11400 5709 10011 11397 11398 6884
6721,1885 8323 5572 13532 8324 14831 14832 1958 11362 4701
6722,14953 15185 10183 23 9030 10985 12819 5990 15159 2111
6723,12875 14493 14827 14825 8873 14718 14826 8999 9319 9306
6724,14132 14527 13697 5016 8995 14680 4316 14057 2591 14528
6725,6780 8575 9803 1665 6781 10810 6783 6520 14429 13365
6726,14522 15026 14095 14094 577 731 12973 14281 14013 4731
6727,641 610 614 6509 604 9790 615 10353 10351 7748
6728,13673 13924 12659 11554 14323 13647 11555 12333 9961 10694
6729,692 14136 11405 11402 693 14208 11403 11366 14512 14591
6730,13892 13943 6622 14885 14563 12324 7699 14960 13350 14961
6731,15186 6622 9239 6761 11358 8016 15070 11359 13892 9292
6732,11405 14208 11402 13182 14136 11403 14889 692 14512 14591
6733,15070 8016 9239 6761 11358 15186 14958 3429 13627 14266
6734,12254 6614 12164 14502 14671 14730 14505 13761 14503 11575
6735,14970 14329 9430 13018 8408 10484 14854 14526 13132 7381
6736,14465 14652 15187 13627 14168 3893 15070 14466 14958 6717
6737,9228 4964 5896 4073 7012 5895 645 7744 7745 7583
6738,8007 8133 8132 8027 14666 5376 9190 14667 9189 1631
6739,15188 14209 14213 4450 8459 14596 8127 12224 12225 14458
6740,15186 13690 13265 14715 9557 1783 14012 13266 4567 9239
6741,14008 5352 13694 15262 12590 14495 5356 13695 13606 12162
6742,14209 7256 14596 11962 14458 14595 14366 14213 13680 15188
6743,6622 6761 2108 6189 1380 13892 1379 9239 15186 11358
6744,1379 13207 1380 14193 1375 9292 6761 1376 9239 11359
6745,8666 7256 13208 3548 15182 14366 2598 2914 11962 14838
6746,3019 11405 7115 13424 11059 3018 108 9223 3240 3243
6747,10821 14959 8145 13286 9963 279 13640 12474 14685 9964
6748,14563 13943 13350 14756 13892 12324 7699 12465 14960 14961
6749,6622 6617 6619 6621 5486 13892 6611 6609 6610 6616
6750,14213 6991 14209 15188 8020 2651 6993 6992 15086 13838
6751,14517 3771 7984 12901 13949 10906 8134 7983 7982 7981
6752,5788 12474 8145 9963 12471 12473 14959 6884 10821 9964
6753,10786 7497 5897 3886 2149 14070 9053 7494 11133 6879
6754,14579 15189 11632 14615 14364 7220 14503 315 11959 13513
6755,14143 10011 14667 14911 857 7002 14666 12986 14833 14834
6756,14528 11786 7401 1846 7664 6171 1111 7663 13988 11649
6757,9842 13602 15172 6952 15100 15171 9225 14565 5604 13057
6758,6516 8914 12972 12973 3254 1201 7083 4942 8556 1763
6759,7253 7222 6887 7401 1721 11940 7252 1863 6542 13616
6760,15189 11796 1845 7528 12590 14579 6494 11632 5783 10255
6761,13388 11126 3063 11914 4153 14840 14839 14686 14841 14543
6762,740 14907 14906 15190 14979 14089 14348 1351 14980 3615
6763,8999 15148 15248 14690 14163 7121 11185 9054 15134 14166
6764,8617 14035 14381 15109 13383 14788 14784 7443 12601 13780
6765,14660 259 924 9799 14573 14861 5369 9777 9778 3771
6766,12850 14711 13885 11366 1627 14480 5267 14130 5268 14538
6767,1694 14229 14883 1695 4672 13793 10488 11248 1699 13848
6768,10701 5717 13179 15120 3665 12156 3887 11353 2652 14616
6769,9989 14704 1500 9242 10380 15287 8189 12440 11965 14136
6770,12850 14538 13885 14938 14973 11366 14264 14480 14130 5268
6771,14674 7719 14886 14470 14490 14417 14142 15260 9143 6766
6772,15191 14509 5972 13227 12633 4383 7170 9497 794 5974
6773,857 871 1901 115 8403 14143 868 879 1047 2764
6774,12850 13885 11366 14480 14130 5267 5268 14538 14938 14506
6775,15192 10169 12085 9789 12084 14729 9588 14091 10242 7003
6776,14329 13132 10484 14854 14970 12362 6270 14616 13018 9430
6777,14538 14973 12850 14938 14264 14415 7229 14222 14223 13623
6778,15193 8428 11287 14944 13521 14972 14068 14942 14705 14456
6779,7643 8397 1127 7888 7649 10442 6488 15018 12470 10444
6780,8999 15134 15064 92 15148 15248 14690 14826 7121 11185
6781,14618 7572 93 14547 14619 14866 14163 7573 1727 12146
6782,11932 7229 12483 9486 5023 10668 14694 14539 14693 14129
6783,12850 14938 14538 13885 14973 11366 14264 14480 14130 5268
6784,14320 14306 10215 10745 12206 7898 5971 13587 14869 8999
6785,5107 11668 11666 14952 14224 14157 11667 13430 7109 5108
6786,8374 2804 8141 342 13022 4653 4660 8373 14638 4650
6787,3213 10893 7230 14620 611 14621 15184 6016 6002 578
6788,14565 13602 11026 14564 4336 9842 11027 15172 10200 11025
6789,58 11126 14163 14980 15285 14605 14604 8999 14824 14742
6790,7898 14564 740 15074 6881 7865 8992 106 15180 14565
6791,8999 14320 15148 10215 15248 14690 14163 7121 11185 14826
6792,7898 10215 149 5971 6881 10921 14995 5541 10541 14320
6793,3617 3616 15054 3615 3912 1171 12558 11022 12559 5124
6794,14974 1904 4336 14975 11026 1697 11027 11025 8428 10608
6795,9056 14904 9300 8588 14903 14804 14566 14163 3841 14543
6796,14285 14286 15173 14209 12440 14561 13896 12206 5190 8456
6797,1697 8123 8459 15188 8121 14974 8127 1695 14163 8122
6798,13897 13896 692 15195 11366 1858 14136 8250 14285 13894
6799,15194 4379 11311 11314 11312 11309 11307 10038 11308 11313
6800,15195 1858 13897 13896 12206 1859 14306 11126 6106 1863
6801,13896 13897 15195 1858 13894 14285 692 12206 14306 1859
6802,91 2083 12711 2084 2085 3056 3058 3053 8999 3052
6803,13896 13897 1858 15195 13894 14285 692 12206 14306 1859
6804,15196 692 14637 11366 14136 8250 11405 14823 14491 10507
6805,13896 13897 2013 2134 15195 1858 14285 4803 6582 7467
6806,9698 2424 2899 14643 14642 17 2397 13739 14644 8474
6807,14561 5683 15173 12206 692 14443 782 8456 14209 14276
6808,8054 714 8456 11307 14984 10444 10443 14561 15173 12206
6809,14074 13813 12841 14075 14077 14076 13997 9015 14416 4840
6810,15060 15134 14826 14570 15063 8999 15028 15064 13414 92
6811,6622 2108 13892 14206 6620 6189 14889 14885 6761 2979
6812,6622 7002 13892 14143 14911 15119 15059 15121 12083 14889
6813,15077 6971 8241 7240 14781 9573 9531 2950 4346 4484
6814,15197 13653 11105 11781 13652 14365 11177 5923 7830 10276
6815,1222 11711 7936 710 4358 13905 1837 6692 11355 11241
6816,11473 13699 5096 10820 113 9359 10662 15060 8326 14669
6817,9220 5110 9892 9893 12008 11120 5673 9894 9895 9462
6818,1855 5325 773 10414 11322 14714 6731 6732 4112 4964
6819,14143 7002 14911 857 15119 14667 10011 15059 15121 12083
6820,14143 7002 14911 857 15119 14667 10011 15059 15121 12083
6821,12837 4591 7141 857 14716 14466 14143 14141 12838 11965
6822,12083 10765 7271 10766 7658 10763 7002 2925 3747 10764
6823,7457 630 1332 6220 12547 4541 3093 12059 7580 7469
6824,15198 10028 14789 7963 10031 10030 6839 10029 9401 10032
6825,9666 9547 4598 9548 6432 9549 1011 9553 3415 5535
6826,15199 7229 10865 12020 7249 9486 14694 11932 14132 14955
6827,7457 12059 8299 12009 5514 14136 693 4541 8064 692
6828,15108 14790 14276 7336 13257 13810 14777 7444 8237 14561
6829,58 11126 14163 14980 15285 14605 14604 8999 14824 14742
6830,771 14849 9223 13190 15029 8189 6206 9056 12689 14210
6831,14493 8272 12689 14923 12065 14476 15060 9306 8581 15088
6832,14565 14564 10200 13511 15180 14487 4756 14478 5019 3898
6833,15202 11054 15164 2596 12826 2598 12502 2591 7623 13105
6834,3771 14693 14393 2678 14955 14694 14539 10865 12020 3895
6835,9830 5788 10986 9999 7678 9331 1558 9324 9323 14028
6836,8407 10495 8421 15009 10496 10492 14910 10498 512 1102
6837,14441 3801 14004 14961 14908 14909 14530 8421 12324 13520
6838,15203 5489 13767 12958 9431 3019 3618 13116 1791 12953
6839,15003 3061 3062 9818 14840 14993 14989 14990 14991 14992
6840,9052 12015 9054 14929 14166 14320 14869 12014 10078 2130
6841,14209 14596 14595 13680 14458 14213 15188 14286 14285 11120
6842,14596 14595 14209 13680 14458 14213 15188 14286 14285 13682
6843,14209 14596 14595 13680 14458 14213 15188 14286 14285 11120
6844,11549 15249 15068 15190 14597 2325 13173 13174 15067 15250
6845,14840 3061 3062 14993 15003 14989 14990 14991 14992 14988
6846,14586 14524 471 13831 11440 14426 2659 360 14216 10562
6847,611 6825 15020 9781 618 10893 14680 46 11092 10421
6848,15204 7313 15007 15084 14272 12514 3226 13412 10018 2511
6849,11140 11147 11758 5376 15168 15051 13406 12945 12765 12694
6850,15205 15154 9319 11863 1500 8479 9306 14493 15287 14348
6851,3744 9494 4717 6768 9493 7917 9492 8616 6678 8714
6852,5222 12277 11190 10356 6140 10603 13735 12613 10359 8103
6853,1160 650 3288 1161 11855 10780 3359 10430 3826 2484
6854,1963 6050 853 2312 46 1100 2460 149 3620 6957
6855,14363 6339 10554 13603 4596 14440 1145 488 10555 7215
6856,15206 15207 5527 7428 634 8816 5488 7626 5524 10870
6857,7152 7697 12543 4052 3538 7907 2448 1452 12085 7696
6858,15208 15209 2443 14763 12632 15155 14764 12760 4086 4991
6859,234 235 1619 1617 1618 11087 1456 1622 1621 1620
6860,6143 10404 184 2030 10158 4276 2156 10397 7716 12050
6861,15210 13635 14877 14183 8808 14328 12883 13441 10733 14662
6862,10524 12584 10523 10525 1532 13410 13455 3400 14684 6714
6863,12784 15088 12620 12689 11865 11271 14274 5438 14493 14742
6864,661 1917 3132 10905 9526 5669 10904 2457 9139 9616
6865,9991 7243 666 2182 10470 3976 4335 5960 4186 5025
6866,5244 5243 11357 8025 11358 12207 6761 1124 4971 11359
6867,1987 9458 9294 7080 2260 2259 3887 11642 3413 4950
6868,14443 14967 764 782 5898 5683 773 970 14442 11659
6869,3058 3056 3053 8370 3052 3057 3054 15061 3059 15001
6870,15187 3893 6725 6717 14652 6719 10787 6718 8517 6984
6871,15216 14810 12797 13337 13342 13390 3587 10259 2402 6789
6872,1001 2876 3843 4416 1002 3844 1826 7554 9194 11768
6873,3667 9193 2999 7065 3074 3416 3666 11778 1003 3688
6874,14283 11347 6431 1355 4661 3001 1354 2615 1357 2375
6875,14388 10537 7965 9933 6762 46 5749 3044 2028 5838
6876,9249 4985 11044 6675 6637 14226 11047 12362 1890 14663
6877,9532 3800 973 14017 12512 11652 13909 3485 1865 146
6878,4818 10275 2809 8994 7417 11461 4061 1280 9562 5771
6879,12261 15049 12146 2875 1151 4402 11102 1723 1711 6067
6880,13130 5613 11856 888 277 10022 12423 14095 7438 12973
6881,1145 560 1136 3842 1146 4596 4609 7215 13723 1721
6882,113 7123 11473 7127 7159 5569 13699 7117 2125 14669
6883,1572 1943 506 3398 7152 13454 9648 7776 1237 9491
6884,101 3219 14690 14264 15233 14898 8999 15270 14547 15013
6885,15217 15219 15170 15218 11252 15220 11251 15169 8525 13736
6886,10192 8253 6550 1357 12561 8254 10191 6551 3442 2369
6887,13711 14359 13482 1532 9784 8808 11111 14803 11112 2614
6888,14770 10085 10695 10694 14769 15089 13114 9558 14398 3896
6889,15217 1317 15220 12629 3442 7065 3444 15170 12630 15219
6890,6770 12212 701 4309 10034 6501 6837 6771 7808 7809
6891,15222 5540 3148 8697 3648 4153 11272 3811 3943 4031
6892,5786 11868 4636 7000 5787 5215 11364 4992 3378 4991
6893,14752 14352 8434 14540 7264 10560 13176 2840 12439 13642
6894,4085 9715 2798 9265 7398 1759 11759 6577 12983 1553
6895,3903 10500 7452 3347 3899 3901 1058 44 7910 692
6896,15224 15223 2614 14408 5192 2742 3465 1532 2820 5998
6897,11713 2063 7646 547 1101 2064 1035 3529 4143 5185
6898,7697 7696 6596 176 2448 1452 14692 8994 3015 8704
6899,10441 10007 5703 2439 13392 5384 1211 9218 8335 4245
6900,4452 1957 7182 6002 15005 640 5324 5328 7181 3149
6901,15225 13216 14500 9287 13993 13112 718 14268 14830 14654
6902,12829 15092 994 5322 6984 12324 876 1673 3893 6271
6903,611 9781 12273 12272 15020 14985 10893 14680 3213 9424
6904,9060 1949 8926 9059 13079 13886 14529 10483 10559 12512
6905,1532 1533 13329 11112 2597 2614 2742 8904 13344 3465
6906,14641 12899 2404 8084 12276 4421 11941 12900 2403 2401
6907,1345 11821 13317 1346 7333 3150 6713 7334 8398 13318
6908,13783 13317 3613 3612 9337 3611 11821 7657 14093 6950
6909,14986 15246 4956 14997 8780 14483 645 258 12568 8027
6910,11804 4364 9529 10417 5083 2939 5726 8878 13048 2062
6911,14889 6622 11384 14205 13892 14462 14203 14460 14964 9965
6912,14430 13977 14933 3055 9056 13953 114 12689 8588 3037
6913,769 2448 4020 770 7680 2106 2771 176 7697 5155
6914,11221 9393 5373 284 13535 613 13424 1119 14203 14462
6915,15226 13414 7159 14898 13952 101 1367 7123 114 7128
6916,11985 245 6365 1581 10784 585 8418 7931 1095 1732
6917,13439 13850 10730 13440 2959 12884 15102 5397 5193 2816
6918,5579 5578 4925 1690 5580 466 13820 13907 2953 6332
6919,13972 13408 13970 13407 5964 13548 1872 13971 10316 3639
6920,1859 1860 13992 1858 1863 12551 2379 14458 2375 1861
6921,466 10294 2024 3104 9505 6854 3196 607 2763 4221
6922,7448 8194 7365 3468 7763 8704 4712 3135 6831 1881
6923,5502 3551 226 14590 1101 8110 8108 2736 7021 2993
6924,3441 1443 1638 8070 1460 6963 3196 6961 815 467
6925,8260 9222 14928 3754 10666 15227 11815 1463 12921 3755
6926,13069 11043 12467 14012 14213 13162 8033 13901 4567 11047
6927,8737 8661 7531 14635 8733 4956 14223 8739 14160 8736
6928,7394 5594 3942 1836 12714 15228 7395 5592 12424 7396
6929,46 169 2960 12205 14400 11902 149 2121 8464 6762
6930,10640 14857 335 7234 8977 13371 13037 9373 14881 5109
6931,15228 8377 14404 8999 3176 7124 3177 13912 53 3178
6932,15043 8494 15042 1540 4363 11651 7120 8497 12877 8498
6933,12941 705 11854 3242 4807 240 2266 11469 4806 4568
6934,131 5791 67 3501 10547 5792 7670 10293 3510 12764
6935,1544 3332 1623 11715 12362 1883 2795 9770 13256 10012
6936,13054 13485 13002 15165 5326 2833 14892 8641 12198 5328
6937,15204 15007 14566 14543 7313 13920 14475 13603 15013 3226
6938,1028 8702 8701 15085 14220 14415 12483 14720 2807 8700
6939,14418 15229 11485 8816 10163 4660 383 1660 3396 2130
6940,1532 1533 13329 14324 11112 8904 2614 11122 3465 2742
6941,3404 10278 1839 12322 13194 15242 14305 9366 13125 10279
6942,14419 15012 9802 7126 8139 2304 9819 14675 1035 3500
6943,6622 7628 9965 5446 7625 13892 9963 8148 7627 5443
6944,12388 14904 14941 14426 692 14862 5183 13670 13920 5515
6945,15230 14136 13670 5516 739 2142 3021 7113 14852 692
6946,13037 13371 14857 5109 14881 8597 10640 13038 7825 5368
6947,3112 6870 6910 1097 466 3739 3114 5468 5411 9082
6948,1320 1319 1779 6362 9192 6363 1778 4060 6361 2375
6949,15232 15231 6297 9697 1942 4462 1898 7466 6909 7172
6950,11611 12519 5696 13280 14065 13279 5692 5693 5691 5697
6951,12182 12274 8964 15005 4452 8757 13608 14772 1956 8838
6952,13314 8713 6415 13144 10731 7249 5570 4840 6284 8710
6953,4350 1463 15227 1462 3428 13312 3429 8397 15000 1395
6954,15233 15234 14163 101 4379 12457 13116 267 8682 11491
6955,15235 13101 15106 14410 15156 15155 13557 12961 11273 9406
6956,7099 7100 7070 10995 7098 10589 982 7095 2881 10996
6957,4901 4905 4813 4913 9499 4891 3377 3236 7877 3237
6958,1638 5524 223 11079 1443 736 212 6963 3441 221
6959,11112 8892 11880 1532 6996 2614 12535 1475 2741 1535
6960,14178 13669 7860 13254 7970 8264 13654 3805 12518 4361
6961,4132 3843 12071 2876 4688 7091 4687 4416 6811 12077
6962,6761 9393 9392 12948 11358 4971 11359 9239 1119 4513
6963,3486 13556 9412 13282 7014 7015 9406 10911 9307 13557
6964,7014 7015 7013 14571 9412 9307 7016 3486 14445 4062
6965,13557 9422 3486 9406 10911 14038 13282 11776 11273 7014
6966,7293 14947 8105 13031 7334 6790 13118 3578 8439 411
6967,11598 7498 1011 12332 4037 1862 6245 13981 13711 2880
6968,10715 10766 870 12429 2703 82 1902 9582 115 14690
6969,14338 14339 12632 12628 12627 7013 14445 12630 11273 13121
6970,4314 2712 4306 4304 4309 4311 4312 4305 4308 4307
6971,15167 11199 14772 9769 13361 13020 14451 11427 12274 12182
6972,9308 15156 7147 6356 13212 9406 14546 7014 7013 15106
6973,13170 4710 13456 11547 13457 6622 13458 4338 3522 10570
6974,5190 14286 14285 15173 9935 12440 4038 6990 14209 5189
6975,6812 884 11149 6697 12086 5823 3810 3811 3691 6813
6976,258 12320 3602 8193 11030 2928 9693 3407 9271 2344
6977,15054 12763 15053 9880 3617 15052 4581 12943 7655 12946
6978,5004 9320 10373 155 8348 2794 5415 4726 156 153
6979,12420 1367 11646 91 10503 11482 3270 3594 11443 40
6980,346 4046 3153 4295 3910 2012 968 451 1802 15099
6981,13212 14762 14546 14764 15156 8296 10911 7014 11273 13556
6982,4743 7070 10996 5846 10627 7099 5845 11000 10630 1001
6983,14080 12440 15287 14286 14285 14605 14604 1500 9056 7915
6984,6899 6889 1373 9903 10537 7758 3459 9921 281 9915
6985,625 12784 9296 13517 12178 15088 14742 14585 9144 6596
6986,9101 12977 14076 7759 311 14853 14075 14255 14077 13611
6987,2741 11879 2742 11878 11755 2614 1165 5998 12425 2820
6988,11369 11368 11370 4663 4660 11371 4662 4655 4657 4653
6989,11671 8973 11952 2209 3299 14319 8760 14295 12397 88
6990,4687 4132 4688 4138 1320 1321 11723 1779 2372 2892
6991,3187 12190 3373 10736 1021 11160 15184 13794 5121 13795
6992,6406 6407 9130 7829 6403 3908 6404 9520 6402 11084
6993,2508 2232 12782 5016 8995 11913 10531 2116 2744 7290
6994,14290 6664 14288 6655 10397 6666 6662 6665 6653 6656
6995,2869 12332 5449 14736 11598 7215 1011 5448 13711 4037
6996,12085 330 12543 12084 14147 7152 10561 10169 12766 13214
6997,6773 5468 1183 1184 10746 6501 12546 10031 12833 10111
6998,7498 4608 4136 8165 6737 10367 13565 10368 10574 10576
6999,7369 6987 507 5035 9648 5742 13083 7870 7873 7874
7000,11647 9182 13365 3822 2243 6476 1960 9185 12775 9132
7001,15238 4605 8164 13665 4133 7016 9852 1721 7015 5689
7002,1737 2527 2758 1373 1375 1280 6889 8733 2546 3527
7003,13984 7425 1322 9192 1778 2371 6364 11120 4060 11624
7004,2375 2371 6361 6362 4415 1320 1778 4606 1319 4060
7005,2375 13878 2380 2379 7449 7064 2371 2372 11347 7450
7006,8399 13139 1684 3457 5778 8670 3171 3170 10472 10619
7007,11598 12332 5689 8541 12377 11799 1011 13277 7498 14464
7008,14661 1243 11608 1452 10452 8970 3773 1069 4340 3701
7009,13040 14215 7545 3824 14314 12980 13771 9015 13900 7499
7010,13121 12309 7714 12867 8576 13122 5969 354 6060 14056
7011,11120 5673 2887 8477 12551 14226 14464 7296 10067 14459
7012,1721 6360 5689 2887 9851 12075 4133 14464 1357 4605
7013,1452 167 6821 7697 1796 2312 6596 1569 3222 126
7014,15162 15161 1799 4306 568 274 3074 7952 723 4300
7015,14870 12434 618 12436 287 15269 13129 363 2130 40
7016,14717 1880 612 14716 618 6868 11092 12574 15147 23
7017,2869 7427 7217 6363 4606 1320 6362 1321 9192 2375
7018,3055 8044 7186 9420 2342 12002 6309 12579 11762 3612
7019,13415 9165 5779 11445 11446 13129 9404 269 5339 5712
7020,12423 5545 888 6953 14391 796 10022 214 8259 8257
7021,13842 9996 3091 7725 9998 14090 14104 9542 12437 2905
7022,7215 1136 3443 1145 1146 4689 4690 5845 4596 10626
7023,8999 3055 15226 9519 9426 5460 15148 9428 13312 11185
7024,12756 13590 13568 2887 11120 11319 11318 8164 11776 10818
7025,8146 3153 243 9887 10618 4774 6192 6132 722 6214
7026,6897 5424 7133 6895 5425 2071 11393 17 1687 3823
7027,11028 9850 7960 5636 3458 11798 5690 2607 14218 12262
7028,7217 1353 1006 12936 1704 1773 1774 1008 6363 1011
7029,8047 6053 3556 7696 1836 2758 1798 2754 2932 7510
7030,3237 4913 4891 8349 1163 4901 4887 3236 7561 1371
7031,8709 12114 6417 8710 12816 8711 3465 2614 1323 12113
7032,2794 9774 2133 11069 7727 2652 1291 7731 2516 5748
7033,12011 14120 10142 1106 4968 15245 11904 14674 14299 1107
7034,2824 15096 13926 14331 408 13575 1660 10410 13353 13260
7035,10378 10377 10376 6727 8376 7764 6341 10712 5749 6892
7036,9340 8832 2837 13336 11429 12838 11880 10934 5753 12764
7037,11405 14131 6934 14136 14512 14591 726 11403 14494 13286
7038,8195 3 4850 5351 12169 12170 3500 1282 11148 1905
7039,2375 4060 2371 1320 1778 6362 1779 6361 9192 1321
7040,1532 49 2614 2498 11112 2742 3465 2820 9784 8904
7041,2362 14520 4810 4811 1088 2363 13036 14521 12297 12437
7042,2375 2371 1320 9192 1780 1779 1778 4060 1319 1321
7043,4452 5328 640 15005 5326 1957 5327 1882 5330 14026
7044,8999 8591 10382 10383 15148 14163 15248 14690 7121 11185
7045,5498 7758 8802 8972 6899 9921 6889 6888 9903 281
7046,8999 9054 611 10483 10482 9299 3178 3021 14929 15148
7047,12512 3071 8482 3069 3072 8932 3800 2016 9497 3070
7048,6613 2277 2927 10642 7863 11466 8788 9088 10868 7804
7049,8429 13923 14801 7442 14912 14017 10694 13924 708 4020
7050,15154 15123 11485 14907 1698 10294 7377 2703 2134 14906
7051,13853 4580 3789 2981 11794 8379 8380 8384 8381 8387
7052,12905 12906 12903 11286 9517 13315 14007 12904 2614 5430
7053,10919 467 2777 794 3222 5972 2936 2001 2448 6216
7054,7249 15199 7675 7229 14800 10865 6415 405 13854 8731
7055,6352 11121 13007 3465 11122 1532 2820 1166 1323 2614
7056,4687 4132 7057 4688 4138 3083 1317 7427 1011 1719
7057,1529 3464 3046 1166 2614 2820 2197 3465 2742 13578
7058,2820 1166 3465 11122 3464 14712 2742 13007 405 12426
7059,2820 6000 6001 14084 2742 1166 405 12426 3465 2614
7060,1532 11122 3465 404 11121 9791 6352 6417 1166 2820
7061,1529 8904 11121 1532 3465 2614 2820 13578 11122 405
7062,12426 1529 14599 2364 13717 13186 2820 13188 14309 2614
7063,1166 1532 405 3465 404 1529 2820 2742 13578 2614
7064,5187 2234 9282 10140 11644 2518 2528 2527 5078 2514
7065,11323 2696 206 1438 9816 2702 11088 2943 2711 8485
7066,4753 11397 11871 6231 4962 14691 4964 13176 6544 4751
7067,15240 9440 9519 9680 3029 10065 7272 3802 2714 4313
7068,14137 13998 13905 14497 3815 14136 4670 7742 5782 13885
7069,2804 13022 11369 4653 4660 11370 11368 4663 4650 4657
7070,5591 5586 4223 1219 8179 1683 6469 8286 3478 4250
7071,297 13976 5421 10267 13129 11953 10123 4634 2271 10612
7072,15241 8023 15051 13047 8011 8008 8017 8010 8015 8034
7073,4712 207 1545 7386 4711 3121 7090 1547 205 1546
7074,5858 5424 2318 3528 189 3531 12420 4146 3358 8449
7075,2441 9880 12763 9879 966 12761 4589 15053 12762 12944
7076,727 584 730 731 728 733 725 723 729 732
7077,7925 4845 4207 13724 14913 10890 618 11745 424 13412
7078,9188 11699 5322 11364 7918 5092 4909 7800 10006 5835
7079,15242 13125 10278 10056 3393 7071 9799 14981 3392 11747
7080,15243 4814 3884 9353 9352 9347 2290 3727 4812 7780
7081,4974 3222 9072 5292 1191 6402 6767 5289 9447 15245
7082,8376 2204 7208 5351 14510 13909 3485 10595 4428 1935
7083,1784 7662 10104 13667 10103 2992 14411 13840 3798 13934
7084,740 12017 5282 1493 8651 1488 15075 1489 12497 14089
7085,13282 3486 4399 14545 9412 9406 7014 9422 13556 7015
7086,716 13597 10584 13658 13542 12252 14875 12251 3877 13879
7087,769 3709 1973 2448 3811 1230 176 794 5418 1452
7088,8993 1088 5346 2449 5347 9993 5772 14414 13799 1948
7089,13808 13913 9209 9227 9319 101 3333 13891 7128 12547
7090,3599 11960 10058 3595 3596 734 7918 466 2738 476
7091,11550 14710 12347 14636 8401 13936 3183 3622 10968 9531
7092,10356 5361 3348 3680 12108 13041 5803 13735 5176 10359
7093,13194 13193 8263 1540 10930 12231 12322 10931 15052 12060
7094,9799 15242 14660 13125 10278 3393 7071 10056 4381 3401
7095,2536 2551 2503 2505 2562 6914 2490 1880 2543 4024
7096,14155 8486 7333 9761 4356 12027 5554 6350 3896 14892
7097,11120 5673 12551 13483 14148 2869 8164 12756 14147 14209
7098,11937 15098 11939 11936 11938 6923 611 8998 13117 14446
7099,7561 4344 7048 1163 3312 6928 8481 3237 4636 4906
7100,611 11937 11939 11936 11938 15023 14603 14898 8998 13571
7101,10102 6651 10567 6954 12021 8188 3362 3215 1393 4223
7102,4510 2467 12018 9593 12360 2776 11216 3631 8365 9619
7103,5514 15163 5515 5513 5516 11883 14224 10126 9114 13487
7104,14236 5673 13878 11120 14459 14678 2887 12756 12551 13852
7105,3547 6108 1053 6388 5289 1076 5338 1080 1038 1014
7106,15058 13425 7623 4044 6084 3980 2286 11156 8512 5982
7107,3019 9055 14088 13424 11059 3018 7115 11405 13587 3240
7108,8971 6041 1880 2560 12022 6596 4863 6046 11739 3404
7109,4009 13145 639 915 11855 15005 13716 9718 12168 5559
7110,7263 14298 10546 10158 1018 10341 10547 10342 8368 6889
7111,2081 2079 9680 13552 3552 6532 10489 2225 5609 2304
7112,12669 8085 7911 10961 13608 13609 13825 12537 12670 11405
7113,1354 2369 6320 1355 1357 11987 2371 4141 2886 2378
7114,13808 8802 4422 4423 8199 6929 2084 14605 14604 4433
7115,14534 12571 5210 12569 6786 73 10798 3993 2227 9339
7116,15198 14789 10028 14155 6273 13399 13527 12998 10918 3896
7117,5579 2953 6332 5578 13820 14111 995 13821 9576 13066
7118,14347 14265 7071 15242 4605 13125 1013 2888 5367 10626
7119,83 1868 4442 7822 1867 3602 6054 12788 12787 7357
7120,1568 782 3487 4929 4181 3976 4004 10742 4488 4245
7121,88 2470 4911 11974 9493 11676 7330 5410 466 2473
7122,2614 13701 2815 6352 2742 3465 2820 13578 5998 1532
7123,7146 2717 2258 10864 2688 920 8619 3560 2710 10696
7124,12435 8846 9349 12436 12434 15269 611 4016 12433 6522
7125,10964 10963 2113 406 8362 8808 8894 12150 13455 14457
7126,2085 2084 2083 7121 7458 9883 6677 45 7191 7190
7127,6053 5092 11550 2767 6643 8790 7348 9069 9530 4235
7128,2428 2790 6220 2750 3110 10102 349 8176 4830 8798
7129,771 13412 44 9203 10238 6902 28 14849 3921 1255
7130,12941 3242 705 240 2266 11469 4807 2264 6749 4568
7131,2790 3110 8553 2750 2428 12714 7552 4818 7394 4820
7132,4031 4717 9494 3645 8457 2490 7622 4178 2219 4029
7133,1011 14751 2880 4036 3038 6432 4598 14745 14267 9666
7134,871 10762 3748 7504 1551 3255 879 857 2826 1103
7135,4933 8800 9692 8461 14586 5260 8795 14511 6904 2156
7136,8561 74 7082 9770 6823 3803 8388 8562 2986 3031
7137,3811 1252 11272 648 10281 4405 1255 7688 2309 14893
7138,12469 15143 15142 8708 10287 14855 15141 15140 15139 10481
7139,2611 11042 8585 12268 2668 2612 14144 5409 11039 13402
7140,14989 14990 14992 14991 14988 3061 14987 14993 14840 11126
7141,2375 1320 6362 2371 6361 1319 1779 1778 9192 6363
7142,2996 11626 1001 4604 6807 5690 2998 4139 4316 1011
7143,9797 10428 9798 10429 15133 9100 13620 14010 13999 9796
7144,14896 4191 6872 466 85 10476 870 8463 478 5641
7145,4315 14534 10498 73 6560 7651 11098 6701 4398 11643
7146,14986 15246 14997 4956 8780 14483 645 258 12568 8027
7147,509 4350 3132 3222 250 10432 11587 1646 1212 4241
7148,2694 3707 984 11819 550 13784 3704 10639 8655 6066
7149,14979 3615 14907 8143 14163 4400 740 14906 14980 46
7150,6269 12291 12290 2664 13160 11426 12417 7868 12179 9350
7151,3055 3019 15263 13016 13424 3018 11059 108 11126 1367
7152,14383 14384 11403 693 12081 6228 692 14586 9287 9692
7153,1255 1252 1253 1254 44 1256 1251 5437 6342 10253
7154,15233 14163 101 15234 8999 14690 14547 14264 15270 14391
7155,15205 9056 4788 9260 5608 8588 14905 5517 15245 14210
7156,15069 11404 11126 3055 7844 58 15072 13937 10203 12862
7157,3771 13847 5023 2320 917 9491 12512 11932 3800 13213
7158,10592 3028 4076 3097 6463 9295 13263 9884 10472 9219
7159,7290 3095 12360 9428 7087 3715 7900 9427 7287 7837
7160,4553 7448 5630 7423 7450 730 9428 11151 7691 7087
7161,14920 9209 5919 11082 13913 9890 12428 13920 13808 13805
7162,14163 14547 14618 740 14866 14264 14619 14612 8999 14089
7163,14977 13026 12525 59 14978 13405 14656 13025 13884 9227
7164,58 11126 14163 14980 15285 14605 14604 8999 14824 14742
7165,9054 1498 14163 14555 14868 12513 78 8123 8122 3021
7166,7146 8301 3560 11931 6419 11324 3785 8311 13310 3775
7167,15081 14840 14166 8243 6155 15045 7121 12810 9043 9119
7168,111 11061 8802 2084 108 7116 7127 7119 3055 7114
7169,14547 8999 611 4727 14264 10503 15148 1696 11586 15020
7170,2739 5479 10159 6868 1489 11393 13015 1880 3043 5470
7171,14543 14566 15007 3841 15204 11884 9300 13920 6729 14475
7172,1367 15276 8999 7128 3055 11126 36 7121 101 7179
7173,8669 7337 11302 2254 2588 3180 7386 5610 928 8692
7174,15011 15022 14519 15247 12877 13957 2096 15021 6065 9115
7175,7129 79 14840 7130 15081 3061 3062 13891 14993 2142
7176,3612 13783 3611 11762 13317 13211 7657 3613 6950 14093
7177,15011 14519 15247 12877 13626 15112 15022 14578 7994 12785
7178,2375 4060 2380 2371 5846 1320 1778 6361 2379 9303
7179,8999 15276 7128 15148 15248 14690 1367 7121 15226 14163
7180,58 11126 14163 14980 15285 14605 14604 8999 14824 14742
7181,7697 6473 5739 2777 2448 1452 7696 6596 176 9144
7182,9821 9818 611 728 9819 9119 4426 1368 45 2739
7183,8735 3068 8734 3064 5929 14217 8733 8736 3065 8739
7184,15248 8999 6106 15148 14690 12206 7121 14163 11185 9054
7185,740 12084 866 5641 14089 14979 12847 14348 12085 1351
7186,3055 11126 9957 13626 14875 8369 8999 1367 15247 53
7187,13388 11126 3063 14984 3055 15285 58 1367 14840 11424
7188,1001 10193 1013 1002 7080 11691 2996 11768 9195 7062
7189,3552 9680 12063 3161 3153 9122 3868 2079 9033 11200
7190,13626 3055 15247 7994 14519 15011 11126 10536 9957 14875
7191,1738 3989 11930 3990 9439 10934 3991 14121 8832 601
7192,10509 3222 1602 10641 4229 2784 10710 3337 5061 6260
7193,1352 7940 1753 4962 774 1231 4393 8173 1580 10978
7194,6657 14302 6658 6663 14301 14097 2282 10647 10392 14096
7195,15045 4426 11378 14558 12810 14550 11314 14382 14296 3055
7196,11549 15068 15249 15190 14597 2325 13173 13174 15067 10891
7197,13132 14616 10484 13262 242 14329 12362 13365 8408 14854
7198,7129 79 13891 7130 13890 15276 14840 2142 2023 15255
7199,15168 15051 5376 15059 15119 8130 13047 7345 8023 11147
7200,13355 5516 14114 8726 14785 5515 13895 5513 2082 15230
7201,8581 14862 14654 14334 8586 14891 8588 14430 714 8009
7202,14447 7844 7843 11367 7842 14165 7849 4727 6584 7848
7203,9054 12015 7124 14555 8999 9052 14824 14166 13587 14951
7204,46 1883 12977 11205 9026 11947 12205 10860 14400 12975
7205,71 2575 7911 12669 14127 8085 2497 10279 10124 1621
7206,9610 10553 2160 1130 13797 2658 7178 4153 13607 13258
7207,11166 12277 13427 9354 9111 6792 5565 6099 13969 6140
7208,15252 14821 14592 14822 10115 11731 1605 10833 10834 9106
7209,6361 6362 4060 1779 1320 1319 5845 1778 6363 2375
7210,12290 15253 12292 12674 12293 12289 12675 13381 12291 12673
7211,11769 12479 561 7209 4273 11744 10447 12463 6772 1625
7212,10639 13784 8655 12641 3802 6311 9552 11819 15240 8297
7213,14914 15254 14905 14689 15064 611 1618 9056 2960 235
7214,15255 2154 8413 13891 1367 10933 12295 4324 12359 11307
7215,14165 9054 14486 7632 11367 14555 14930 14166 14824 91
7216,14295 3498 11229 1118 12513 14962 14963 4470 6434 698
7217,740 14979 8572 14980 14089 14907 14348 1351 14013 3615
7218,6324 1011 3075 7221 2870 12237 3079 7546 2616 7076
7219,15132 12383 9544 14142 13024 11167 12597 5358 13023 11993
7220,6468 3149 7965 13514 6261 7182 7966 1957 240 8142
7221,14955 14393 15108 3615 1204 9618 4940 10865 12020 14954
7222,9781 15074 10381 1988 1589 14341 15075 11424 12273 12272
7223,13764 12626 12024 11575 14976 14593 12134 1754 15018 11315
7224,9054 7124 14555 3921 15288 14852 5777 13587 8999 14306
7225,12578 14793 399 6477 6617 6181 14337 6185 908 6612
7226,11379 3160 7005 12016 11441 3975 3174 11378 1960 6727
7227,7520 855 6443 570 7517 2775 9241 7521 10230 1441
7228,8100 14373 8099 8102 4053 13781 12649 8759 5560 8094
7229,6364 2876 4416 1826 3843 3844 7554 9192 13223 4414
7230,10975 13051 13976 10977 13975 12310 13461 8903 5575 9577
7231,15050 4117 4118 4116 12763 4581 3040 15053 12946 15054
7232,2614 13701 6989 13352 13960 4516 6353 1534 13333 7686
7233,3465 4516 6353 5430 1339 2614 2742 2820 13701 13352
7234,2614 1532 4516 6353 2742 3465 2820 11112 13352 2741
7235,2614 1532 4516 1534 7686 14084 3465 2742 2820 13701
7236,3465 5998 4516 13339 2614 14016 2742 2820 13578 14562
7237,14014 14325 13323 2741 13671 14799 15095 14183 8731 13328
7238,4515 13628 13323 2820 13271 1532 2742 13629 13650 2741
7239,2614 1532 7686 8904 13960 3465 2742 11112 2820 13352
7240,4516 13561 6352 2741 3465 2614 1534 10208 1532 2742
7241,6992 1532 2742 13455 11112 4515 2743 8810 1533 8904
7242,8828 15096 14044 3465 13727 12426 1532 2824 14804 11121
7243,1532 15257 14138 2614 6417 11112 5818 2742 3465 13343
7244,4515 4330 5194 6995 12786 2820 1532 2742 10206 405
7245,3213 2131 2548 3018 6002 611 2029 618 7494 1618
7246,5991 14753 2302 11861 11860 11859 5992 9782 7776 8477
7247,14811 14812 406 12825 15032 12502 11123 6325 361 14408
7248,12826 12502 15164 13422 15202 12475 11054 14812 14811 2596
7249,6868 1880 2739 11393 10730 14717 15147 6897 12574 23
7250,14122 13932 13421 11755 405 1323 2820 12426 14123 13700
7251,3465 1323 14044 11121 14123 13421 8727 2820 2614 2742
7252,2820 13731 3464 1166 12742 2742 12426 3465 11052 405
7253,1166 1532 13244 1165 1535 11121 2742 8727 2820 405
7254,2820 1166 3465 11121 13931 2742 14150 3464 2614 11122
7255,404 1166 1167 13259 2820 405 3465 12426 9791 1532
7256,1166 3464 3463 2820 13731 2742 11052 405 1535 3465
7257,13624 2820 1166 405 1535 13347 14457 8730 14122 12747
7258,2614 1532 14405 2364 11112 1529 408 11121 13334 13578
7259,2820 2614 12426 14599 2742 13421 3465 1166 405 13453
7260,6417 2742 11122 1532 3465 11121 6351 15257 2820 2614
7261,359 15258 361 15094 14333 15259 360 12098 362 6325
7262,3465 15257 6417 2614 2742 2820 8709 1532 10523 1166
7263,14333 359 15258 15094 361 15259 12098 362 360 5558
7264,359 15258 15094 15259 361 14333 12098 362 360 5558
7265,15094 359 15259 12098 362 15258 14333 361 3465 13959
7266,3465 4516 13701 5430 2614 2742 2820 6417 8729 1532
7267,4005 10142 6861 11904 13401 2101 1830 10572 12191 10571
7268,15260 7719 9143 6766 14674 9144 14886 14492 6491 15046
7269,13902 9587 7460 7732 3598 2516 9780 9781 3226 1213
7270,11407 11710 8605 11408 6483 10764 2437 6849 11409 11709
7271,12268 2662 3716 3830 8214 7916 8637 4059 8216 13944
7272,4594 6795 9558 4641 6797 9559 2787 11210 5564 9350
7273,13257 8592 1954 14041 7556 5324 1955 1911 12963 1956
7274,14797 13462 12617 1883 8899 14066 14041 9772 13063 3834
7275,6819 6818 8487 11425 1742 8712 7017 2801 12266 14034
7276,2086 11039 8585 11003 14744 11042 5409 11004 2093 2611
7277,4719 10874 10873 11096 7759 14664 14658 13063 14020 3274
7278,6099 8393 12992 4655 13222 7903 2012 945 8214 8215
7279,11714 13721 1635 11715 2662 2663 1996 13811 1634 4056
7280,12290 12289 13381 10037 12293 12292 12675 14631 14777 12291
7281,14888 9409 9410 2112 460 10587 13685 13395 2009 3483
7282,6099 6792 11166 6794 2095 5563 15253 4655 8638 4648
7283,5563 9560 6792 4644 4642 4594 5566 11371 5564 4656
7284,14787 13118 5785 13099 615 3906 3536 1958 5377 8389
7285,13821 8105 8090 5228 13914 9077 13820 9076 13915 3561
7286,11232 11274 6622 10716 12566 2982 6228 2979 6528 2654
7287,12253 12091 10527 8543 14783 14071 12999 14076 12311 8386
7288,7825 8058 5368 5109 13371 5405 5371 13729 14444 13728
7289,13 9759 13307 12 8096 8095 15 11631 14 11
7290,12290 13381 12289 12292 12293 12675 12996 12291 15253 12674
7291,7824 14043 6789 6790 14659 1955 3894 13342 14045 14809
7292,5788 4450 9657 15188 9658 4448 6884 14858 13968 8122
7293,13355 8629 14785 8726 13451 14114 8628 1634 2610 14392
7294,12993 8663 8903 8664 5222 13975 3318 8634 11366 13461
7295,12290 12289 13381 12291 12292 12293 12674 12675 12673 10037
7296,13381 12292 8899 12618 9772 12978 2793 12290 9669 12289
7297,14771 11942 10012 9074 1882 14045 13002 8698 5328 11427
7298,13907 14769 10242 4738 5578 4654 7916 5258 1958 5579
7299,12290 12293 12292 12675 12291 12673 12674 12289 13381 15253
7300,1911 8103 1890 12268 14041 3011 8899 8592 3010 2665
7301,10322 6094 3113 2833 5349 7916 14399 903 905 8646
7302,14752 13642 12439 13643 7940 13741 12522 14352 13726 14754
7303,4964 4753 6544 4962 5896 4073 9228 1855 7012 4751
7304,7264 6537 11219 6171 11218 12748 13879 3665 10560 2650
7305,15261 11785 14968 15101 13938 9691 13177 9403 13533 11114
7306,12577 12333 906 9961 13673 13078 13647 14311 900 14956
7307,5601 10756 1265 9998 13213 12959 13216 9996 13215 7254
7308,8735 5929 14217 15129 8736 8734 10562 8733 14407 8739
7309,3094 9439 5778 8399 3028 10098 5780 601 13572 1738
7310,14008 15262 13694 12162 5352 85 10276 8339 15232 9405
7311,10054 3237 7564 4901 9499 14252 4884 3236 4913 4900
7312,4964 5896 4073 9228 7012 5895 4710 7583 4754 5897
7313,14359 14029 14122 13320 1532 1323 405 15097 15091 13321
7314,7574 11912 11227 4948 6782 5157 9957 908 6186 7940
7315,6990 11108 10563 6995 11111 12070 10179 4329 4791 9784
7316,7124 9204 7631 5595 11045 5233 9207 15289 3921 4349
7317,7215 6356 9308 7147 15017 5845 2998 2869 1771 7013
7318,13113 7408 5112 8529 6104 5898 3980 2859 13180 4292
7319,13130 1507 10809 5685 9441 642 6597 9601 2909 4696
7320,7628 12354 904 8148 7625 13833 7629 13835 6622 1224
7321,13282 3486 9406 14545 9422 9412 13557 7014 7015 15106
7322,11729 13733 9997 12026 1590 13142 11728 11730 13643 8978
7323,15129 14217 14471 8735 5929 10562 14714 14483 14407 14216
7324,13968 13566 10009 8122 14153 14006 14181 10008 13207 4450
7325,3067 2493 2206 5305 6908 11223 68 9930 12900 3065
7326,2614 1532 11112 2742 3465 2820 5998 13855 2741 15153
7327,14678 1317 8541 7784 2881 1318 10199 13982 4401 3083
7328,15153 2614 1532 13855 4514 3465 13351 2742 11112 2820
7329,1011 12332 8541 1709 9967 11598 1711 14736 9235 11799
7330,13726 8144 5964 9806 12215 5707 13970 13548 13972 12216
7331,14464 8477 5689 2887 14226 8541 4605 4693 14571 13277
7332,6744 14411 13023 7662 15141 13551 354 5288 6743 15143
7333,1709 3075 8848 11569 8850 9540 13713 7221 8849 8847
7334,1532 13855 13351 8869 360 15097 15153 2614 13320 2742
7335,8808 13351 4514 1534 1532 1529 11822 2814 5193 13855
7336,2888 14347 1013 10193 11691 14265 7080 1011 9195 6364
7337,12309 5201 5798 5198 13122 811 5199 5202 5200 7714
7338,8335 6162 5383 1864 5385 14489 10441 13079 12576 9810
7339,4037 10071 2880 8645 3443 4035 14745 13981 11420 10073
7340,13878 14678 14236 5673 7449 2887 2380 12756 11120 7064
7341,9784 14359 12744 1532 13711 3465 2820 13482 2365 404
7342,10639 4315 9553 15240 2779 6311 72 8297 13784 3802
7343,12659 13647 903 13673 12333 9961 13924 12660 14956 11554
7344,14765 11651 5411 1102 8494 3006 4289 1306 11653 3800
7345,11537 12607 4611 1011 9547 4612 13983 1318 4616 3085
7346,9127 1947 14394 9659 9128 7259 8885 9126 8041 8035
7347,13282 14545 3486 9406 9412 11725 7014 9422 13556 7015
7348,3465 9784 13235 6990 8906 10041 4514 12500 9795 15102
7349,11120 14464 13483 5673 14226 2887 12585 8302 8477 4061
7350,4605 4133 6553 8164 15238 1357 1721 7016 13665 7015
7351,1011 11768 7784 2893 3083 7057 9851 4687 14678 12642
7352,14571 8477 2377 14464 2887 5689 7015 2875 8164 4608
7353,1527 11267 7241 10657 14740 10963 529 1526 1531 13324
7354,14803 1532 12070 4329 6990 11899 14408 4514 15224 11111
7355,12070 6990 11111 14803 4791 6995 11822 9784 11108 6941
7356,14347 10626 13483 7215 13209 3079 5845 3443 2616 7222
7357,7014 14571 7015 7013 9412 9307 7016 3486 14445 4062
7358,3259 14754 4296 3261 14723 1311 14527 3263 14644 13739
7359,3789 2981 4580 11794 13853 13705 9515 9514 9516 9513
7360,13906 2928 7627 13630 1985 10093 8259 8514 6143 7847
7361,4034 14038 14445 14409 11776 7013 12866 13557 12632 12760
7362,9828 2852 6611 4124 9829 2866 2855 6607 2845 2843
7363,8581 8009 14891 8588 7966 14862 14430 5224 10897 12966
7364,15263 4426 13016 15045 15118 14163 8999 7124 3055 9055
7365,2156 14502 14503 12254 5260 12164 13057 184 6614 14166
7366,10101 14863 2475 6065 11533 5207 11111 3289 873 10025
7367,2614 1532 3465 10208 4516 2742 15095 2820 13578 6417
7368,14887 12134 12574 5678 14696 14697 14688 12850 13899 14606
7369,14782 1743 13740 8487 12314 8825 13301 6824 14454 14453
7370,2614 1529 11112 13578 1532 2742 3465 2820 5998 2741
7371,5121 5325 9200 12853 11873 2318 12190 127 12420 13494
7372,3055 1452 7697 45 12921 4988 12922 9957 11126 13626
7373,11477 3736 12320 9817 3737 13936 6698 6216 12847 323
7374,12748 6537 2650 11219 11218 12536 15120 10353 14153 13828
7375,592 4341 3731 635 2331 9975 5590 1066 587 896
7376,13423 13233 13202 13717 14879 12426 12786 2742 13910 2820
7377,2249 1093 6378 8146 9800 2247 3618 3935 3161 3153
7378,11949 5722 8067 8621 3943 3662 10293 15227 2490 415
7379,133 4182 8390 14001 11734 5053 167 6824 10982 6821
7380,8999 7545 15148 15248 14690 13040 14163 7121 11185 15134
7381,9097 13436 9487 9099 3865 2570 8895 3408 9931 8240
7382,15264 3403 5365 3400 13753 49 4698 5744 13723 5748
7383,7632 8272 12876 14923 14476 12065 14493 14165 11398 8282
7384,618 10914 3471 8473 14557 612 12497 14552 6079 611
7385,8562 4840 2133 11231 11284 7501 3754 1511 3755 2580
7386,14538 14264 14973 12850 14938 14547 14579 315 14415 7229
7387,14939 1619 8748 234 235 14391 1618 1617 5523 10321
7388,14144 11042 8585 11004 4576 15107 11003 2611 11039 5409
7389,11725 14545 15145 2853 9406 13282 3486 15144 14847 10048
7390,12536 14181 8454 14342 10351 14268 2650 14153 14132 11630
7391,14341 10381 14952 11424 2148 10380 2319 15074 1589 11235
7392,742 7727 11482 1334 837 5281 2234 5191 1919 2580
7393,13282 3486 14545 8999 4399 9406 9422 9412 7014 7015
7394,11441 10712 12517 11204 1496 9925 6344 5306 2027 5269
7395,478 5542 3036 14548 476 149 466 794 4177 464
7396,116 11479 112 13190 12140 12139 11719 6206 12141 6207
7397,8498 4909 7561 7716 3871 3236 11094 3869 8180 9184
7398,9783 12507 5606 12508 11065 9787 9785 13047 9788 12506
7399,4177 478 775 464 2775 4257 10962 1441 855 8945
7400,5689 8541 14464 8477 11799 4693 13277 4605 2887 1861
7401,15265 344 11289 13656 13657 2591 12044 7581 14663 12916
7402,14163 14543 13388 14585 14566 5216 3063 8999 14903 15233
7403,7385 7386 6817 4712 7384 2810 7389 7391 205 7388
7404,14337 13319 2614 1532 8803 13006 11899 6969 2742 6477
7405,3055 1617 1618 234 235 1619 1622 12005 1621 1620
7406,13130 1497 1507 8778 11486 1647 1901 4284 2552 2291
7407,5517 3055 15205 15029 11838 1287 10541 14825 11126 8999
7408,14093 14090 7530 13848 1669 2866 2855 9824 12162 9996
7409,1532 11112 13855 15153 2614 2742 13351 9784 15097 2820
7410,9054 7124 8999 14555 14166 14824 13587 15076 14951 14551
7411,3844 2876 8191 5450 1826 3843 14105 4416 3846 4609
7412,1893 3088 11709 3086 2906 6613 10869 1891 2865 3087
7413,13434 1573 34 33 3404 7377 5078 7152 3214 13454
7414,775 2324 7300 821 843 794 873 476 10126 478
7415,15267 6748 12704 12701 12702 12705 12700 12699 12703 12707
7416,2869 4693 1827 4135 9751 4607 7553 11536 7057 2875
7417,6668 6659 14097 14096 10394 109 14098 14939 14934 13010
7418,2614 1532 8808 2742 3465 2820 11112 12535 13711 15153
7419,15268 7703 13337 13390 12797 3587 2276 12122 9507 2768
7420,14464 8477 2887 14226 5689 11120 12756 7450 14571 5673
7421,6614 12651 7881 14730 14731 14028 4336 12254 9555 9055
7422,8243 14344 7926 9187 668 5980 6686 10078 2344 8940
7423,15204 15007 7313 3226 3114 4918 15039 14926 10612 10488
7424,15084 7313 14272 1918 2493 7726 13412 2511 9920 12514
7425,9783 14344 8176 15159 2134 949 8950 3873 779 499
7426,49 3599 12666 9773 2738 3595 3403 5748 3596 11916
7427,11078 11077 11491 11487 11489 11492 10449 11488 11490 1267
7428,152 11562 8600 151 11561 11556 5754 158 9337 156
7429,7469 9623 13655 1549 13068 3489 13107 9621 12547 1862
7430,7002 5246 7171 13137 14143 14911 2864 7169 6477 13266
7431,794 11759 6411 3596 1219 3964 6861 7429 476 3595
7432,12518 14178 13254 8264 12926 6479 5923 3665 11219 12521
7433,8239 13847 7350 72 7352 7545 7351 7349 7547 9879
7434,7146 13310 715 3560 6522 6523 938 11478 15269 13309
7435,14981 13125 12422 15242 363 11627 10278 11583 372 7675
7436,15269 6522 12434 12436 12435 6523 8846 14870 7130 7129
7437,323 13756 237 873 7823 13272 466 1206 879 236
7438,9262 8466 4 11459 12178 6596 6374 794 11817 8464
7439,13129 5779 9165 13415 11445 11446 1880 9404 269 5780
7440,7290 2116 10531 2508 3715 10618 11065 9428 2943 5852
7441,11822 11897 8808 408 12501 1323 10733 1534 10041 11111
7442,14736 2869 15027 1724 12332 2372 12934 7215 1770 1826
7443,1295 4341 1369 3298 8484 5835 164 2471 5836 8523
7444,1001 13209 5845 10999 11000 10630 10997 6804 10998 10993
7445,12420 5298 9159 5301 9349 87 5096 5097 5302 2123
7446,11855 2526 478 1090 549 2570 3288 14548 476 4177
7447,7264 13177 13770 13406 13879 10560 14533 14752 13078 12577
7448,6990 4791 9788 12070 11111 6995 9785 14803 9787 11822
7449,2871 7818 9644 2873 2875 2874 9645 2872 7554 4689
7450,6622 4962 6544 13892 1352 4753 14889 14885 13191 6543
7451,715 10633 10625 2581 2706 12303 14740 4744 8373 10507
7452,12764 1880 10965 8480 10612 3403 7726 9773 12130 12446
7453,8248 2477 6674 6197 12694 2471 4427 14406 1295 10648
7454,10369 10227 3016 8671 4943 11174 14707 10920 14705 14704
7455,637 8701 11361 688 15026 8700 4661 6799 5498 643
7456,15270 14407 14578 101 13587 15013 13940 14826 14690 14825
7457,15079 14296 9054 14612 14555 13587 7124 14559 14823 14865
7458,1371 3237 4635 4906 5828 5834 10274 8180 2539 7566
7459,4313 4486 8113 12281 11140 2405 10295 4121 7387 4314
7460,15060 13414 15028 15063 14826 14570 15134 14578 14510 101
7461,14776 6679 13528 14622 5824 6672 15217 1542 13816 13916
7462,14826 14320 3055 14578 13587 53 14825 13940 15270 14827
7463,14997 1480 5682 8873 14986 5037 7469 1549 8780 14718
7464,4424 11147 2760 13017 2951 13513 5929 12020 4432 4433
7465,15271 14183 15224 15031 13440 6572 8808 6573 11110 11535
7466,149 11140 12765 12573 11446 14548 7821 12945 873 169
7467,5427 5425 4482 5424 874 5426 7133 1484 3529 1611
7468,12841 794 6419 2018 287 478 5507 1545 7463 1551
7469,8144 12588 1762 9806 13696 6781 10052 5707 12587 12351
7470,10866 1133 8525 8486 13050 9287 15169 5554 1549 12559
7471,6809 3442 7404 1317 7554 4132 6811 9756 4687 2875
7472,10715 14690 14702 52 14875 14100 1351 9935 14307 8474
7473,12922 10497 1548 9606 12788 5217 5215 3377 12921 10496
7474,6969 14337 13319 8803 7798 13006 6468 13420 11899 8142
7475,13194 12322 1839 13193 10278 12231 10747 8263 3404 10857
7476,14685 12575 10821 13928 13559 14259 9267 941 1808 4073
7477,14144 1880 23 8817 1291 2509 10654 6868 14953 15105
7478,9054 7124 8999 14555 14166 14824 13587 15076 14951 14551
7479,1758 3468 469 5558 11975 4291 10623 9044 1515 10267
7480,4295 9518 7089 8194 918 9519 3153 11623 145 4776
7481,611 6135 3560 11017 2067 4495 8339 6032 11172 8665
7482,1285 8693 3502 1766 5275 2340 471 3641 12279 14586
7483,740 10124 9511 14687 4871 15146 14893 14089 14452 14979
7484,529 7236 11410 12329 10731 14444 12654 14154 6940 538
7485,9221 14419 5621 7398 10960 1572 9284 8351 3924 11192
7486,12813 5215 4635 12018 5306 9719 5217 187 9802 122
7487,2739 6800 6868 10321 11393 13015 1880 3906 2742 611
7488,15255 2154 8413 13891 1367 10933 12295 4324 12359 11307
7489,1919 4370 9069 1640 2556 5187 1918 1960 10016 547
7490,1846 4300 6238 15162 15161 10714 4306 1799 568 274
7491,11227 1846 10190 13391 9957 11912 8430 2813 1857 6171
7492,3952 4468 9014 467 3950 6038 6641 3951 11973 13358
7493,2625 10144 2192 10143 2626 5568 4865 46 10142 8503
7494,15272 4104 11757 1904 4522 15160 4540 13771 9277 4517
7495,13346 13347 11051 13005 2820 13345 1166 405 14599 12426
7496,14320 9052 14869 10078 10215 14929 8999 14306 14166 12015
7497,75 3063 8999 14199 8587 13388 11399 726 8411 4703
7498,14510 14578 13414 53 14824 8376 14607 14826 15060 14825
7499,10409 10408 3998 2715 11010 11011 11012 11009 11016 505
7500,7913 5322 6580 12848 15092 12829 5592 5323 3811 5324
7501,10780 1160 13973 379 14617 1161 10430 3369 665 3228
7502,3980 8106 5366 9528 12610 14299 626 7408 13113 3982
7503,760 3937 7361 323 3916 12789 12791 12790 7875 1652
7504,13013 7153 14870 1485 14597 12436 363 12434 11316 5748
7505,3055 11126 9957 13626 14875 8369 1367 8999 15247 53
7506,6836 14452 11027 9260 12886 5595 13884 10124 360 8190
7507,15274 15273 10715 1351 740 52 14307 14875 8474 113
7508,11366 14486 13885 5266 14481 14491 14485 5267 14499 14479
7509,14491 5267 14479 14486 11366 13885 5266 12850 14496 14506
7510,11366 3066 7849 13885 3065 3064 12850 14477 5267 14486
7511,11366 692 13885 14477 14486 12850 5267 14479 14491 5266
7512,11366 13885 12850 14477 5267 14486 692 5266 14479 14481
7513,11366 13885 12850 14477 5267 14486 692 5266 14479 14481
7514,11366 14404 13885 12850 14477 5267 14843 14486 14449 692
7515,11366 13885 12850 14477 5267 14486 692 5266 14479 14481
7516,11366 14404 13885 12850 14477 5267 14843 14486 14449 692
7517,11366 14404 13885 12850 14477 5267 14843 14486 14449 692
7518,11366 13885 12850 14477 5267 7232 14486 692 4027 5266
7519,11366 13885 12850 14477 5267 14486 692 5266 14479 14481
7520,11366 5267 13885 14479 12850 14506 14491 5266 14477 14486
7521,11366 692 14486 13885 14491 14479 5266 14481 14485 14499
7522,11366 13885 12850 14477 5267 14486 692 5266 14479 14481
7523,11366 13885 12850 14477 5267 14486 692 5266 14479 14481
7524,11366 5266 13885 5267 14486 14485 12850 14479 14477 14481
7525,11366 13885 12850 14477 5267 14486 692 5266 14479 14481
7526,11366 692 13885 14477 14486 12850 5267 14479 14491 5266
7527,11366 13885 12850 14477 5267 14486 692 5266 14479 14481
7528,11366 13885 12850 14477 5267 14486 692 5266 14479 14481
7529,11366 5267 13885 14479 12850 14506 14491 5266 14477 14486
7530,11366 13885 12850 14477 5267 14486 692 5266 14479 14481
7531,3055 8370 8369 15061 3056 3058 3053 15062 3052 3054
7532,7124 13912 9054 8999 14555 13587 3921 4426 14559 53
7533,8139 3308 14675 14419 9802 15012 6178 7126 9819 2304
7534,14578 15029 14825 53 14827 15028 14826 15013 12877 13587
7535,15029 14668 14163 14825 5517 771 14578 15205 768 11838
7536,14577 14576 15277 13513 10741 14579 8780 1670 14036 10330
7537,14163 14668 8999 15029 15233 14391 58 14866 4426 768
7538,11126 14984 3055 13388 58 15285 11424 12206 1367 12877
7539,7002 15121 15123 15124 15122 14143 14911 15119 15059 12083
7540,7580 1332 7577 7578 3093 7579 5488 6306 794 4541
7541,14163 14391 14939 8999 14579 315 15233 58 14866 4426
7542,9054 15076 7124 14555 8999 14296 14824 14166 13587 14792
7543,739 14852 15147 15230 14555 14306 9054 3790 6676 7491
7544,14555 12427 15288 14852 9054 5777 14850 3921 7124 14049
7545,8999 15148 15248 14690 14163 7121 11185 9054 15134 14166
7546,14166 9052 14929 8999 9054 14930 14427 91 3021 14555
7547,13884 6836 9227 14865 9260 59 7516 13913 9443 14977
7548,1622 1621 1617 2739 1620 1618 234 12014 235 1619
7549,14166 3906 1374 8999 10321 9054 14929 91 14951 15184
7550,46 12545 9200 127 12205 13494 14400 14141 15028 4018
7551,7632 8690 8391 12876 14165 11398 13637 7631 4519 7633
7552,15278 15279 12878 12879 7524 5179 8884 6089 6589 3252
7553,692 12386 11366 10321 14136 8250 3906 12387 11405 12388
7554,8123 8459 8121 15188 1697 8127 8122 4450 14213 14153
7555,14157 7581 14159 14158 1131 14160 11746 14952 5513 11384
7556,692 11366 14136 8250 11405 15196 14491 14208 693 13838
7557,13388 11126 10715 1367 10891 12931 547 3063 14690 14984
7558,3055 798 12055 11126 713 9957 12463 13626 10053 14875
7559,15067 15066 101 11125 9777 10053 14639 14240 33 10014
7560,12850 13885 11366 14480 14130 5267 5268 14538 14938 14506
7561,10715 14690 14702 52 14875 14100 1351 9935 14307 8474
7562,857 14143 7141 14911 7002 14667 10011 12837 4591 1901
7563,14209 11120 14596 14458 14595 5673 14213 13680 15188 14148
7564,14654 14862 14334 692 8434 8581 8586 14742 14540 5945
7565,692 14654 11366 8434 14136 14540 8250 11405 15196 14862
7566,2016 12512 11836 15019 3800 8580 6966 917 4570 9060
7567,4687 4132 4688 4138 7784 7057 11347 2875 5447 4135
7568,12976 3321 1033 2253 10860 12975 1978 3283 10672 12974
7569,10514 10513 10512 10511 2810 10644 10510 1990 10515 2118
7570,13382 14370 12184 4566 12645 14369 9034 5330 14468 4564
7571,3916 139 11938 11939 11936 11937 12654 760 611 10881
7572,9204 1834 10711 5398 7671 9315 14121 9207 1833 1811
7573,1686 8619 2717 12865 10696 10517 2688 13945 13935 7146
7574,14355 13632 4454 3494 11090 6511 9182 14356 12361 14608
7575,12848 7913 5322 5592 6580 3983 12833 3811 1301 383
7576,13111 2375 7215 13112 9853 4599 2371 11347 5845 2379
7577,11623 1686 715 8837 11957 1869 7820 3223 3504 7270
7578,12054 15002 7128 9282 10014 4426 8474 7122 12514 91
7579,13053 4780 9107 3374 3730 4321 11047 11217 11405 593
7580,2527 2546 5149 6890 2496 2556 5305 2234 1373 7732
7581,11240 163 4999 12189 2521 860 2631 9387 466 1646
7582,1001 6742 2374 3415 7062 3674 11325 12806 2371 2370
7583,12625 12624 4652 9110 9111 11209 11858 9559 8586 11210
7584,46 5278 4797 3160 2538 7762 4235 11233 64 9923
7585,14954 6135 9553 9269 14955 3584 9549 8823 10566 15240
7586,6134 9891 2185 12295 2535 12294 8780 9414 12317 9890
7587,10552 12974 3023 5400 5587 4324 9425 6204 6834 3128
7588,12172 5628 5626 8646 13611 13613 13160 10918 5627 14031
7589,9441 9601 1507 3314 13130 11406 9179 6711 9596 12278
7590,3811 1995 9246 14893 10347 2309 14126 686 1101 466
7591,4713 1541 14377 4718 8274 4714 6412 4715 4719 10057
7592,5513 14159 1131 3395 7324 7581 14157 14160 14158 11746
7593,12877 14578 15028 53 15112 15029 13414 15270 15013 14519
7594,739 6676 7491 11255 4153 3648 14852 4346 15147 15230
7595,8057 13366 2979 10813 6780 6622 3017 14743 11041 14616
7596,5419 476 6579 3222 2448 2764 4602 167 3370 1389
7597,14391 796 5545 5508 12423 14939 14579 315 860 8948
7598,8797 12305 2578 6097 3713 1447 9743 93 4761 3033
7599,2441 15042 12944 15043 12761 12943 9880 7655 1540 977
7600,11970 5209 2495 3359 2488 5388 2480 4878 5394 5393
7601,2609 15280 2608 2607 13162 3834 7774 10778 11868 5298
7602,7695 5346 4282 6333 3157 7694 10499 5347 13987 5349
7603,4687 4132 4688 4138 1153 1317 3083 4689 4690 13270
7604,1090 1018 2563 3582 12110 14125 3459 9910 11855 10547
7605,4020 7681 7247 6437 4015 13923 6765 7680 1257 7670
7606,619 7439 1698 5219 1446 3253 7512 8872 10019 11834
7607,4590 9879 9880 4589 12761 12760 966 967 2442 12946
7608,1130 10223 10222 10978 5304 10182 9610 1004 1537 14368
7609,2574 87 9815 2506 181 2130 2026 2556 13042 1919
7610,12280 4902 2063 8515 1083 3848 1042 1101 2064 3849
7611,7571 13950 10257 231 14353 15162 15161 13692 4306 1799
7612,15245 8708 15116 3222 14120 15117 15136 15137 4127 15138
7613,14458 1859 10095 13737 14582 13992 14209 13276 1860 13685
7614,15281 14141 1044 14716 4591 14140 13919 1997 12545 1701
7615,1721 1723 1155 11638 11640 4407 8152 1136 1151 1156
7616,8995 625 6596 8704 176 5507 2508 5016 784 13517
7617,14383 11403 693 11405 692 14512 14384 14320 11402 14136
7618,2586 6032 457 466 2457 2589 6381 7918 1382 336
7619,2615 6799 4658 4661 4659 8701 8700 4647 8702 4645
7620,10715 14702 14703 14690 14100 1351 52 14307 14220 14875
7621,1709 2880 8150 14745 4037 8848 3038 1711 9967 14751
7622,8999 9610 1287 10541 15148 15248 14690 1130 5517 11185
7623,12140 12139 7559 1371 11719 12141 116 3234 7326 4903
7624,10890 7465 11874 13412 2516 1496 13724 7461 9925 10549
7625,405 1323 13333 2820 2742 2614 1535 1166 12426 14807
7626,12043 8857 10389 1963 2460 9884 757 3253 7622 7348
7627,2014 10246 9084 12376 12757 7817 9851 14751 12656 9083
7628,2742 2815 2743 6353 14879 14662 8835 11548 2820 1165
7629,8605 11407 6483 11408 11710 10764 11005 11409 2437 6849
7630,275 3398 7483 8558 593 7286 3826 334 10606 11063
7631,4437 8748 3149 9316 7182 14939 8673 1957 6468 131
7632,7402 7272 9689 11647 12981 8142 7401 13679 4365 15240
7633,1999 4664 476 6102 12462 8552 10642 4777 293 9566
7634,1302 6114 2520 9321 13752 2962 13780 14878 13905 14941
7635,2139 437 5386 3328 5392 466 10004 3756 6200 12086
7636,14779 4715 13067 12618 10978 9575 4584 13064 10872 8899
7637,15282 1650 1647 43 1642 1643 1645 889 1649 1640
7638,871 1646 8403 806 504 5853 879 857 1901 2764
7639,3055 11126 9957 13626 14875 8369 8999 1367 15247 53
7640,7238 7243 2550 10521 10520 7244 9991 10519 10462 7240
7641,4726 6434 2472 11212 5004 10564 2029 611 1397 1752
7642,163 7149 4007 6648 2158 6375 3905 12449 3812 3338
7643,10329 625 219 1477 4299 10473 3518 7417 6373 3026
7644,12977 13304 13529 10860 12975 12976 9101 11205 6139 14076
7645,6863 9946 5828 3494 14259 4867 991 13363 13362 993
7646,4881 7319 1078 13919 7307 7308 7312 7311 187 4558
7647,4902 6306 11298 6369 10066 12127 5817 3093 8560 1332
7648,11949 1885 14158 585 4762 8323 14157 13532 9658 14160
7649,1170 585 2653 6638 3190 1406 4241 11985 1178 9658
7650,1160 10430 11377 10780 1161 1055 665 3369 7769 12710
7651,5134 8317 6408 4707 10143 2861 778 8318 10144 8319
7652,3486 12627 13282 9421 9412 9406 14339 14338 13556 9422
7653,8376 7208 13593 2204 5351 12885 14510 7204 7203 13909
7654,1201 6516 3254 12972 2468 8914 2994 12973 6348 7083
7655,4307 728 8667 8644 6453 13909 3485 1865 1499 5455
7656,7956 9470 10240 6053 887 826 9658 9473 85 844
7657,11059 2154 7115 3019 11058 2536 13890 2503 3742 8722
7658,6245 7069 12895 12908 1011 11055 6537 11056 7221 3077
7659,13538 6228 12653 14890 4375 9214 15086 14384 13172 6923
7660,5577 170 7001 149 12714 1806 2448 794 2008 141
7661,6380 4324 3629 11155 9905 3343 8608 4321 12713 2764
7662,11347 2372 2369 2375 2379 1357 1354 2371 9853 4687
7663,8188 3362 6954 3705 3699 6651 5422 12021 6638 2767
7664,794 4220 1213 3226 13902 9587 7460 476 14584 323
7665,12813 5362 9802 8368 161 8499 166 3367 12018 10546
7666,14688 6581 10384 14887 14964 8250 6582 14575 14689 14572
7667,9223 3019 7115 6259 11059 13424 3018 108 10651 11405
7668,6318 10288 6043 6270 7917 3468 7741 1304 8704 7838
7669,7499 11298 12560 3824 5452 5413 10734 11926 11417 11415
7670,1354 7425 2869 3001 4134 1826 7215 1357 5845 4060
7671,2763 1095 1519 873 8516 169 3993 3994 11985 466
7672,4316 2996 9636 9642 1001 6807 4604 2998 11626 4139
7673,2675 73 5436 14364 7220 14534 3821 8189 11632 46
7674,1475 5345 12672 12671 2820 12535 11524 8892 11880 4516
7675,15097 13855 4711 8869 13320 14183 13321 13351 13319 1532
7676,2663 13462 4662 4056 1635 13463 11369 2662 4909 14041
7677,9390 328 6879 3637 1763 5037 7516 14856 1660 10268
7678,43 4138 11347 1719 11816 10275 1280 2377 1081 12077
7679,3055 13077 394 14666 558 12606 11045 14667 4878 15289
7680,7138 15243 7927 4639 5088 4637 12097 2721 4469 3509
7681,8999 3063 75 15148 15248 14690 14199 7121 14163 11185
7682,1915 11578 9662 9665 1914 4693 10192 5671 2622 10191
7683,11313 2203 14100 76 52 7121 8474 3019 10651 11314
7684,6038 12438 3699 6596 10310 4468 6026 3206 5547 10742
7685,15283 4191 7050 8047 6072 13161 7400 12191 9186 13884
7686,5299 5305 4969 9135 8747 7730 6325 15000 5020 10359
7687,1090 8307 2156 8500 2563 11739 7461 2509 2205 70
7688,1840 12131 11567 9226 6544 7949 13386 13639 10610 2724
7689,3316 11812 5212 8954 5822 3831 3329 5209 2540 5220
7690,1880 6897 10965 7726 2549 6868 12764 10612 8480 2509
7691,3052 3053 3051 3056 3058 3054 3057 3059 15001 8370
7692,3211 5075 1457 12246 839 10364 163 5089 6381 842
7693,1136 1145 1146 1722 1721 4596 2628 7215 1150 5841
7694,7324 10651 7325 8802 8999 100 14605 7121 14604 13891
7695,10715 3383 5812 3368 14690 14702 14875 52 9935 7752
7696,15073 14894 3953 3954 5261 7953 8102 8093 6766 11296
7697,14112 10413 12865 7698 9048 9800 1755 5777 10412 13258
7698,1826 6364 1777 9191 6705 5876 1008 4134 9192 3843
7699,1532 13201 2822 2614 2742 11112 2820 405 13202 12426
7700,1818 5494 6347 5866 697 2238 434 1548 2704 11738
7701,5415 14419 13012 1806 1483 1485 13015 1489 2986 13013
7702,9030 15185 10985 12819 5990 4864 15159 11813 9088 2111
7703,5835 121 7315 3835 119 2480 5388 8273 1295 164
7704,796 7835 5057 5508 860 5545 14391 775 778 3333
7705,2614 5998 11899 2742 15152 2820 3465 1532 13578 1529
7706,101 14898 2774 14690 15226 14264 15233 4349 7159 13952
7707,4828 1583 6962 593 4295 2704 6959 10321 2751 3363
7708,2026 2574 11874 6896 2571 2576 130 56 2532 87
7709,9495 13904 2645 13905 3804 1302 1040 2647 14315 2648
7710,1367 11954 15276 8999 7128 3055 11126 36 7179 7121
7711,3465 1529 2614 13578 2820 2742 5998 1166 1532 405
7712,2185 10140 1383 12857 56 7549 2234 5187 6134 8504
7713,7121 8999 11185 15069 1367 3055 10651 7974 823 3022
7714,1529 9366 3779 2614 13578 12426 5998 2820 4514 2742
7715,8648 3151 3027 3038 3029 8649 3031 8650 6949 4166
7716,10715 14690 14702 52 14875 14100 1351 9935 14307 8474
7717,3289 1870 11016 11813 2566 2540 3359 6275 7332 5392
7718,2742 3465 2815 2820 2614 1166 1165 13327 5998 405
7719,3985 3313 843 8451 1454 3986 775 11363 2460 7300
7720,2614 2742 1529 4515 2820 13578 2745 3465 5998 1532
7721,778 820 6682 3372 894 6767 7840 822 3256 5153
7722,12232 768 7681 5054 3205 10182 1642 6437 11148 4031
7723,4035 10071 13380 10073 8645 4037 11420 4039 14745 2880
7724,4905 4636 3348 3328 5392 4885 1082 4901 4867 4638
7725,1448 9577 4270 5575 13051 3411 6265 7149 12246 1652
7726,3617 15054 3912 15053 3616 12763 15052 7655 12943 12946
7727,6432 11028 11808 4598 10626 2372 9851 11805 9850 6431
7728,12793 13224 14126 13835 8382 9950 13833 9949 12857 9952
7729,15284 15290 5092 5104 5103 5102 5101 5100 5099 5098
7730,15084 9207 9204 7631 5595 12966 10637 7124 11045 5233
7731,2139 612 8500 618 14717 611 11092 12440 8871 12633
7732,771 9223 14849 13190 15029 8189 6206 6259 3019 9056
7733,13825 4797 475 9216 14878 12669 11861 11860 11859 7767
7734,11535 14183 12884 14179 406 15102 8362 11541 15271 8808
7735,12068 12647 10086 12646 7825 12310 5324 12648 12649 10975
7736,8999 15069 7121 11185 13780 15148 823 15248 14690 8401
7737,91 8999 14166 14555 14865 15184 12711 2083 7124 14165
7738,228 5613 3970 5618 5612 5615 5620 7438 3961 1297
7739,6572 7389 8071 10790 6570 9686 8069 6571 1905 10876
7740,626 4966 5709 5113 15100 10337 15171 14452 14436 14834
7741,11366 13885 14477 12850 5267 14486 692 7115 5266 11059
7742,3019 45 108 3055 7115 8999 13424 11059 3018 11405
7743,2139 3575 1072 2767 612 9286 9038 1207 11258 8500
7744,1354 11778 2380 3074 3666 11626 3687 1355 3416 1357
7745,13268 13577 12552 9017 10620 14580 9018 12028 12828 8497
7746,15030 5948 12506 1736 15048 14151 9878 12783 2416 9244
7747,3945 7552 227 13677 13676 476 1660 2457 462 10359
7748,625 12178 13517 9296 6596 7697 14585 2311 9144 12784
7749,11720 12108 8669 8302 10573 12585 5621 1660 2588 4061
7750,5281 742 2509 7549 2026 7727 10140 11739 56 7465
7751,3007 3008 961 3664 966 12762 3005 12945 9880 12761
7752,11045 11646 13412 13724 1033 2538 9901 10889 8801 6179
7753,9043 2536 549 9586 9585 2533 9709 2551 2543 2505
7754,6898 10019 5314 10539 97 10379 2574 1383 11645 2130
7755,740 14979 14089 1351 14348 14980 14907 14296 14547 9106
7756,1721 14345 1145 1136 1146 8152 4407 1011 4596 1723
7757,3811 1457 7513 4782 834 824 6031 5075 3211 769
7758,2739 4437 380 6868 11393 12014 15057 13015 870 476
7759,860 163 796 7512 1690 5508 466 3333 11240 14391
7760,3223 6682 3935 2255 466 251 7816 7840 8719 1686
7761,8999 7124 10715 4426 13912 1351 3921 14690 14089 15045
7762,5412 4863 12822 4384 4729 2560 11485 3044 5744 9613
7763,15166 15110 14164 13160 11197 15165 14658 14371 6280 10083
7764,9182 7138 3494 2131 3822 2483 2488 7178 3018 4637
7765,4712 7386 7090 13664 7385 7384 6814 4711 2810 3121
7766,11732 10666 3961 13714 337 13694 13695 3446 4723 11731
7767,15042 15043 1540 1536 1537 2441 8263 4088 12944 14608
7768,5281 6898 10379 742 2026 2509 10140 7549 11739 6906
7769,11166 9111 9354 11209 9110 13427 11210 6792 11858 9559
7770,994 12324 876 1673 14961 15092 12829 6271 3579 3801
7771,4656 4664 4657 11371 6167 5563 13634 1999 4646 4650
7772,5299 3857 8747 6325 10359 7730 14054 3714 5305 3428
7773,14163 8999 15233 14391 58 4426 14866 14865 14307 14668
7774,14306 14320 10215 12206 9054 739 1858 11126 6106 9055
7775,11126 3055 13388 14984 58 15285 11424 1367 12206 12877
7776,14163 8999 15233 14391 58 4426 14866 14865 14307 14668
7777,9054 14551 14555 7124 8999 14166 13587 14824 78 15076
7778,14852 14555 739 15288 9054 5777 3921 14850 14306 15147
7779,15147 1880 2206 7301 1490 3600 6868 577 712 14493
7780,14163 58 4426 12427 15045 15263 8999 15118 14049 15233
7781,14166 14929 3021 8999 14427 14930 9052 9054 13134 12513
7782,58 15285 11126 14701 14899 14984 3055 13388 15069 14980
7783,14560 14851 8999 13015 11718 14850 11045 3471 15289 3960
7784,15285 14701 14899 11478 11126 8367 58 10612 7146 13310
7785,2026 2146 2544 5281 392 2574 46 2527 2128 5191
7786,14345 3413 3414 11340 10750 673 1887 3415 7080 1145
7787,13964 13966 13965 13967 13963 13707 6751 9049 11299 14302
7788,15255 2154 13891 8413 13890 11059 15276 2023 8999 14612
7789,12877 15112 14578 14519 15011 15247 15028 11126 11184 7124
7790,15244 11959 14931 14930 14937 14427 2203 12513 14166 7124
7791,13414 15060 14826 14510 15028 15063 13587 14607 15226 14824
7792,15284 15290 5092 5104 5103 5102 5101 5100 5099 5098
7793,8999 15148 15248 14690 14163 7121 11185 9054 15134 14166
7794,4813 4884 7332 4823 3235 3234 7330 12336 7326 3239
7795,1419 10435 6911 11675 13585 8673 5461 8747 1404 2767
7796,3055 11126 14984 11424 13388 15285 15069 1367 9957 13626
7797,13587 14826 13414 15060 13940 14827 14825 14578 14510 14824
7798,14163 10715 14690 8999 14702 15233 14875 14307 14391 9935
7799,14108 12668 14210 10133 14359 8047 15283 14264 12191 9186
7800,15287 14080 1500 9989 14605 14604 12440 8189 11965 1498
7801,14391 14939 5037 14997 8873 10321 14163 14579 315 5545
7802,15288 14555 14852 9054 5777 7124 14850 3921 14449 91
7803,5222 8903 3318 12993 13461 8103 2484 13975 12649 13451
7804,1947 6943 8041 9128 9127 9659 2449 8885 1948 1360
7805,2009 12481 8997 9410 10353 11055 9409 13685 14546 13682
7806,7739 8077 4665 14257 4651 7658 8076 11963 11163 8084
7807,13195 5347 8467 8725 10187 5346 4067 5349 2215 10432
7808,15129 5929 8735 8736 14217 14471 8534 8733 13430 5935
7809,11368 11370 4660 4663 2804 4653 4650 11369 13022 4655
7810,4426 15263 13016 15045 15118 14163 8999 7124 3055 9055
7811,3403 10124 13753 15264 14452 11035 14127 12667 7798 3404
7812,7124 14559 13912 9054 8999 15079 14555 13587 14612 3921
7813,13193 10930 13194 12060 8263 1540 12231 14258 10931 12762
7814,856 12308 9801 9276 12463 12583 5736 328 6064 10061
7815,2820 3465 11122 8904 14324 2742 2614 1166 1532 405
7816,14826 13587 53 15060 14827 13414 15134 14825 14320 8873
7817,10265 1381 2497 9284 2585 5278 7220 14364 4811 4810
7818,14555 15288 14852 9054 7124 5777 14850 14449 3921 91
7819,7124 14578 53 12877 15112 14510 13912 14826 13587 8999
7820,58 14824 14827 14510 14163 11126 14980 14825 9054 14165
7821,13412 8872 8871 14668 13724 8873 28 10890 10528 2309
7822,2566 7332 3237 7564 7561 12325 3234 11016 4736 150
7823,53 14578 14826 3055 15163 7124 11883 8999 14510 15134
7824,10158 1316 12336 1489 7330 673 10159 9910 3717 1314
7825,14700 15289 11045 14560 11646 3055 15274 15273 14851 13077
7826,13640 9306 13798 9856 14959 9319 14493 279 9299 13807
7827,8370 13587 8369 15061 15062 3056 3058 3053 3052 3054
7828,1826 3843 2876 4416 3844 14105 4414 6364 3416 11801
7829,1826 6364 4414 3843 4416 1777 2876 4134 9192 2869
7830,1392 10364 494 1081 13755 5064 3211 5075 466 9053
7831,13310 3405 10123 13309 7302 13311 3403 14315 4966 10879
7832,15290 10143 9285 2911 14573 6909 14549 12063 1878 1898
7833,7760 975 7322 12575 7306 1130 8086 10460 5121 9610
7834,15276 1367 13891 7128 13890 8999 2023 15255 2154 101
7835,3055 4820 6791 11126 9957 13626 6317 4061 14875 9719
7836,3471 14550 15065 14552 15184 14619 611 14560 14557 3470
7837,88 2191 2209 4901 3377 4637 5642 9669 11671 119
